sin_time,cos_time,request
0.0,1.0,28
0.005733159863462418,0.9999835653039404,13
0.021818448818445187,0.9997619493115133,2
0.02389008975777748,0.9997145910765559,24
0.0246208686313345,0.9996968604671311,17
0.03584316863804951,0.9993574271810783,29
0.036097057399530647,0.9993482888598424,3
0.05789278775513166,0.9983228060732356,3
0.06033878967666796,0.9981779553067454,11
0.06475910252071793,0.9979009262650833,24
0.07164717098520175,0.997430039095383,13
0.07583734548702765,0.9971202018961812,5
0.07766550991271573,0.996979472491785,9
0.08321592171657151,0.99653154007932,3
0.10190123963710516,0.9947945201700807,13
0.11065619369902444,0.9938587458970435,13
0.11123244171150323,0.9937944173272947,1
0.11349710797023256,0.9935383266298252,29
0.14942706889043222,0.9887727499697866,9
0.16927588479613304,0.9855687062942321,1
0.17362602162595828,0.9848116594630377,8
0.18740290610214796,0.9822831316807132,10
0.18895472618535744,0.9819858000257522,26
0.1893718354738165,0.9819054475504644,15
0.19293972825781022,0.9812106100424121,10
0.19738566385894105,0.9803259150420156,3
0.2067862808746253,0.978386137494824,20
0.24801663736912186,0.9687557729315028,10
0.28069742022717475,0.9597963108273593,13
0.30662082990180023,0.9518317428360599,1
0.33560953686395223,0.942001188303902,1
0.3380668401804323,0.9411221023705787,7
0.3424927542265103,0.9395204698687194,22
0.34604541828841345,0.938217761759815,4
0.35098655260210276,0.9363804995259627,2
0.3597185108229517,0.9330608731327865,1
0.3776812854039304,0.9259356601058385,1
0.4248912630665526,0.9052443949396812,3
0.4406345074151882,0.8976865994738779,22
0.44069301796238236,0.8976578768769354,18
0.4536122275436026,0.8911991623778216,1
0.4689814728682233,0.883208003873579,2
0.47356511903083504,0.8807588080952191,14
0.49392150331884954,0.8695064971345802,1
0.49798567598858984,0.8671852550119767,5
0.5017401826686835,0.8650183750045984,18
0.5148372137030363,0.8572879582651877,25
0.5248892521629261,0.8511705310710916,2
0.5311672678720546,0.8472669789041333,19
0.543336355092149,0.8395151012549913,20
0.551277732548249,0.8343217973878312,10
0.5577898171449281,0.8299822407072501,1
0.5630912153822679,0.8263947502007261,1
0.5641719359651969,0.8256573300524146,5
0.5737039946897907,0.8190627121759216,19
0.5803347762763627,0.8143780126232928,4
0.6022397168983475,0.7983153032418947,19
0.60701022503031,0.7946940208084193,1
0.6093450937765494,0.792905137258202,2
0.6124097512937922,0.7905405090950594,21
0.6358544639264482,0.7718089794144722,24
0.6445051860114255,0.7645999380096612,3
0.6583263908710394,0.7527325973296968,11
0.6768249119719818,0.7361440338236256,1
0.6901313097365667,0.7236841682124123,5
0.7079585899797285,0.7062539450324611,3
0.7088584914197539,0.7053507206646284,22
0.7131405989030575,0.701021031208186,1
0.7280553602712576,0.6855183384711814,7
0.7333481933748561,0.6798532395111717,2
0.7351931412645171,0.6778576878944517,28
0.7382046321150653,0.6745768459737268,10
0.7410414892305723,0.6714592401917897,22
0.7497687678470513,0.6616999280346904,29
0.75297230416805,0.6580522085335309,4
0.7756648170355638,0.6311450638428422,5
0.7802480908405761,0.6254701565539607,1
0.7824623334755156,0.6226979176872611,10
0.7886143960570363,0.6148880665060885,4
0.7889566978945179,0.6144488008348444,4
0.80416887868604,0.5944008870727204,9
0.8051398642372459,0.5930849846489364,5
0.8306236004374815,0.5568342970725448,16
0.8322072329465818,0.554464716128442,3
0.8402843246101255,0.5421459709474057,6
0.8474274999886388,0.5309111340544721,14
0.8527858958031737,0.5222606781284407,1
0.8568210381974366,0.5156139141860573,5
0.8660745964823998,0.49991478606643397,1
0.8671083619239087,0.4981195525992085,16
0.8715377787477141,0.4903283595872266,6
0.8716197297575463,0.49018266666354277,3
0.8751124585246834,0.48391960585915933,2
0.8800624199911148,0.47485801764251884,7
0.8855370682539072,0.46456872553829404,2
0.8978772787934365,0.44024583158332525,2
0.8996648836391753,0.4365811461189194,24
0.9103958229790767,0.41373837808722735,15
0.9115842784389475,0.4111132487562806,11
0.9182021748824695,0.3961120624786663,7
0.9210411719165208,0.3894652226253867,1
0.9220681237896948,0.3870276154112934,25
0.9302528524823467,0.366919106137112,6
0.9336894687301607,0.35808375554106087,18
0.9351302706986934,0.3543040739576507,25
0.9424897748402308,0.3342349836890373,14
0.9471069865879362,0.3209179894557467,2
0.9473676989923346,0.3201475330312093,13
0.9539318833006976,0.30002326913488625,6
0.9539572808257822,0.29994250508969145,15
0.9542508810047083,0.2990071171422815,2
0.954264776322189,0.29896276803435357,16
0.9564180683987964,0.29200081924596605,3
0.959186818949364,0.282773135841791,3
0.9623257752940068,0.27189906620801185,19
0.9632872608905527,0.26847281613969076,23
0.9657853304299884,0.2593428146801798,1
0.9682381970493598,0.25002958579857126,3
0.969963582650567,0.2432501764268152,6
0.9721177487023202,0.2344932465081515,1
0.9726969844658421,0.2320788150845685,3
0.9796300771163579,0.20081063719085898,2
0.9833473740880792,0.18173591245012444,1
0.9840176951731952,0.17807070389604446,1
0.9853125579336481,0.1707605433882526,3
0.9856297931774329,0.16891983542796482,1
0.9868351327580678,0.16172946779844,1
0.986896779321978,0.16135286475271235,5
0.9931100939292011,0.11718507300818325,9
0.9950568255666218,0.09930716939515347,1
0.9972544321841486,0.07405131659242373,3
0.9977200887733452,0.0674879578747804,4
0.9993690134390298,0.0355186567581071,5
0.9994643298861382,0.03272695044229952,3
0.999518338026145,0.03103372277785768,3
0.999592732359274,0.028537158487149168,9
0.999633920088302,0.02705597547482336,6
0.9997341949949154,0.023055137342215058,8
0.9999077298654366,0.013584246587461733,2
0.9999154120868317,0.013006485736804744,6
0.999985117079782,0.005455787654835219,8
0.9999980856646771,0.0019566979790254053,10
0.9999999391074336,-0.000348977261810167,1
0.9998584089244327,-0.01682742116611776,9
0.999503280452756,-0.03151495461172977,7
0.999164743450024,-0.04086337536777511,7
0.9990521737129682,-0.04352877438422959,2
0.998861881385101,-0.047696351179272116,7
0.9980071157883623,-0.0631014804564392,10
0.9966668327809918,-0.08157955892444207,4
0.9966636522682817,-0.08161840630182399,1
0.9956121507727218,-0.0935758795508489,3
0.9955607334615489,-0.09412133652632985,2
0.9952670675126025,-0.09717748877628292,7
0.9951955388813141,-0.09790729998693101,3
0.9943508109110972,-0.10614360480237794,10
0.9940345044973837,-0.10906605277830815,6
0.9933884384397735,-0.11480161311666458,6
0.9926126437640754,-0.12132658175228003,10
0.9923544834242509,-0.12342033555207989,6
0.9907137235617048,-0.13596439955555203,5
0.9899378883882216,-0.14150256935288807,10
0.9891673743342567,-0.1467920486697845,5
0.9875556360603971,-0.15727004064774874,6
0.9868572474078258,-0.16159447155967124,4
0.9867958744572016,-0.1619688308108905,3
0.986175333150033,-0.16570519692037866,4
0.9849507211304834,-0.1728354041987364,2
0.9847754500489774,-0.17383127733763593,3
0.9838665556316701,-0.17890388679252803,1
0.9833692607963772,-0.1816174466310619,3
0.9827102993693968,-0.18514985150766547,7
0.9819481225261055,-0.1891504286737314,10
0.9815621073892278,-0.1911434784072377,7
0.976890068491952,-0.213742354440549,5
0.9760555314260206,-0.2175214922086283,10
0.9759653971709874,-0.21792554582902135,2
0.9721117874752367,-0.23451795805801345,6
0.9716709046696891,-0.23633800586953438,8
0.9696135700599698,-0.24464162514903318,1
0.9649194374063442,-0.2625461470207174,7
0.9592548541395544,-0.2825422531404857,5
0.9572284179787856,-0.2893332953772024,1
0.9554055984774925,-0.2952967023145779,10
0.9543447403830693,-0.29870740952171276,5
0.95347979270544,-0.30145693706131743,5
0.9532271156221229,-0.3022549685989096,4
0.953031582573275,-0.30287093392710845,10
0.9526494286457894,-0.304070824152616,5
0.9497468464396198,-0.3130190532188052,4
0.9484358884353871,-0.3169690292880015,5
0.9480450640144801,-0.3181360661694621,10
0.9469942861048192,-0.32125040402281807,4
0.9406453446164377,-0.339391124886057,10
0.9405450229415128,-0.3396690445418147,10
0.9383987697355057,-0.34555426340719525,8
0.9368650298735107,-0.3496911720362782,10
0.9344645555524863,-0.3560561675018343,8
0.9340649927030523,-0.3571030515224518,2
0.9274357152472463,-0.3739826120073346,4
0.9273731783538591,-0.3741376592510587,2
0.9253656829660902,-0.3790756557584533,1
0.9233507699517324,-0.3839574919565224,3
0.9218900119571994,-0.387451681959899,2
0.9177349114751804,-0.39719344438150395,1
0.9153276296330788,-0.40270998302784766,10
0.9071712247885981,-0.4207616533330417,2
0.9065840606278749,-0.42202528480586754,2
0.9064831902144351,-0.4222419044323529,1
0.9035453457657019,-0.42849248318393895,10
0.9007926992876317,-0.43424936719597207,2
0.89781007975008,-0.4403828569542133,3
0.8967193128638662,-0.44259967683783474,4
0.8958496809225934,-0.44435723150511186,2
0.8927248805298933,-0.45060213901277457,8
0.8900794234239805,-0.45580546288656354,5
0.8865014282927017,-0.4627258558098951,4
0.8770663637900631,-0.48036922622923783,8
0.8765255262019539,-0.48135538006382345,3
0.8726513394963502,-0.48834377202461154,4
0.8593271770685844,-0.5114262437061065,7
0.857986441163312,-0.5136723340612327,7
0.8554714490473826,-0.5178499781449947,5
0.8476406952910275,-0.5305706849106381,7
0.8468386367514543,-0.5318499067452568,7
0.842723624089288,-0.538346443660415,9
0.8385357038002101,-0.5448466513178606,1
0.8371173611323547,-0.5470233301156385,9
0.8350066252360707,-0.550239889331797,3
0.8338473730917206,-0.55199507098165,9
0.8323625154896466,-0.5542315786814641,9
0.8266607484786116,-0.5627006370396089,3
0.825490438077445,-0.5644161023949511,4
0.8162635696372076,-0.5776796559366824,5
0.8136301612123381,-0.5813828005415922,9
0.8133327138339899,-0.5817988454847923,5
0.8108303072146557,-0.5852813109114173,7
0.8064781087420776,-0.5912639513109198,7
0.8017121795986117,-0.5977102818952033,5
0.8014122018625381,-0.5981124331643997,7
0.7992677389811502,-0.6009751088222872,10
0.7816320692482452,-0.6237397761267967,7
0.7797636533262554,-0.626073993191932,2
0.777225534658182,-0.6292221136254694,9
0.7659744386496886,-0.6428710285393909,1
0.7613017769487922,-0.6483977208585882,2
0.7609543283174455,-0.6488054486631146,8
0.7606679355706379,-0.6491411955766664,2
0.7604216227091627,-0.6494297157632717,2
0.7531211709549402,-0.6578818297076304,5
0.752842926290595,-0.6582002190323349,8
0.7519714291108478,-0.6591956991675456,1
0.7504309968102386,-0.660948802121913,5
0.7434145191758381,-0.6688309597189394,7
0.7425222768846637,-0.6698213704638087,4
0.7282585619740296,-0.6853024638154444,3
0.7268199724565231,-0.6868280189671204,6
0.7217925310467687,-0.6921094870936964,10
0.7176946409698657,-0.6963579555969298,7
0.7097066256797019,-0.70449734241254,6
0.707784643082802,-0.706428268839909,7
0.7067976454938505,-0.7074157817891464,8
0.7050433722515811,-0.7091641863800783,9
0.7021773369970663,-0.7120020978955809,10
0.6975970322523634,-0.7164903213531185,11
0.6926432604184648,-0.7212803295507778,12
0.6867457009866871,-0.7268977522157458,13
0.6820913254013292,-0.7312669989902854,14
0.6781850213438537,-0.7348912006717978,15
0.6772583742238922,-0.735745264710287,16
0.6755099262156714,-0.7373508931194823,17
0.6732861732341666,-0.7393819912140759,18
0.6729900397009047,-0.7396515439471311,19
0.6704140575784221,-0.7419871908606214,20
0.6684479713445114,-0.7437589055637636,21
0.6628762543146318,-0.7487289706334352,22
0.6496827522591455,-0.7602054468477464,23
0.6468779449271725,-0.7625935512229289,24
0.6455320034499623,-0.7637332207792705,25
0.6453787661877852,-0.7638627155149884,26
0.6364059705090687,-0.771354289999356,27
0.6276594022575976,-0.7784880697593478,28
0.6266467920733498,-0.779303405602837,29
0.6225120533058736,-0.782610211720308,30
0.6222395319547602,-0.7828269060735719,1
0.6216077549762554,-0.7833286659847063,2
0.6207581985893886,-0.7840020783671796,3
0.6195450353849687,-0.7849611131322607,4
0.6003123589343662,-0.7997656354899583,5
0.5961374131978064,-0.8028824226409667,6
0.5944424892371312,-0.804138126810042,7
0.5897643095961702,-0.807575420085674,8
0.581099796714275,-0.8138323084386785,9
0.5698851409020405,-0.8217243614370098,10
0.5696760526363399,-0.8218693296702817,11
0.567914827938685,-0.8230873272061561,12
0.5675186703084759,-0.8233605278681384,13
0.5660829016803175,-0.8243483174151519,14
0.5654301874787514,-0.8247961585069029,15
0.5617716443428051,-0.8272923422904268,16
0.5600447909123927,-0.8284623299655177,17
0.5591293058134001,-0.829080466167564,18
0.5580429437341453,-0.8298120708621498,19
0.5564723359468673,-0.8308661380305716,20
0.5554142095387641,-0.8315738426877254,21
0.553290921154072,-0.8329880890916019,22
0.5531754592791548,-0.8330647701417316,23
0.5520214764271058,-0.8338298924620287,24
0.550158177038628,-0.8350604650188713,25
0.546907912783607,-0.8371927704744461,26
0.5457959515340035,-0.8379181220674796,27
0.5452931011799045,-0.8382454496181906,28
0.5450142616284153,-0.8384267735596433,29
0.535048090151971,-0.844821603194857,30
0.5331490982059405,-0.8460212994258434,1
0.5300808737880518,-0.8479470898847967,2
0.521191364531758,-0.8534398406083021,3
0.5208868792603417,-0.8536257136558283,4
0.5134905131932356,-0.858095270270468,5
0.5106592216328563,-0.8597832048611588,6
0.5100237388478399,-0.8601603256438131,7
0.5081538710123139,-0.8612663022406024,8
0.5028410540432514,-0.8643788951430222,9
0.5005292023083315,-0.8657196530266512,10
0.48556650944815405,-0.8741997282671368,11
0.4844530467672221,-0.8748172640488731,12
0.4811898370484963,-0.8766164159546874,13
0.4800139650934138,-0.8772608467926167,14
0.4758477198156447,-0.8795276843546493,15
0.47386400910419485,-0.8805980359254156,16
0.47370946397445596,-0.8806811816662337,17
0.4736211051890742,-0.8807287032449209,18
0.4732826412145225,-0.8809106319740985,19
0.473250219437166,-0.880928050298476,20
0.47306568461234405,-0.8810271607857809,21
0.47029197933527866,-0.8825108804841478,22
0.46849081210161925,-0.8834683689733126,23
0.4652231850113856,-0.8851934184842667,24
0.4594569870688879,-0.8882000208475452,25
0.45738302684579574,-0.8892697941307678,26
0.4543293418201488,-0.890833794352948,27
0.450992432794438,-0.8925277729920533,28
0.4498739654151708,-0.8930920530615137,29
0.44922389238803784,-0.89341921543458,30
0.44868316269485015,-0.8936908970746802,1
0.4480006946817523,-0.8940332083120108,2
0.447243725438585,-0.8944121253962379,3
0.44669650935137845,-0.8946855472920605,4
0.44172876820784096,-0.8971486472918428,5
0.4383924751014587,-0.8987836434728977,6
0.43827929970484414,-0.8988388373063502,7
0.4375419147566184,-0.8991980164741868,8
0.437489053939413,-0.8992237361653647,9
0.4358637830357135,-0.9000126458210442,10
0.43433948883776086,-0.9007492483683529,11
0.43014063757690074,-0.9027618910349159,12
0.4292737274600001,-0.9031744388060358,13
0.42527603712017126,-0.9050636951349682,14
0.4171512015026214,-0.9088371004117951,15
0.416933114086669,-0.9089371696536525,16
0.4132323650078296,-0.910625615997066,17
0.4111310354634184,-0.9115762566449268,18
0.4095897176690755,-0.9122698412091496,19
0.4083038897297243,-0.9128460623958331,20
0.4046833159598031,-0.9144568955307725,21
0.4022795093943723,-0.915516901166452,22
0.3984247644365852,-0.9172010178165153,23
0.3929188683218975,-0.9195731416894686,24
0.3906558417698582,-0.9205368071354255,25
0.38136838691398767,-0.9244231463256548,26
0.37916184018800264,-0.9253303728643341,27
0.3767771266175098,-0.9263039441014235,28
0.3748711700308976,-0.9270769147593234,29
0.3746465521430377,-0.927167709191457,30
0.3715935017956702,-0.9283955350082373,1
0.36972650573979327,-0.9291406303425992,2
0.3683150369454966,-0.9297010452612374,3
0.3626284328348617,-0.931933806501155,4
0.3617958006038916,-0.9322573671821474,5
0.36005028884706997,-0.9329328965692771,6
0.3572340824918447,-0.934014887625572,7
0.35348563275012795,-0.9354399539463993,8
0.3520384513741457,-0.9359855387526526,9
0.3476927117305559,-0.9376085420949686,10
0.34424461752734464,-0.9388799940905399,11
0.34408344020125337,-0.9389390747962674,12
0.3439730305173573,-0.9389795281456914,13
0.34169148701995383,-0.9398121768194391,14
0.34068760944798926,-0.940176554041109,15
0.3401358358132694,-0.9403763146717428,16
0.33809711157922245,-0.9411112278268636,17
0.33711435951792545,-0.9414637054113233,18
0.33530191301050133,-0.9421107297613684,19
0.33385232216329175,-0.9426253905906512,20
0.3317852762847686,-0.943354933437378,21
0.330583018221854,-0.9437769164709049,22
0.3277696775667532,-0.9447576612379424,23
0.32730301218319724,-0.9449194347751589,24
0.32449909969431046,-0.945886004916862,25
0.32325221825810563,-0.9463128464684467,26
0.31837415182398643,-0.9479651361998274,27
0.31667238145944077,-0.9485349771204046,28
0.3081645406492772,-0.9513330730540277,29
0.3060004191656215,-0.9520313773560533,30
0.3054052758631169,-0.9522224621772863,1
0.3013522529102422,-0.9535128838489396,2
0.30035836469455834,-0.9538264269551409,3
0.29935540469335314,-0.9541416779917324,4
0.29927952375626726,-0.9541654818008362,5
0.2974110195008273,-0.9547495407066078,6
0.29561590008482325,-0.9553068824294316,7
0.2945828152530496,-0.955625954522787,8
0.28930569740999246,-0.9572367593475074,9
0.2889822530423467,-0.9573344543191628,10
0.2880419916941788,-0.9576177791900329,11
0.2871314219996045,-0.9578911976318004,12
0.28690420528761384,-0.9579592773120801,13
0.28536427337508785,-0.9584191314248209,14
0.28263191729481296,-0.9592284395941657,15
0.2809500253597592,-0.9597223990562848,16
0.280549424479399,-0.9598395805676477,17
0.2794381168546365,-0.9601637041925374,18
0.2794320218786519,-0.9601654780030412,19
0.274673396084028,-0.961537584020337,20
0.27446630222612756,-0.9615967184544236,21
0.27233268674142497,-0.9622031530462769,22
0.2622647217429381,-0.9649959666905864,23
0.26046146276251186,-0.9654842445196155,24
0.25441529583270883,-0.9670950611218916,25
0.25378415123057474,-0.9672608772116118,26
0.2504392940899838,-0.9681323049954023,27
0.24866377158208355,-0.9685898660953322,28
0.24567633894504448,-0.9693519157058285,29
0.24552556991133104,-0.9693901147214758,30
0.24515112337397205,-0.9694848769880217,1
0.24481652990082822,-0.9695694233459081,2
0.24209384064213996,-0.9702528393790653,3
0.23773389034481346,-0.9713303235159089,4
0.2344903020253317,-0.9721184589627279,5
0.23441785458049805,-0.9721359315722655,6
0.22968845069671256,-0.9732642064807191,7
0.2286650622312003,-0.9735051562856775,8
0.22748035447446965,-0.9737826699670566,9
0.22722106884597587,-0.97384320394635,10
0.2240905410217443,-0.9745683297873895,11
0.22361960918889467,-0.9746764952466054,12
0.221676911836573,-0.9751201704193182,13
0.21737652989779374,-0.9760878260943497,14
0.21715794294355437,-0.976136480117675,15
0.21536462023454805,-0.9765337067153539,16
0.21474341226750127,-0.9766705006744649,17
0.21376097758998544,-0.9768859935835776,18
0.21225815971820258,-0.9772136274290499,19
0.2112320665114001,-0.9774359386053509,20
0.20878398617823998,-0.9779617820321633,21
0.20725639444851085,-0.9782866588890003,22
0.2052039072423874,-0.9787192429151772,23
0.20208158534563211,-0.9793686909760777,24
0.20017382268631606,-0.9797603996442943,25
0.19810877151540804,-0.9801800419558928,26
0.19616553993936692,-0.9805707934363008,27
0.19505271797887305,-0.9807927595619037,28
0.1940905026293106,-0.9809836271768768,29
0.18871443343446803,-0.9820320069190758,30
0.18652838838393646,-0.9824495713912706,1
0.18587372615537498,-0.9825736399502669,2
0.18426220893800968,-0.9828771227153907,3
0.18332530845561507,-0.9830523034303178,4
0.17698258783964882,-0.9842139826285649,5
0.17696492419254112,-0.984217158764024,6
0.17636857165584177,-0.9843241980831713,7
0.1753065303627549,-0.9845139005682817,8
0.17374377756200776,-0.9847908913868383,9
0.16929895352377844,-0.9855647438579332,10
0.16908415742157717,-0.9856016171400265,11
0.16525555599253433,-0.9862507800826311,12
0.1651218729354229,-0.9862731706166897,13
0.16080805683655483,-0.9869856984052258,14
0.16068430567400208,-0.9870058530272573,15
0.1606413312104173,-0.9870128482988177,16
0.15785393925385413,-0.9874624721284554,17
0.14407305915967225,-0.9895670536271777,18
0.13877718422255397,-0.9903236305063408,19
0.13677560694185048,-0.9906020559971034,20
0.13095720339372569,-0.9913880223602131,21
0.13094481142985154,-0.9913896591954148,22
0.12233161467367579,-0.9924892825876415,23
0.12075826066128319,-0.9926819442712059,24
0.11776593208726542,-0.9930413814336327,25
0.11375658292915823,-0.9935086511149671,26
0.11080191405696696,-0.9938425105826941,27
0.10901698727320824,-0.9940398867680679,28
0.10750800771798324,-0.9942042185972206,29
0.1032569814607547,-0.9946547118370341,30
0.10272217619434262,-0.9947100856620981,1
0.09469910085805301,-0.9955059418690961,2
0.0918072131333063,-0.9957768000996486,3
0.09128882074629749,-0.9958244580279952,4
0.08818377858675405,-0.9961042220541796,5
0.08642573964995659,-0.996258295587022,6
0.08356422043217251,-0.9965023939075928,7
0.08016308905684198,-0.9967817610454481,8
0.07995036747282804,-0.9967988456759768,9
0.07830735622104262,-0.9969292642718794,10
0.07204479687459048,-0.9974013972535325,11
0.0711445146657524,-0.9974660184853289,12
0.06904605917694448,-0.9976134731007466,13
0.06797302266377357,-0.9976871594793381,14
0.06656279122737989,-0.9977822381782612,15
0.06471066352505864,-0.9979040685487491,16
0.06285694873633672,-0.9980225468372734,17
0.06233236565086898,-0.9980554474538809,18
0.05964578150931383,-0.9982196054717335,19
0.05943166022303301,-0.9982323766353874,20
0.05908370139797421,-0.9982530321662514,21
0.05907738154613771,-0.9982534061998747,22
0.058788493020667604,-0.9982704608914154,23
0.05729641607988511,-0.9983572109743089,24
0.05512732124684065,-0.9984793330120296,25
0.05144574887509772,-0.9986757906962,26
0.05118308883498566,-0.998689286724009,27
0.04675504753913585,-0.9989063847676684,28
0.043565066374414756,-0.9990505918079389,29
0.04234272514822579,-0.9991031446387414,30
0.03605236178514641,-0.999349902291341,1
0.025104906683142966,-0.9996848221616804,2
0.02457098715429248,-0.9996980877196193,3
0.023461342430160383,-0.9997247448229811,4
0.017387290995991792,-0.9998488296296699,5
0.01441147331616376,-0.9998961493259475,6
0.014296767986154027,-0.9998977959897452,7
0.010756984962011188,-0.9999421419634873,8
0.006661333711122521,-0.9999778130704646,9
0.003430556356130247,-0.9999941156242308,6
-0.00030941700589265294,-0.999999952130557,1
-0.004367242092384593,-0.9999904635527813,2
-0.004847307309350135,-0.9999882517369135,3
-0.005472797154313704,-0.9999850241335155,4
-0.007810279205506418,-0.9999694993042197,5
-0.013359185697774193,-0.9999107620970445,6
-0.014243697580917834,-0.9998985533939048,1
-0.01630896982677127,-0.9998669999070824,2
-0.01898236900874003,-0.9998198186007397,3
-0.020381902180727808,-0.9997922674553426,4
-0.023293179112315765,-0.9997286770953615,5
-0.02864381511280502,-0.9995896817473575,6
-0.03092089641623054,-0.9995218347614107,1
-0.032727017539853485,-0.9994643276890607,2
-0.03407125523534144,-0.9994194062387863,3
-0.0360763545903289,-0.9993490364429601,4
-0.03709825673689579,-0.999311622741917,5
-0.038254370692704404,-0.9992680336741014,6
-0.04002086449336013,-0.9991988442773561,7
-0.04018133111826006,-0.9991924042093018,1
-0.04078672522633065,-0.9991678753069034,2
-0.042608557594969496,-0.9990918430353019,3
-0.04392317474369356,-0.9990349116624678,4
-0.04486513547329106,-0.9989930528381883,5
-0.047917380414771206,-0.9988513025742051,6
-0.05067152350225711,-0.9987153732199981,7
-0.051096114870552184,-0.9986937403654512,1
-0.05600471302014725,-0.9984305044015487,2
-0.05759708500685932,-0.998339909949869,3
-0.06074598417580707,-0.9981532574742782,4
-0.06272789163806616,-0.9980306666684361,5
-0.07685736440835172,-0.9970420981765021,6
-0.08010784771970574,-0.9967862021184465,7
-0.08296633196589913,-0.9965523507373429,1
-0.08647725989842034,-0.9962538248460886,2
-0.08683704495914091,-0.9962225291684405,3
-0.08737006191567845,-0.9961759243631872,4
-0.09028592282818246,-0.9959158860762607,5
-0.09187257557491653,-0.9957707717427898,6
-0.09514506301527012,-0.9954634182047175,7
-0.09539807727452372,-0.9954392029914856,1
-0.09718924721662943,-0.9952659193529461,2
-0.09829848783249481,-0.9951569762051838,3
-0.09972110437410797,-0.9950154276906505,4
-0.10187893318613417,-0.9947968048666297,5
-0.1035045552060475,-0.9946289795957075,6
-0.10531310306021369,-0.9944391134322045,7
-0.10686545190445934,-0.994273491142782,1
-0.10809081195415715,-0.9941410243879342,2
-0.11153425761057054,-0.9937605895683622,3
-0.11156287327470961,-0.9937573774854157,4
-0.11368908943804844,-0.9935163767863856,5
-0.11563173851948175,-0.9932921529172383,6
-0.11856676355250452,-0.992946082413685,7
-0.12069677237619764,-0.9926894222957996,1
-0.12478304006770716,-0.9921840519336425,2
-0.13223086677231383,-0.9912189454770538,3
-0.13320871621840566,-0.9910880071534739,4
-0.1338102006362433,-0.9910069778794135,5
-0.1350949548653253,-0.9908326564914661,6
-0.13588687479921369,-0.9907243598788226,7
-0.13811239084366553,-0.9904165626116349,1
-0.1437749341299029,-0.9896104123926456,2
-0.14412437405860468,-0.9895595812290513,3
-0.14437222171610434,-0.9895234517669381,4
-0.14506210153284702,-0.9894225521479051,5
-0.1480825142666471,-0.9889750092739797,1
-0.15017934839683778,-0.9886587699075456,2
-0.15043092793021393,-0.9886205216978124,3
-0.1562854989713318,-0.9877119229873059,4
-0.15992763202822569,-0.9871287416106597,5
-0.15998199737071145,-0.9871199321851817,1
-0.16244104093161674,-0.9867182516914608,2
-0.16588342527402214,-0.9861453692125507,3
-0.16697848864962853,-0.9859605389305831,4
-0.16714521123640605,-0.9859322889330369,5
-0.1673330918906852,-0.9859004190882077,1
-0.16759011789882672,-0.9858567605806927,2
-0.17187356860684827,-0.9851190163702795,3
-0.17751143176617704,-0.9841187385637578,4
-0.17781746429757536,-0.9840634884959306,5
-0.1784458653822971,-0.9839497309964382,1
-0.1788684859927438,-0.9838729921685337,2
-0.1793500671215254,-0.9837853187680249,3
-0.1835925347979992,-0.9830024319229559,4
-0.1845355235620708,-0.9828258444626252,5
-0.18540723956399846,-0.9826617706603112,1
-0.18600994708114862,-0.9825478612194259,2
-0.18819685291723773,-0.9821313275484331,3
-0.18931108170237215,-0.981917162669376,4
-0.19249626042256798,-0.9812977069795521,5
-0.19303406789917077,-0.9811920549160079,1
-0.19665553981282904,-0.9804726404448646,2
-0.19881860601298068,-0.9800363064208668,3
-0.19910223745935166,-0.9799787237683684,4
-0.2003533782385191,-0.9797236976966582,5
-0.20500678868775607,-0.9787605512033747,1
-0.21099659951265565,-0.9774867953042108,2
-0.21246227240434298,-0.9771692702929123,3
-0.21399522804990692,-0.9768347057572577,4
-0.2198543228566486,-0.9755327143265081,5
-0.22192313836521074,-0.9750641623288877,1
-0.2220012829741035,-0.9750463734396698,2
-0.22770418248104352,-0.9737303555300305,3
-0.22837188676918355,-0.9735739732210815,4
-0.23038857652986205,-0.973098712261271,5
-0.23081206858413883,-0.9729983499451121,1
-0.23089274298363802,-0.9729792090468797,2
-0.23176620208048665,-0.9727715186893513,3
-0.23531418651524075,-0.9719193555149884,4
-0.23607535867634474,-0.9717347503438555,5
-0.23665731224520933,-0.9715931847027713,1
-0.2372171244566537,-0.9714566567091485,2
-0.23891181082039606,-0.9710412692828865,3
-0.24759094951423274,-0.9688646560374884,4
-0.24902964861902735,-0.968495861688982,5
-0.2509380467665895,-0.9680031491090145,3
-0.25555187167132465,-0.96679534591623,4
-0.2573460242316625,-0.9663193177268871,5
-0.2578238316282669,-0.9661919435829089,6
-0.25865823270116106,-0.9659689014952355,1
-0.25952751445807054,-0.9657357139710719,2
-0.26071404953864497,-0.9654160680106588,3
-0.2620181090786412,-0.9650629567623312,4
-0.26578587764589223,-0.9640320882854485,5
-0.26679339298348154,-0.9637537473132655,6
-0.2682736597111847,-0.9633427445645539,1
-0.2705723200823397,-0.9626996518152793,2
-0.27168443352817395,-0.9623863925567917,3
-0.27592913313106054,-0.9611779822122131,4
-0.27800503813724414,-0.9605796160497626,5
-0.2788216551513247,-0.9603428994992756,6
-0.2817569720510924,-0.9594858043246913,1
-0.28351599417925516,-0.9589675078148104,2
-0.28530918883321627,-0.9584355308351898,3
-0.28684801675948784,-0.9579761037109165,4
-0.28846004135491976,-0.9574919344524621,5
-0.29186001973449494,-0.9564610440998527,6
-0.29211506988572106,-0.9563831794556302,1
-0.2930701561245506,-0.956090938974495,2
-0.2932544072932373,-0.9560344411176263,3
-0.29653706366353416,-0.9550213452451254,4
-0.29728313493595804,-0.9547893682287466,5
-0.30262412132782723,-0.9531099837849567,6
-0.3043793608464605,-0.9525508934911038,1
-0.30816498341354875,-0.9513329296296472,2
-0.3172161157807852,-0.9483532758887647,3
-0.32151519320172045,-0.9469044199603571,4
-0.32625152491456,-0.9452829959810577,5
-0.32748329062894055,-0.9448569703181752,6
-0.32936841716953735,-0.9442014857916893,1
-0.33005674801777996,-0.9439610919354291,2
-0.33056982150428843,-0.943781538869363,3
-0.3322246744050731,-0.9432002786876408,4
-0.3343488961370843,-0.9424493703387536,5
-0.3353229800961315,-0.9421032316150122,6
-0.33730340225529265,-0.941395992570079,1
-0.3424344588141892,-0.9395417188271277,2
-0.3443469463902671,-0.9388424684214591,3
-0.34734578993105664,-0.9377371178625544,4
-0.35119168601745415,-0.9363035830713338,5
-0.3617206834228673,-0.9322865156077791,6
-0.36389476333555126,-0.9314400685051955,1
-0.36776114869251764,-0.9299202855688007,2
-0.3754855327189841,-0.9268282552440559,3
-0.38227811319241223,-0.9240473170644722,4
-0.3826361625949535,-0.9238991108744549,1
-0.38386379947831695,-0.9233897245746622,2
-0.3847855469549549,-0.9230060036936792,3
-0.38499966248933065,-0.9229167134054413,4
-0.38736024708316347,-0.9219284348471255,5
-0.39049328190296645,-0.9206057770775993,6
-0.3949271603714881,-0.9187124348787888,7
-0.39523565181870357,-0.9185797622043741,1
-0.4001547954199924,-0.9164475651680155,2
-0.4025790156294433,-0.9153852392161611,3
-0.4054441906694794,-0.9141197997266938,4
-0.4111248843281373,-0.9115790308504116,5
-0.4134327055235987,-0.9105346769911826,6
-0.4143966637990193,-0.9100963712883612,7
-0.4185001321283071,-0.9082167359218776,1
-0.41956258565742005,-0.9077264107188134,2
-0.4196446385232139,-0.9076884803492447,3
-0.42382402433903554,-0.9057445536093853,4
-0.4248213708256122,-0.905277196713718,5
-0.428320518053614,-0.9036268775408818,6
-0.42938191941774434,-0.9031230078328941,7
-0.4340267380160235,-0.9008999892813686,1
-0.4346105913782596,-0.9006184729739001,2
-0.4432398414155777,-0.8964030583291723,3
-0.44680126724979075,-0.8946332363510653,4
-0.44708705693891865,-0.8944904490924965,5
-0.4490514308474224,-0.8935059106989067,6
-0.4589765833509384,-0.8884483642483108,7
-0.4604763190127922,-0.8876719887596033,1
-0.4609498160617396,-0.8874262037333855,2
-0.46251132552733193,-0.886613373325121,3
-0.46420274614308094,-0.8857289712283449,4
-0.4673882344417168,-0.8840521694478527,5
-0.47021269910633934,-0.8825531245194995,6
-0.4714254382452331,-0.8819059225196811,7
-0.4720045614299228,-0.8815961059290962,1
-0.474442253614044,-0.8802866283124078,2
-0.4757315402038566,-0.8795905306762155,3
-0.47606563514303996,-0.8794097515014567,4
-0.4814925201287039,-0.87645019998863,5
-0.48425706046199657,-0.8749257679327465,6
-0.4869609268226126,-0.8734237549712408,7
-0.4910265365526427,-0.871144615090466,1
-0.4928009731751791,-0.8701420578489448,2
-0.4967679826795855,-0.8678833858211914,3
-0.49838925529345646,-0.8669533725685793,4
-0.49855287078005167,-0.8668592936786045,5
-0.499775018785363,-0.8661552577904784,6
-0.5013931254100742,-0.8652195870364456,7
-0.50438669050926,-0.8634778899526704,1
-0.5046517656612363,-0.8633229959957031,1
-0.5050065516215374,-0.8631155095462736,2
-0.5057263853232782,-0.8626939336681644,3
-0.5064551947064592,-0.8622662789155346,4
-0.509550646624002,-0.8604406653134553,5
-0.5102293054225662,-0.860038403728581,1
-0.5125851909627808,-0.8586363735631338,2
-0.514187262776603,-0.8576779458504833,3
-0.5161881012131131,-0.8564752443392634,4
-0.5204618086027035,-0.8538849487993114,5
-0.5216789474418264,-0.853141884914806,1
-0.5251374260339071,-0.8510174403491875,2
-0.5264247668335498,-0.8502217151215574,3
-0.5274503189569559,-0.8495858761962827,4
-0.534911012905943,-0.8449084022969224,5
-0.5353893099291788,-0.8446054030217648,1
-0.535611533192774,-0.8444644962998065,2
-0.539066768830048,-0.8422630341782379,3
-0.5392326332838047,-0.8421568542746737,4
-0.5434833550650625,-0.8394199442276931,5
-0.5448309028891581,-0.83854593628315,1
-0.5506132441408838,-0.8347604778477785,2
-0.5536061511946978,-0.8327786196579458,3
-0.5558128699732635,-0.8313074362545328,4
-0.5627783218622017,-0.8266078637673151,5
-0.5639603122094395,-0.8258018928608916,1
-0.5711488329312528,-0.8208465207584593,2
-0.5714878534858759,-0.8206105247424663,3
-0.573032570762203,-0.8195325941325706,4
-0.5737676479155589,-0.8190181232460287,5
-0.575580279690419,-0.8177452791863118,1
-0.5759931937613954,-0.8174544884827214,2
-0.5802892299093699,-0.8144104675476552,3
-0.5846551399885291,-0.811281928360908,4
-0.5918797727593145,-0.8060262617299652,5
-0.592271299505446,-0.8057386100852623,1
-0.5945442699004977,-0.8040628775963259,2
-0.5960408351676145,-0.8029541224831545,3
-0.5970235595527729,-0.8022237028029879,4
-0.5980316395551554,-0.8014724936583743,5
-0.5992702785357338,-0.800546771440435,1
-0.6021071836058302,-0.7984152675458149,2
-0.6042265633866957,-0.7968125627134046,3
-0.6056569860918511,-0.7957258417307654,4
-0.6058405436015534,-0.795586095736077,5
-0.6060287063681931,-0.7954427742192989,1
-0.6060341503898127,-0.7954386265208007,2
-0.613982395053145,-0.7893197188495951,3
-0.6139946189217816,-0.7893102102057822,4
-0.614247072927887,-0.7891137645482577,5
-0.6151232298618396,-0.7884309811799245,3
-0.6189376938148292,-0.7854400875784102,4
-0.6264950514750048,-0.7794253976342642,5
-0.6300996530511925,-0.7765142801164489,6
-0.6328075720669769,-0.7743090963786347,1
-0.6345079552181767,-0.7729163310248065,2
-0.6347173698319173,-0.7727443693962791,3
-0.6420181254256159,-0.766689459054302,4
-0.6452856669549895,-0.7639413642567435,5
-0.6476281066510238,-0.7619565837208904,6
-0.6508963492021453,-0.7591666105640572,1
-0.6538512389460472,-0.7566231276723697,2
-0.656176663714961,-0.7546073058193268,3
-0.665173405184661,-0.7466889185163008,4
-0.6705025000088736,-0.7419072701368079,5
-0.6728746630203399,-0.7397565057944837,6
-0.6755657333646556,-0.737299762582001,1
-0.675686463391407,-0.7371891230814605,2
-0.6782086606094976,-0.7348693847713832,3
-0.6783115013850083,-0.7347744600139664,4
-0.6803292893554241,-0.7329065820724655,5
-0.6968583754394619,-0.7172087594137944,6
-0.6986892656385271,-0.7154252651965093,1
-0.7001345292520315,-0.7140109529615329,2
-0.700980349312261,-0.7131805871432988,3
-0.7012698529253577,-0.7128959204386339,4
-0.7042240711810948,-0.7099777866730228,5
-0.7047055105871182,-0.7094999248401292,6
-0.704981128889909,-0.7092260626267971,1
-0.706212726841546,-0.7079997065303262,2
-0.70977152884474,-0.7044319533080541,3
-0.7128330451311488,-0.7013337648859163,4
-0.7129595511204406,-0.701205161465701,5
-0.714319160985801,-0.6998200741966047,6
-0.7159723690379552,-0.6981286176444695,1
-0.7182829700851233,-0.6957510868735268,2
-0.7206261342467599,-0.693323859852357,3
-0.7216378937754515,-0.6922707203596944,4
-0.7234701312196603,-0.6903556831322587,5
-0.724930238583429,-0.6888222914419746,6
-0.7297279140771463,-0.683737648090711,1
-0.7314032306308188,-0.6819452428331774,2
-0.7326919825611549,-0.6805604004719965,3
-0.7338396191267013,-0.679322760843458,4
-0.7357183430188364,-0.677287619660671,5
-0.7393122690590925,-0.6733627319793515,6
-0.7410158684647338,-0.6714875149125681,1
-0.7433999502447873,-0.6688471529251266,2
-0.7463392483992217,-0.6655657189931621,3
-0.7479498590479867,-0.6637552322581697,4
-0.7491695781703901,-0.6623782477889804,4
-0.753739000029482,-0.6571738885824333,5
-0.7549184604146988,-0.6558186625318776,6
-0.7562697032990366,-0.6542599910371923,7
-0.7662963243965102,-0.6424873097707055,1
-0.7662968382916739,-0.642486696846078,2
-0.7667404507155737,-0.6419572269524496,3
-0.7677870534147319,-0.6407051120513427,4
-0.7735823238995596,-0.6336958167371446,5
-0.7737383890268672,-0.6335052528165085,6
-0.7737588758991669,-0.6334802301313418,7
-0.7738752026187371,-0.6333381172579214,1
-0.7740744331898481,-0.6330945994729503,2
-0.7741567789608592,-0.6329939032794449,3
-0.7755591355302253,-0.631274922118414,4
-0.7774213918347117,-0.6289801105899769,5
-0.7781001731607042,-0.6281402076983148,6
-0.7791866856970214,-0.6267919182890692,7
-0.7793923788895054,-0.6265361280317022,1
-0.7802685329866297,-0.6254446549702801,2
-0.7818457215910436,-0.6234719461449572,3
-0.7846495919039154,-0.6199395276355744,4
-0.7846567249846613,-0.6199304992790284,5
-0.7859951565914584,-0.6182326534685538,6
-0.7867435230620704,-0.6172800247212618,7
-0.790795617486708,-0.6120802981340081,1
-0.7934472135152033,-0.6086390715070463,2
-0.7953194688847712,-0.6061905165975836,3
-0.796002513734243,-0.6052933157806769,4
-0.8010476760042013,-0.598600551927801,5
-0.8011442076076156,-0.5984713515422152,6
-0.8013866470792023,-0.5981466725504324,7
-0.8024246807483768,-0.5967534094798834,1
-0.8027021585357841,-0.596380117611237,2
-0.8091956820028596,-0.5875392312245429,3
-0.8124971306527655,-0.5829651899393504,4
-0.8131152643404702,-0.5821027116381843,5
-0.8149426552109478,-0.5795416022320833,6
-0.8231625001738206,-0.5678058632205066,7
-0.827525511316395,-0.5614281148290841,1
-0.8293784445937149,-0.5586872073381582,2
-0.8340703934778142,-0.551658026973019,3
-0.8430255224154664,-0.5378735618675917,4
-0.845700748256545,-0.5336574223210242,5
-0.8458328129029814,-0.5334480786511748,6
-0.8468404361836732,-0.5318470415864378,7
-0.8503902661954995,-0.5261524447913812,1
-0.8509008748497839,-0.5253262806864628,2
-0.8543412779226985,-0.5197124020431014,3
-0.8545893492636213,-0.5193043848507157,4
-0.8546823576098751,-0.5191512954721635,1
-0.8556184198232898,-0.5176071093591129,2
-0.8556906705549283,-0.517487658138102,3
-0.8617181846268881,-0.5073871995659137,4
-0.8650379438265251,-0.5017064437899694,5
-0.8680786349580296,-0.49642671516489106,1
-0.8699429402064385,-0.4931523910364595,2
-0.8703995432903067,-0.49234605212190496,3
-0.8717639786755154,-0.489926081652973,4
-0.8734568056602737,-0.4869016416544012,5
-0.8748379005445065,-0.4844157798532994,1
-0.8753960919666779,-0.48340633236384845,2
-0.8767333244894921,-0.48097679541699606,3
-0.8779772995014941,-0.47870226817935985,4
-0.8880926839241341,-0.4596644262507467,5
-0.8921388922129916,-0.451761216795971,1
-0.8932390862453656,-0.4495819556026957,2
-0.8949550331839141,-0.446156349925426,3
-0.8973627261404502,-0.44129370914820354,4
-0.8974246121359438,-0.44116784281342486,5
-0.9013178287052761,-0.4331583678725445,1
-0.904677887900908,-0.42609613838094346,2
-0.9057164126082777,-0.4238841586235465,3
-0.9065565997169839,-0.4220842706256422,4
-0.9070951582733823,-0.4209256155628778,5
-0.9081855404764935,-0.4185678249333307,1
-0.9082618729903325,-0.418402163082474,2
-0.9114498449324266,-0.41141120569650924,3
-0.9115097676179311,-0.41127842581042984,4
-0.9121715903128177,-0.4098084794464178,5
-0.9165629038518597,-0.39989053912620465,1
-0.9187136738876721,-0.3949242780734253,2
-0.9192462068908172,-0.39368313542345834,3
-0.9197145600049335,-0.39258773301636873,4
-0.9197227489147582,-0.3925685483182276,5
-0.9216240531114154,-0.38808388877469147,1
-0.9217037503791935,-0.3878945688417527,2
-0.9229111010032338,-0.38501311619865475,3
-0.9280145921528357,-0.3725438454080352,4
-0.9281938295497946,-0.3720970502243828,5
-0.9316289864951278,-0.3634108302211987,1
-0.9386798671651548,-0.3447899461683986,2
-0.9387724982333538,-0.344537656230357,3
-0.9418623275584671,-0.3359990415553991,4
-0.9428964127469721,-0.33308610722888404,5
-0.9462165502563616,-0.32353398588239585,1
-0.9473872808965664,-0.3200895812040908,2
-0.9488720711395372,-0.31566088229516975,3
-0.9499362347370706,-0.3124438348464523,4
-0.9526029249758073,-0.3042164810254967,5
-0.954339535400097,-0.298724038490924,3
-0.9552955168759456,-0.29565262629768746,4
-0.9578793272544837,-0.2871710194613967,5
-0.9582342280659627,-0.28598455231503095,6
-0.9584495730702668,-0.2852620126855718,1
-0.9586690357318781,-0.2845236017080324,2
-0.9591773337066493,-0.28280530847811736,3
-0.9595170184805677,-0.2816506546169597,4
-0.9627603330832242,-0.27035632236269086,5
-0.9628947822036656,-0.2698770801771713,6
-0.9643232148829691,-0.2647276661737021,1
-0.9645707818814743,-0.2638241966548206,2
-0.9670426883384087,-0.25461429443615957,3
-0.9706617307162931,-0.24044917243120303,4
-0.9713410586432139,-0.23769002459901534,5
-0.9735782414716162,-0.22835368999215988,6
-0.973583626482546,-0.22833072996225068,1
-0.9753434401928495,-0.2206924866704292,2
-0.9756059266945426,-0.21952921399777928,3
-0.9779626008541933,-0.20878015071002748,4
-0.9779636838950146,-0.20877507749367952,5
-0.9787417770658557,-0.20509640129941495,6
-0.9800654180017859,-0.19867505237695204,1
-0.9803414814296331,-0.19730833684452467,2
-0.9805383892057097,-0.19632744916050884,3
-0.9806187604904437,-0.19592561490061908,4
-0.9809783569930925,-0.19411713760287314,5
-0.9817152786638118,-0.1903552248771603,6
-0.9818248530645725,-0.18978924601971206,1
-0.9822426733360613,-0.18761484663434155,2
-0.9822506922113591,-0.18757285957810085,3
-0.9837213973466523,-0.17970034057382814,4
-0.9838376333611546,-0.1790628693568892,5
-0.9841177052149784,-0.17751716052935532,6
-0.984133284411498,-0.17743077104447655,1
-0.9846038159577696,-0.17480081693573019,2
-0.9860818396082645,-0.1662606555826756,3
-0.9864724291162532,-0.16392726006823505,4
-0.9866263358768189,-0.1629983845143338,5
-0.9876919395827374,-0.15641174023483737,6
-0.9888274583829629,-0.14906460863628807,1
-0.9889636743570869,-0.1481581951905797,2
-0.9899877952118742,-0.14115298555656663,3
-0.991892495343551,-0.12707980831408175,4
-0.9920046417565659,-0.1262013895859609,5
-0.9928847804770213,-0.11907901871067482,6
-0.9935846238406546,-0.11309109278552797,1
-0.9939357725216066,-0.10996217577820584,2
-0.9939679842148722,-0.10967062667744513,3
-0.9940097742176175,-0.10929121080782783,4
-0.994994179579895,-0.09993289049222841,7
-0.9970175382600617,-0.07717530953515137,1
-0.9974375784813655,-0.07154213467062508,2
-0.99764559334916,-0.06858039130102997,3
-0.9979920565390608,-0.06333920653857471,4
-0.9982704228425497,-0.05878913911392989,5
-0.9984115071556721,-0.05634236753225282,6
-0.9984308459223571,-0.05599862418637142,7
-0.9988822359134447,-0.04726815816760217,1
-0.9989914804321707,-0.04490013389668222,2
-0.9993450373290241,-0.03618696403197259,3
-0.9993979578820938,-0.034694693846475444,4
-0.9993981413742109,-0.03468940786137378,5
-0.9994285796618253,-0.03380109695182321,6
-0.9995330830798377,-0.030555127702469802,7
-0.9998768224850212,-0.01569521765562343,1
-0.9998854477940822,-0.015135761944077047,2
-0.9999867965372723,-0.0051387499573251885,3
-0.9999992438900893,-0.0012297232411206634,3
-0.9999686543007202,0.007917727957352814,2
-0.9999511379263514,0.009885431694928866,4
-0.9997669598248967,0.02158763633387006,4
-0.9997199439346057,0.023665031151233588,2
-0.9996566141613547,0.026204079137730735,3
-0.9986206977219524,0.0525043053598551,6
-0.9980067006883238,0.06310804529698637,8
-0.9965837747460208,0.08258801313127977,11
-0.995858646803888,0.09091510097848973,13
-0.9947188105446487,0.1026376536590701,8
-0.9906115108465602,0.13670711239103575,9
-0.9899934685852511,0.14111318917288923,8
-0.9883940501725935,0.15191182173687706,6
-0.9880819177963283,0.15392895674281062,10
-0.9866580099508866,0.16280654593644622,11
-0.9860093910228924,0.1666897741754569,12
-0.9850776518948207,0.17211048700583717,10
-0.9847721963588011,0.173849708882882,12
-0.9846287351162566,0.17466039615024526,12
-0.9843766547803113,0.1760755562919616,13
-0.9814215440287372,0.19186389164261622,15
-0.9813914777588891,0.19201762258246963,14
-0.9811559282826482,0.19321760891754894,15
-0.9811003212857091,0.19349976633856275,16
-0.9748975454713811,0.22265393738687064,14
-0.9716725265285879,0.23633133772217055,16
-0.9716699382135405,0.23634197928445624,19
-0.9697226479633826,0.2442088983368248,20
-0.9671508887410035,0.25420298662188645,18
-0.9652625834560384,0.26128173487592765,18
-0.9648493463095669,0.262803612848076,20
-0.9623124005856399,0.27194639854041597,20
-0.9615381960803484,0.274671253462297,18
-0.9505226708024967,0.3106551983960488,20
-0.9504892246021998,0.31075751626486714,19
-0.9502737554460255,0.31141578269334275,22
-0.9483807454004748,0.31713398076150684,24
-0.9473657071497599,0.32015342715116346,22
-0.9430940317848137,0.33252616019174325,20
-0.9332779214138209,0.35915501026924007,23
-0.9331410703530163,0.3595104210178435,21
-0.9283771932253169,0.371639323940676,24
-0.9273980777622549,0.37407593528971433,27
-0.9113049809632131,0.41173199009991657,28
-0.9074403234167975,0.42018098414518706,27
-0.9057040390427799,0.42391059630728123,26
-0.9040716967340566,0.4273808221766672,24
-0.9010201430902395,0.4337772489949703,27
-0.8917700540251052,0.4524888625635562,28
-0.891619836566094,0.4527847910893782,28
-0.8896403658341789,0.45666182178766407,1
-0.8878858326090704,0.4600638523641015,4
-0.8840524303584377,0.4673877409360879,3
-0.8785286843638562,0.47768959665237826,30
-0.8783289521954148,0.47805674530886455,30
-0.8730018792897347,0.4877168428059374,30
-0.8723553664243665,0.4888722887121025,3
-0.8721986169757143,0.48915189107847806,2
-0.8674747411654469,0.49748122923376814,30
-0.8627018771067084,0.5057128347556167,29
-0.8563539368311325,0.5163893249030433,30
-0.8511884597235052,0.5248601776030707,4
-0.8489730636180522,0.5284361240973016,4
-0.8397947185838898,0.5429040713041351,5
-0.827074337788943,0.5620925544525398,8
-0.8217661814921465,0.569824835327328,6
-0.8182028365597586,0.5749296637377176,4
-0.81200994432175,0.5836435987163644,7
-0.8109211962832444,0.5851553754504455,10
-0.8104022989438416,0.5858738037039516,8
-0.8048798838734217,0.5934377579290918,6
-0.7983201072211751,0.6022333487995923,5
-0.7851701126437115,0.6192801419479406,8
-0.7825547398924574,0.6225817850466302,10
-0.7798437404764434,0.6259742330477426,12
-0.7785098775162941,0.6276323530615393,12
-0.7713126107927262,0.6364564843193198,15
-0.770118060591557,0.6379013816811334,12
-0.7614295403344763,0.6482476803707269,10
-0.7596305776715254,0.6503548150559236,11
-0.7548837058601808,0.6558586666552483,11
-0.7533173285699503,0.6576572074236195,14
-0.7515573117289779,0.6596678006290075,12
-0.747707582898873,0.6640281398220448,10
-0.7344594803093827,0.6786525412784303,9
-0.7194063956715842,0.6945894023571193,16
-0.7090647068303446,0.7051434191195416,17
-0.7047797515523957,0.7094261778379364,20
-0.694379323879662,0.7196091679296641,19
-0.658820075931352,0.7523005433666838,18
-0.6417513720796776,0.7669127567291153,19
-0.6342969539529,0.7730894994798938,18
-0.6340379600789438,0.7733019236875929,17
-0.6282302878019752,0.7780274452024475,20
-0.6202278967937634,0.7844216697916909,19
-0.6062004655717136,0.7953118857031106,18
-0.561673744008882,0.8273588129046822,19
-0.5383665881124459,0.8427107551254844,22
-0.5336525180683849,0.8457038429375098,24
-0.527517193561829,0.8495443546376209,24
-0.514482770543069,0.8575007165095128,25
-0.49953000825776483,0.8662965836536569,24
-0.47517835681554144,0.879889498297418,25
-0.473139248498997,0.8809876568543991,24
-0.468323871998089,0.8835568747492816,26
-0.4662571337444288,0.8846492441823651,26
-0.46551459460868,0.8850402037231508,29
-0.459544379245369,0.8881548082986369,2
-0.43809999135300653,0.8989262470172376,30
-0.43042807306867703,0.9026248799553365,28
-0.41882767931898934,0.9080657327728372,26
-0.4177532278518533,0.9085605321712789,24
-0.412419436511392,0.9109940770321319,24
-0.4069244021272994,0.9134618388051796,30
-0.39532795177936275,0.9185400429714177,1
-0.3910381609658024,0.9203744654587519,3
-0.38950524328949104,0.9210242480249878,3
-0.3865449384522682,0.9222705733985728,2
-0.36285006269843467,0.9318475368855905,1
-0.35636074497014053,0.934348446482535,2
-0.34971212392651235,0.936857209172672,30
-0.3298849018158752,0.9440211605435179,4
-0.32313092622951695,0.9463542700881391,5
-0.31306018814613523,0.9497332881382575,8
-0.299047288070522,0.9542382928271461,6
-0.2969426411083338,0.9548953177660927,6
-0.2862467914528564,0.9581559238364834,7
-0.281155309858868,0.9596622800434348,5
-0.27370914289580756,0.9618125103653219,6
-0.25951537020646526,0.9657389774812868,12
-0.2361721353813916,0.971711234096526,1
-0.2270386926301706,0.9738857387028433,2
-0.17583691450983002,0.9844193108100139,1
-0.17269251506870217,0.9849757840877339,5
-0.16045109569014065,0.9870437912736361,3
-0.15739543286357946,0.9875356589580381,1
-0.1562815877109883,0.987712541857464,16
-0.14571615600612317,0.9893264384816567,9
-0.13961514714187928,0.9902058425845363,1
-0.1256385279926764,0.9920760859348609,29
-0.12092016138229242,0.992662235894607,4
-0.11041718602381324,0.9938853279078943,6
-0.10147626321155,0.9948379606773257,16
-0.0922541451537373,0.9957354933424605,2
-0.09062176141547913,0.9958853831430382,27
-0.088739083828875,0.9960549056157556,2
-0.0726861237753019,0.9973548653365669,18
-0.0701454693801942,0.9975367728186426,3
-0.06807778965266972,0.997680016115391,4
-0.027766854129768558,0.999614426572434,29
-0.0145327915346004,0.9998943934087299,1
-0.008804966694585708,0.9999612355294115,2
-0.005385371272757211,0.9999854987829846,24
0.016325505620414973,0.9998667300526795,2
0.034195793857497034,0.9994151528181147,26
0.05356453474247541,0.9985643898206175,27
0.06475233236586603,0.9979013655934039,15
0.08609832542694307,0.9962866446754549,6
0.09655734929600195,0.9953274226589609,13
0.09866347500272822,0.9951208563287105,24
0.10330932077180614,0.9946492770025362,26
0.16385779517023472,0.9864839699467749,1
0.1805776423562827,0.9835607327872776,2
0.18464534916693212,0.9828052172384015,19
0.197175469474878,0.9803682136000542,8
0.2279871074440722,0.9736641509469706,24
0.25519006838405306,0.9668909085300897,24
0.25964118872976094,0.9657051584800594,5
0.26512683673780035,0.9642135450414538,5
0.2772835992127754,0.9607881169163204,19
0.28877727773158823,0.957396304497742,12
0.2995997925195804,0.9540649686065538,11
0.3050831916675222,0.9523257038229924,11
0.3154442083975599,0.9489441244817509,1
0.3221260727324123,0.9466967800019142,2
0.33214275094870055,0.9432291306953097,19
0.34373286370594464,0.9390674727667392,11
0.35151028264584616,0.9361840210098853,23
0.3850922998056385,0.9228780637930475,11
0.4118551822861781,0.9112493121116849,2
0.4298913141899611,0.9028806443733458,11
0.4316084408518433,0.9020610587900583,9
0.4346100301143318,0.9006187438222789,11
0.4399243978685241,0.8980348123319143,17
0.45439086013524055,0.8908024170519275,22
0.4620771135150729,0.8868397494280341,25
0.46792701966095024,0.8837671097473704,28
0.4686921377390532,0.8833615794348294,9
0.4796531771262908,0.8774581640583528,3
0.4845472478223908,0.874765091111749,3
0.49119322499879636,0.8710506390074471,14
0.4930389300020029,0.8700072491091555,16
0.500525114797665,0.8657220162712649,11
0.5270035243648095,0.8498630979793567,1
0.5355228816475722,0.844520718059587,7
0.5477883439810471,0.8366169554811221,22
0.5834574457644811,0.8121437120251487,14
0.5902786232862209,0.8071995706709238,24
0.5914855136434629,0.8063156250190919,3
0.6061335960695228,0.7953628503493413,21
0.6092808526773937,0.7929545022009196,26
0.6111169849821626,0.7915402899829619,1
0.6160507573250114,0.7877064582693734,6
0.630981280330553,0.7757980561153889,2
0.6374774373879235,0.7704690239207065,14
0.6374997955675574,0.7704505244669008,21
0.6437346218724129,0.7652488069920668,21
0.6514129831982697,0.7587233522969561,2
0.6601799389515176,0.7511074811276816,26
0.6639131517992081,0.7478096862625154,12
0.6760399420921468,0.7368649786060175,5
0.6784444233839411,0.7346517299913148,23
0.6890694417831814,0.7246953183239249,21
0.6979027403685956,0.7161925474242278,2
0.7092558216251937,0.704951189438511,26
0.7134926446655386,0.7006627191510729,3
0.714760825932023,0.6993689739422048,9
0.7301010853580436,0.6833391582216013,3
0.7357512232391724,0.6772519010693595,3
0.7384856871988238,0.6742691523438403,14
0.7401642580521562,0.6724261082841007,14
0.7423142296708305,0.6700519266655396,2
0.7427490483713137,0.6695699001176112,13
0.7450602448088705,0.6669971751104692,3
0.7530934270871921,0.6579135886102886,8
0.7572040564701229,0.6531783958959382,1
0.7661454798508458,0.6426671795759584,22
0.7689953508723735,0.6392543706042808,6
0.7752472254429408,0.6316579291380914,20
0.7908153917324804,0.612054749347641,15
0.7927935995373353,0.6094902038036667,7
0.7985612696260548,0.6019135308773375,6
0.8014363199270639,0.5980801159558516,22
0.8074043176445937,0.5899985320734857,22
0.8109833014079679,0.5850692991752627,1
0.8176722955879597,0.5756839558541789,4
0.8237257483095125,0.56698844042179,16
0.8289515470061306,0.5593204204354986,9
0.8304596388370071,0.5570787989707628,1
0.8316672807358445,0.5552742873152385,6
0.8343712210595028,0.551202925851881,8
0.8636082633329171,0.5041634333260425,4
0.8656580724486281,0.5006356974932228,1
0.8699904971035937,0.49306848910617074,14
0.8856141597979104,0.46442174794624047,2
0.8919794398980998,0.45207596573924624,8
0.8943074749922953,0.44745294744018066,1
0.9017477798388597,0.43226258403392664,30
0.9032491312721826,0.4291165422773251,7
0.90591986343694,0.4234491717200496,29
0.9064435286862458,0.42232704069574706,2
0.9065263553421866,0.4221492236994065,19
0.9119197214181121,0.41036864121020844,16
0.9130216735896112,0.4079110485824399,4
0.9134045570605136,0.4070529635576763,24
0.9193811853854468,0.3933678125612856,10
0.9228743833590796,0.3851011198887878,1
0.9235102473260964,0.3835737518179421,3
0.9239670138897462,0.38247216531881834,7
0.925482338209505,0.37879076237715653,4
0.9270057365948602,0.375047149462865,10
0.9279750177756407,0.3726424108771025,4
0.9340108674251651,0.3572445934254158,24
0.9432697504456702,0.3320273752180128,20
0.9438135089528239,0.33047853231058416,12
0.9464094171160757,0.32296937191320435,10
0.9478833422102175,0.3186175914170271,11
0.9493637147219861,0.3141791482089024,16
0.9521897694328777,0.3055071897474152,24
0.9543004990672368,0.29884872005752805,2
0.9577328965560238,0.2876589975203428,22
0.9583548935702023,0.2855799327159492,1
0.9593608116743918,0.28218226915143363,3
0.9597878159975982,0.28072646519799416,2
0.9674320117079158,0.2531309991343908,9
0.9697141419217881,0.2442426722685664,6
0.9715508201993901,0.23683117144897184,2
0.9723377979308027,0.23357912302917314,1
0.9742368700718078,0.22552720676824659,6
0.9760615657422524,0.21749441344729445,4
0.9793282946360904,0.2022772634904053,9
0.980544093507866,0.19629895742677148,5
0.9834130247750295,0.18138032611842816,5
0.9836160042157323,0.1802763330298143,9
0.9836567141495433,0.18005407162439777,4
0.9838818407866944,0.17881980698509253,4
0.984010266771768,0.17811174831479842,6
0.9848879972944722,0.17319247323507989,2
0.9848884931831144,0.17318965325761887,3
0.9864144487369866,0.16427579043458224,5
0.9870936097871053,0.1601443271473016,2
0.9890890147029062,0.14731911279271986,2
0.9898463126142019,0.14214175109399718,2
0.9906290792079357,0.13657974750173363,8
0.9906976419004255,0.13608152825764516,7
0.991098930550474,0.13312741964639246,3
0.9914032531415399,0.13084184980491434,3
0.9914885395842163,0.13019399322994113,7
0.9917018114079795,0.1285593919172465,1
0.9929258662051623,0.11873594325530916,7
0.9936161575654836,0.11281370229189362,5
0.9938585612637627,0.11065785197049387,4
0.9947081433325551,0.10274098300046147,4
0.9948696958200816,0.10116465953512788,7
0.9954788511754855,0.09498345572959324,4
0.9964342814316572,0.08437252389123384,3
0.9974407668744587,0.07149766833185339,6
0.997701460436933,0.0677627909845154,5
0.9985696917128121,0.053465603826940565,5
0.9987735294605311,0.04951198692189157,2
0.9987779576314227,0.04942257934996899,5
0.9988345748941834,0.04826481115632739,5
0.99884210562408,0.04810871056736177,10
0.9989558799571842,0.045685335710356406,8
0.9993339328395697,0.03649233721479389,1
0.9995391937418403,0.03035457418432817,10
0.9996290698557974,0.02723458645240313,5
0.9996865830215144,0.02503469046680906,5
0.9997292252231904,0.023269641910424955,10
0.9999974635433263,-0.002252311460226111,3
0.9999718661706847,-0.00750112439026926,5
0.9999508140513482,-0.009918138839823632,7
0.9997011697490651,-0.02444526952911073,4
0.9996697771170716,-0.025697017700587996,2
0.9991520871872558,-0.04117167314246912,9
0.9989355903463208,-0.04612685052599537,4
0.9985729788552222,-0.053404174932377445,10
0.997662340354346,-0.06833633468872216,1
0.9968013564265598,-0.0799190579659856,1
0.9946656940734205,-0.10315113684996702,9
0.9938132220846888,-0.11106430393987553,1
0.9928229236415909,-0.11959365489759011,10
0.9911210706501685,-0.13296248836895155,9
0.9908366563789966,-0.13506561507537773,7
0.98928542068504,-0.145994371192945,6
0.9881208815569796,-0.15367863687272007,1
0.9869770825165897,-0.16086092933661988,8
0.9868976046717366,-0.16134781651199587,5
0.9843121795672047,-0.17643563459703657,1
0.9825966141895548,-0.1857522376264232,8
0.9818219847688932,-0.18980408379292435,8
0.9817565670240572,-0.19014216551080373,1
0.9816380355819384,-0.1907531575068495,8
0.9815376933494807,-0.1912688070077838,1
0.981387905981247,-0.1920358768400923,5
0.9769269203125485,-0.21357385694096448,4
0.9761963540321349,-0.21688863127044408,1
0.9755473332567367,-0.2197894460061024,7
0.9732376995014526,-0.22980074035807704,3
0.970772518810892,-0.24000149316526403,5
0.9704591928723616,-0.2412653206938876,6
0.9691360394859688,-0.24652654414778685,10
0.9666740750898393,-0.256010219618678,1
0.966637557348948,-0.256148067965502,6
0.9660306191590557,-0.25842763561038,9
0.9634348245270373,-0.26794279032763085,2
0.9564563324505212,-0.291875459940191,4
0.9564361968773888,-0.2919414347137398,9
0.9545836436704692,-0.29794306039377844,10
0.9525455222942565,-0.30439616941933095,2
0.9512446165491559,-0.3084374806767965,9
0.9504608545217037,-0.31084427616070537,8
0.950190254408286,-0.3116704676858504,5
0.9499450777083133,-0.31241694790415364,2
0.9446879645542421,-0.32797050115271487,1
0.9443988437764895,-0.32880210442396757,7
0.9387084413670637,-0.34471214383339893,8
0.9384897292730994,-0.3453071503008656,1
0.9372436466054328,-0.3486751308851128,9
0.9359594487572763,-0.3521078105949588,4
0.9355612288795069,-0.3531645325021568,5
0.9349459170930581,-0.354790264960893,3
0.9324010137289589,-0.3614254412699938,8
0.9273689045130216,-0.37414825262496987,10
0.9155797823667534,-0.4021363725420128,3
0.9113796921540865,-0.4115665884509121,1
0.9063877930462004,-0.4224466458818653,2
0.9056271383699481,-0.424074859249943,5
0.9030370146989892,-0.4295627428950717,8
0.8929498856610765,-0.4501560859278374,7
0.8907760331798512,-0.45444258021489203,6
0.8879101555522526,-0.4600169080231449,8
0.8841173762180223,-0.46726487677693046,2
0.8832632551954264,-0.46887740617519547,5
0.882951989573199,-0.4694632936755859,2
0.8793987823654651,-0.476085897264493,3
0.8787374040755586,-0.4773055359814597,6
0.8782871318567754,-0.4781335734026624,1
0.8761233053221337,-0.4820870812119108,3
0.8741476967650967,-0.48566017361965813,3
0.8731622280463998,-0.4874297113564652,7
0.8727029957595496,-0.4882514528317428,9
0.8702868904861972,-0.49254515351170175,8
0.8662346937675842,-0.4996373237793386,8
0.8644743432030085,-0.502676943915003,5
0.863667213104067,-0.5040624415774836,8
0.8575265845543993,-0.5144396531979883,3
0.8565856016255907,-0.5160049487046852,10
0.8550981015929604,-0.5184662348235566,9
0.8519758847471526,-0.5235810269760609,7
0.849605601514121,-0.5274185452520879,2
0.8467984756099913,-0.5319138480098022,9
0.8455036511914829,-0.5339696394195754,7
0.8431120433930369,-0.537737930860022,10
0.8430965139783644,-0.53776227844423,1
0.8376266868231123,-0.5462431084432424,9
0.8375935369001984,-0.5462939382264972,9
0.8279892008706052,-0.560744044321165,3
0.8245340933414474,-0.5658122735657095,6
0.8188718771438845,-0.5739763486615549,9
0.8123949353042588,-0.583107596496555,4
0.794671905231746,-0.6070391775127425,4
0.7931313389072454,-0.6090506376675098,8
0.7890614706601438,-0.6143142481821914,10
0.7882825358085981,-0.6153134516156511,5
0.7866997844592266,-0.6173357669306117,7
0.7866937901045064,-0.6173434057402791,10
0.7866835210882805,-0.617356491541269,4
0.7835947414463996,-0.6212723083942743,4
0.7829550696821814,-0.622078257825308,7
0.7813066614125681,-0.6241473390413089,3
0.7792021994515875,-0.6267726321161513,10
0.778987012901172,-0.6270400575173084,4
0.7763345561197529,-0.6303210745123047,3
0.7761600087884412,-0.6305359948151469,2
0.774010450778188,-0.6331728216578363,3
0.7710308127131669,-0.6367978375017251,3
0.768797083345904,-0.6394928026481855,10
0.7686016718440914,-0.6397276530199922,4
0.7646034748095306,-0.6445009901537713,4
0.762231760900378,-0.6473042118468788,10
0.7618066082330898,-0.6478045165421399,1
0.7574583151957133,-0.6528835276991384,4
0.7571550635002218,-0.6532351872151217,9
0.7569439263599383,-0.6534798331599838,1
0.7480327256440138,-0.6636618426319142,4
0.7462304238348453,-0.6656877305037754,6
0.7439675616208015,-0.6682157340679722,1
0.728175626499738,-0.6853905871630526,7
0.7235752656805308,-0.6902454888627302,5
0.7207337671377658,-0.6932119711224013,10
0.7200507367782011,-0.6939214195174911,1
0.7186855263346726,-0.6953352531240269,6
0.7157249140607493,-0.6983823074740174,1
0.7146534624538646,-0.6994786834512563,2
0.7056819586037191,-0.7085287385146907,3
0.7005143723308035,-0.7136382936460042,4
0.7003189134021233,-0.7138301055091957,5
0.6938099771928449,-0.7201581184348783,6
0.6929422110680783,-0.7209931290380532,7
0.6913346656664315,-0.7225346912418,8
0.6892277132826048,-0.7245447945042677,9
0.6869951959007772,-0.7266619577281122,10
0.6850486705776285,-0.7284973019440935,11
0.6755561571731603,-0.7373085368456223,12
0.6713598614659487,-0.741131524368261,13
0.667937410278143,-0.7442174520601674,14
0.6677621077840006,-0.7443747493083499,15
0.6596918468947225,-0.751536204810274,16
0.6513966279763221,-0.7587373940047221,17
0.6461583630549996,-0.7632033607460619,18
0.6461340077206773,-0.7632239802750014,19
0.645930325076446,-0.7633963683085195,20
0.6450487884928011,-0.764141387744421,21
0.6445623196754373,-0.7645517746069388,22
0.6428027972438562,-0.7660316989886736,23
0.6339160681962733,-0.7734018479953212,24
0.6317005348028036,-0.7752125091417527,25
0.6316537613661958,-0.7752506212522097,26
0.6305010977266704,-0.7761883571437178,27
0.6303429021456766,-0.7763168333319624,28
0.6302147248443446,-0.776420891391626,29
0.6290954850755708,-0.7773280328519823,30
0.6279764486642679,-0.7782323431488916,1
0.6225938904091344,-0.7825451090034483,2
0.6097186483844405,-0.792617921707711,3
0.6081009781874414,-0.7938596855411395,4
0.6061468800187657,-0.795352726683901,5
0.599631469385527,-0.8002762653749977,6
0.5985411782728028,-0.801092040849118,7
0.5979472478961103,-0.8015354569409064,8
0.5912290544558525,-0.8065036919737185,9
0.5910625675682109,-0.8066257132150414,10
0.5876772374881116,-0.8090954607080314,11
0.5847856373081267,-0.8111878687444284,12
0.5832988679825214,-0.8122576134517355,13
0.5819726810617707,-0.8132083364659849,14
0.5767865806494179,-0.8168948771921345,15
0.5764697987618664,-0.8171184559875351,16
0.5755224938608355,-0.8177859494147626,17
0.5708924488865214,-0.8210248545594406,18
0.5681018001272223,-0.8229582885494316,19
0.567621220645505,-0.8232898334565458,20
0.5600955629509422,-0.8284280055398099,21
0.5583384604781768,-0.8296132614362305,22
0.5521424872962926,-0.8337497668499005,23
0.5466829172392712,-0.8373397088391068,24
0.5432339531938645,-0.8395813671689994,25
0.5408316148054705,-0.8411308842427004,26
0.5270716830095721,-0.8498208287453639,27
0.526519776699849,-0.8501628813021309,28
0.5219615358054129,-0.8529690235522358,29
0.521213434346032,-0.8534263622933232,30
0.5197573209902234,-0.8543139512363507,1
0.5184552922716955,-0.8551047362256105,2
0.5080590938457601,-0.8613222144822604,3
0.4959372246057235,-0.8683583760466482,4
0.4954614693275822,-0.8686299168298046,5
0.49540903251675583,-0.868659824385134,6
0.49241030703740657,-0.870363194030703,7
0.49113583136672884,-0.8710830012964965,8
0.49091682880198684,-0.8712064435017688,9
0.4882047008463619,-0.872729150465088,10
0.48634935395586587,-0.8737644453207695,11
0.4770508605089033,-0.8788756888705677,12
0.47644316887015675,-0.8792052700234249,13
0.4752240849000522,-0.8798648016206285,14
0.47338123831213436,-0.8808576520721554,15
0.46968241614131023,-0.8828354478427228,16
0.46780667425148953,-0.883830818384243,17
0.46556970232279427,-0.8850112159058012,18
0.4649656959038732,-0.8853286969440373,19
0.460539018841071,-0.8876394606623252,20
0.4592199525515379,-0.8883225963458113,21
0.45886197687055,-0.8885075611284637,22
0.45628939137818714,-0.8898314398332549,23
0.4557157268816155,-0.8901253710982295,24
0.4554738620221184,-0.890249156705389,25
0.45080195251883476,-0.8926239967675115,26
0.44934889141740847,-0.8933563531883265,27
0.4460864474785433,-0.8949898778064324,28
0.44527736600685297,-0.8953926888924206,29
0.44163034786989996,-0.8971970997725701,30
0.4413506220165397,-0.8973347360074798,1
0.4403135753549404,-0.8978440595995215,2
0.4312921110803708,-0.9022123446948823,3
0.4275660884991045,-0.9039840927613583,4
0.42594514053276095,-0.9047489912989827,5
0.42496667808869887,-0.9052089938319527,6
0.42011458664066603,-0.9074710651540039,7
0.41825922285810574,-0.9083277065542664,8
0.41490952588277313,-0.9098626738864126,9
0.41160177813129945,-0.9113638001583959,10
0.41155911696955527,-0.9113830661358812,11
0.41124113827005354,-0.9115265910517096,12
0.4087006445612367,-0.9126684957503626,13
0.4082853261286933,-0.9128543654208959,14
0.4075901933889642,-0.9131649545690782,15
0.40067489402051976,-0.9162202951810472,16
0.3987392647239725,-0.9170643373108486,17
0.39546464566288086,-0.9184811996065745,18
0.3935409901617207,-0.9193070700601255,19
0.39164639082062663,-0.9201158104049604,20
0.39141350554170706,-0.9202149029870968,21
0.3904216298054965,-0.9206361664523178,22
0.38963991230162576,-0.9209672842949316,23
0.38847276018468296,-0.9214602078193577,24
0.3846989414688212,-0.923042103282818,25
0.3836035046061512,-0.9234978891442462,26
0.38218811944312314,-0.924084542320955,27
0.38099531249996804,-0.9245769691340207,28
0.38076441805076755,-0.9246720813058326,29
0.3793943503436408,-0.9252350657683305,30
0.37888182218030403,-0.925445063102793,1
0.3783951716750766,-0.925644150877101,2
0.3781626607271806,-0.9257391652251401,3
0.37712395808531074,-0.9261627935941223,4
0.37378636993018144,-0.9275148244930739,5
0.37302455294312287,-0.9278214714596679,6
0.37214289434053166,-0.928175450112667,7
0.36971922615895225,-0.9291435270228305,8
0.3692061568054269,-0.9293475204555971,9
0.36385103469302643,-0.931457151216745,10
0.36212221375191617,-0.9321306251311624,11
0.36072521652370837,-0.9326721386231732,12
0.3588042414512249,-0.9334128327361967,13
0.3583769957277808,-0.9335769539428072,14
0.3561393968886005,-0.9344328386694379,15
0.35507774079090776,-0.9348367761244873,16
0.3497200232441635,-0.9368542604600257,17
0.3492849379777927,-0.9370165591396181,18
0.34762055394582464,-0.9376352971568412,19
0.34547553504698103,-0.9384277567740642,20
0.34539567846566166,-0.9384571515510153,21
0.3443322268576853,-0.9388478670941461,22
0.3412279898724181,-0.9399805630584225,23
0.3371874924266177,-0.9414375151602201,24
0.3363040999543898,-0.94175344562888,25
0.33253391097311136,-0.9430912988957786,26
0.3244482147795486,-0.9459034601513856,27
0.3198758524127568,-0.9474594656465322,28
0.3195817565430199,-0.947558705772301,29
0.3164173134531059,-0.9486200945305339,30
0.3155122765390884,-0.9489214948314333,1
0.3050200891317902,-0.9523459167897108,2
0.30345978917943733,-0.9528442455885282,3
0.3031531083068708,-0.9529418623000475,4
0.30011870902710175,-0.9539018610380765,5
0.2992027150130565,-0.9541895699119833,6
0.2854725255672731,-0.9583868932462728,7
0.2763063341868371,-0.9610696175034522,8
0.27380173508339245,-0.9617861559958761,9
0.2734756050649376,-0.961878939074126,10
0.27075164905708493,-0.9626492323441956,11
0.27052268223674153,-0.9627136014388905,12
0.2704527986763602,-0.9627332359943351,13
0.26639078023503165,-0.9638651110014155,14
0.2658388587039779,-0.9640174797185819,15
0.2647217096291783,-0.9643248500640254,16
0.25620455927456054,-0.9666225860215186,17
0.25524195287073026,-0.966877213246199,18
0.2544178258958839,-0.9670943955304527,19
0.24854705370021596,-0.9686198233037263,20
0.24827209276628626,-0.96869033646127,21
0.24493172053180698,-0.9695403304026753,22
0.23454619594425277,-0.9721049747676843,23
0.22912152334462269,-0.9733978259376993,24
0.2266524754626711,-0.9739756954701916,25
0.22577017750700848,-0.9741805925743203,26
0.22508336677393434,-0.9743395085911843,27
0.22107831011535148,-0.9752560590924522,28
0.21611812178806158,-0.9763672246828038,29
0.21437421781535448,-0.9767516033956919,30
0.21371885033328783,-0.9768952108656371,1
0.21343852175036274,-0.9769564972060014,2
0.21322516545961137,-0.9770030853660194,3
0.21025448036628963,-0.9776466915434745,4
0.20897989339075343,-0.9779199374991745,5
0.20346310298989406,-0.979082614349639,6
0.20031555050970865,-0.979731432701836,7
0.19981928130259533,-0.979832768802776,8
0.1975948600799562,-0.9802837707878176,9
0.19625806817234226,-0.9805522784009327,10
0.1942452855819835,-0.980952990223881,11
0.19111330571199,-0.9815679825563971,12
0.1872773181098923,-0.9823070834120897,13
0.18293847764915222,-0.9831243631379555,14
0.18225396684851922,-0.9832514894816986,15
0.18218012437772785,-0.9832651739392154,16
0.17903872817636346,-0.983842026858474,17
0.1787761043360878,-0.9838897827086184,18
0.1778926173439277,-0.9840499055914426,19
0.17788368480708258,-0.9840515203379621,20
0.17520950121245965,-0.9845311730386607,21
0.17478238484279446,-0.9846070881060451,22
0.17229458945519405,-0.9850454682117299,23
0.16108277503642388,-0.9869408997435282,24
0.16090666418358832,-0.9869696274056816,25
0.16071943438064154,-0.9870001334409062,26
0.15974812545825118,-0.98715780724896,27
0.15504825364821304,-0.9879068979618674,28
0.15448172620123535,-0.9879956458759758,29
0.15343877528931557,-0.9881581564899998,30
0.1532731703786637,-0.9881838570033783,1
0.14991112571889587,-0.9886994762746126,2
0.1486865694806731,-0.9888843734512488,3
0.14536326218920625,-0.9893783512922203,4
0.13990352116370333,-0.9901651401488527,5
0.1392854632144915,-0.9902522707558536,6
0.13544251866468895,-0.9907852058532997,7
0.13530045729508408,-0.9908046155805599,8
0.12995513271263812,-0.9915198754849247,9
0.12750160474669583,-0.9918383642444052,10
0.12266593818831838,-0.9924480175849916,11
0.12266549892476052,-0.9924480718775868,12
0.12223367067017085,-0.992501350001347,13
0.12108215275565683,-0.9926424896628472,14
0.11996953455143455,-0.9927775736687006,15
0.11937010847083986,-0.9928498261084906,16
0.11824960686475305,-0.9929839024255788,17
0.11792805730278409,-0.9930221413950402,18
0.11668710667196357,-0.993168726418893,19
0.11290715925515685,-0.9936055421488603,20
0.11138708120519986,-0.993777096808226,21
0.11134474770039053,-0.9937818408280241,22
0.11006929951684909,-0.9939239152489843,23
0.11000509056747441,-0.993931023788493,24
0.10210451720191736,-0.9947736765551064,25
0.10178683102933864,-0.9948062329061901,26
0.09892060481883798,-0.995095329072685,27
0.09052103596678152,-0.9958945436377793,28
0.08644626644146872,-0.9962565146679496,29
0.08364689344983149,-0.996495457699729,30
0.07938569461943563,-0.9968439754995712,1
0.07005211899051897,-0.9975433327053709,2
0.06779065149865482,-0.9976995677905187,3
0.06588324409673431,-0.9978273388453988,4
0.0635791583383204,-0.997976798640625,5
0.061807868489472007,-0.9980880659504893,6
0.05946062907949762,-0.9982306514976739,7
0.058069399795590795,-0.9983125486576736,8
0.05749559456344583,-0.9983457600479885,9
0.05719733409423585,-0.9983628924256512,10
0.05703253449492283,-0.9983723203339951,11
0.05632107897808189,-0.9984127082838763,12
0.056211146798052565,-0.9984189035548394,13
0.054261530375948434,-0.9985267579395457,14
0.05348435941650066,-0.9985686873209106,15
0.0494325955943184,-0.9987774619467584,16
0.04925302454121919,-0.9987863332933336,17
0.04865561276198715,-0.9988156142886211,18
0.045605413704732374,-0.9989595318334072,19
0.043479379450200986,-0.9990543246303604,20
0.04332420638231607,-0.9990610657719289,21
0.038441418283957064,-0.9992608555128725,22
0.033558507436270105,-0.9994367546666721,23
0.03262499071058863,-0.9994676632993856,24
0.031656467255889026,-0.9994988084439504,25
0.02115267263257358,-0.999776257189827,26
0.018862687557615016,-0.9998220836819438,27
0.017099035799484064,-0.999853800800261,28
0.01286085078787873,-0.9999172958385169,29
0.012079205123114077,-0.999927043740489,30
0.010774396086599585,-0.999941954509845,1
0.010049094413685738,-0.9999495065759395,2
0.00642647896597426,-0.999979349970838,3
0.004444252672450351,-0.9999901242603266,4
0.0019417589715145552,-0.9999981147842713,5
0.0012651216914363328,-0.9999991997332327,6
0.0006862532814283912,-0.9999997645281892,5
-0.0008732862427788818,-0.9999996186854964,6
-0.003986373828510519,-0.9999920543802833,1
-0.005719936972550437,-0.999983641026707,2
-0.005797174924265469,-0.9999831962402655,3
-0.01051913620999111,-0.9999446723561237,4
-0.010674760941392818,-0.9999430231162394,5
-0.017934122162606692,-0.9998391706980961,6
-0.017993380573321564,-0.9998381060229419,1
-0.02075253747409971,-0.9997846429048538,2
-0.020952175002547296,-0.9997804790866156,3
-0.0265732264371234,-0.9996468694677743,4
-0.02802643984796945,-0.9996071821818049,1
-0.028370761843733893,-0.9995974689205681,2
-0.029340671950138782,-0.9995694698066334,3
-0.029759857769005447,-0.9995570773425441,4
-0.03019514374082623,-0.9995440226895816,5
-0.03708012327349867,-0.9993122957604506,6
-0.03845152498266449,-0.9992604666584721,7
-0.04207048867074965,-0.9991146450648215,1
-0.044445832945064274,-0.9990117956930336,2
-0.047072061607196236,-0.9988914961175955,3
-0.04740076124231483,-0.9988759521750682,4
-0.04802182975060597,-0.9988462864061736,5
-0.05161859879392358,-0.9986668715134952,6
-0.059839815168621344,-0.9982079926150588,7
-0.06054924765219122,-0.9981652110791849,1
-0.06128693764903182,-0.9981201887917125,2
-0.06277774681229079,-0.9980275319374571,3
-0.07237923787619531,-0.9973771833787162,4
-0.07310873905440382,-0.997323975583599,5
-0.07432543108786688,-0.9972340398791062,6
-0.07949601769565426,-0.9968351835536967,7
-0.07950283049357175,-0.9968346402204883,1
-0.07959733352673691,-0.9968270985960571,2
-0.08175494330693413,-0.9966524616158232,3
-0.0872949779164141,-0.9961825067880749,4
-0.08793069997847303,-0.9961265943650415,5
-0.08940786068864669,-0.9959950976019307,6
-0.09080233901157753,-0.9958689347650255,7
-0.09229425611881523,-0.9957317762768619,1
-0.0945635341512365,-0.9955188285556572,2
-0.0960413502596966,-0.9953773450507573,3
-0.09742335770378256,-0.9952430303065282,4
-0.09892131881707475,-0.9950952580951689,5
-0.10100336010802084,-0.9948860845578701,6
-0.10279740199327787,-0.9947023143350137,7
-0.10728198355906333,-0.9942286336671424,1
-0.10740028106998767,-0.9942158616850204,2
-0.11157456302320518,-0.9937560650814569,3
-0.11590243089373116,-0.9932606035240318,4
-0.11668404660691675,-0.9931690859402718,5
-0.11813256062197701,-0.992997833895369,6
-0.11947795426771177,-0.9928368538909113,7
-0.12005267910439281,-0.9927675227563891,1
-0.1212309991172508,-0.9926243221143803,2
-0.12133684380349563,-0.9926113893844892,3
-0.12209559073128841,-0.9925183457871082,4
-0.1260497326484805,-0.9920239235518701,5
-0.12683044178245528,-0.9919244119575177,6
-0.13080454617493667,-0.9914081756269558,7
-0.1325729155354659,-0.9911732553224114,1
-0.13751306488746018,-0.9904999530465699,1
-0.13950730527177474,-0.9902210418769174,2
-0.13957755385663745,-0.9902111423627779,3
-0.14220166978501778,-0.989837706450079,4
-0.14230871879919021,-0.9898223217091707,5
-0.14370569970561473,-0.9896204686000183,1
-0.14988742880208272,-0.9887030690187527,2
-0.15030873529509076,-0.98863910710329,3
-0.15146150585935514,-0.9884631567452661,4
-0.15451480924767846,-0.9879904724860222,5
-0.15950515848558075,-0.9871970950202851,1
-0.1620989883233226,-0.9867745020948582,2
-0.16279605949513243,-0.9866597402412127,3
-0.16541631229574533,-0.986223830388658,4
-0.16623804857167346,-0.9860856510501924,5
-0.1691961487240527,-0.9855823980048285,1
-0.17638265203876227,-0.9843216750939567,2
-0.17936651506196535,-0.9837823200660427,3
-0.18400546047513525,-0.9829252212225167,4
-0.18401038063037883,-0.9829243001474036,5
-0.18696326749284065,-0.9823669052896685,1
-0.19109604358960858,-0.9815713433695986,2
-0.19119279757410343,-0.9815525019864133,3
-0.19598708003208284,-0.9806064778801423,4
-0.19668038415614256,-0.9804676570332099,5
-0.1992379447330257,-0.9799511423425965,1
-0.20300283807703184,-0.9791781491294985,2
-0.20554275807654776,-0.9786481362585256,3
-0.2057691479945544,-0.9786005608692421,4
-0.20788975080133257,-0.9781522639710853,5
-0.209754461736705,-0.9777540926948581,1
-0.2151436143038601,-0.9765824211116396,2
-0.21635492568217196,-0.9763147782006897,3
-0.21726071667626234,-0.9761136106977081,4
-0.22050113397257076,-0.9753867181363556,5
-0.22174606991721915,-0.9751044459319564,1
-0.22417578516688916,-0.9745487249721323,2
-0.22660808313783995,-0.9739860248774588,3
-0.23172919401295625,-0.9727803352464037,4
-0.23386583420738716,-0.9722688782381563,5
-0.23549826759994785,-0.9718747686597401,1
-0.23584828336989316,-0.971789888418003,2
-0.2361362443065961,-0.9717199566360545,3
-0.23652865318592062,-0.9716245140083974,4
-0.23697009695574048,-0.971516944344661,5
-0.23934762737340676,-0.9709339386748826,1
-0.24250945670211815,-0.9701490418539017,2
-0.24427718316718994,-0.9697054489812373,3
-0.24841148494264467,-0.9686546000244826,4
-0.2594987951207184,-0.96574343142001,5
-0.2635155397294124,-0.9646551509845974,3
-0.26629694437443224,-0.9638910402202319,4
-0.2680789692156763,-0.9633969411744364,5
-0.2694754337785159,-0.9630072640379618,6
-0.2696821488794188,-0.9629493956464062,1
-0.27087719165959045,-0.9626139137985766,2
-0.27652213158273353,-0.9610075497856099,3
-0.2803906210885683,-0.9598859826070839,4
-0.28096155761263125,-0.9597190230186563,5
-0.28243556952173016,-0.9592862706559163,6
-0.2864136695702779,-0.9581060535678123,1
-0.28657735385818733,-0.9580571069908304,2
-0.28772695086145317,-0.9577124838634876,3
-0.29220437010430006,-0.9563558992822438,4
-0.29341831610142255,-0.9559841482870967,5
-0.29360793584386463,-0.9559259280977292,6
-0.29544294839643925,-0.955360384484734,1
-0.3000838536965642,-0.9539128265992753,2
-0.30217800420602636,-0.9532515165338383,3
-0.3027802953975435,-0.9530603825146529,4
-0.30391862046935036,-0.9526979962884392,5
-0.30532260731209704,-0.9522489724143277,6
-0.30735492276803367,-0.9515949513581164,1
-0.31069818775942754,-0.9505086196994783,2
-0.31094270773413174,-0.9504286572420712,3
-0.3161150917897405,-0.9487208486919447,4
-0.3161441901653245,-0.9487111525773855,5
-0.3172296344723143,-0.9483487538941368,6
-0.31729495455885737,-0.9483269013433567,1
-0.3184674949899641,-0.9479337817774073,2
-0.32022004322106395,-0.9473431922590144,3
-0.32190375292033846,-0.9467723981273438,4
-0.32232921918843166,-0.9466276324180358,5
-0.32476666750867,-0.9457941698251862,6
-0.32487432786690174,-0.9457571945764034,1
-0.32824487340002684,-0.9445926651666317,2
-0.3351246120275673,-0.9421738132708701,3
-0.3361004940861802,-0.9418261293227246,4
-0.33781209367240633,-0.9412135726649214,5
-0.33893170871796235,-0.9408109782658376,6
-0.3389475403217044,-0.9408052747034673,1
-0.340093703631058,-0.9403915528919378,2
-0.34378020206581816,-0.9390501438515332,3
-0.345910743650875,-0.9382674231938881,4
-0.3461618271098536,-0.938174818171948,5
-0.3505754852037108,-0.9365344783691537,6
-0.3523563367509747,-0.9358659155837623,1
-0.35668907524703714,-0.9342231551398271,2
-0.3587305070941691,-0.9334411729080523,3
-0.3606597925734643,-0.9326974396988906,4
-0.3609214912461706,-0.9325962026282545,4
-0.3613524320762405,-0.9324293109038272,5
-0.3697534776411434,-0.9291298971469385,6
-0.3703639576912964,-0.928886720135044,7
-0.3792724756333447,-0.9252850313427501,1
-0.3810589436834698,-0.9245507457348343,2
-0.3814025206968753,-0.9244090637840315,3
-0.3816487496486065,-0.9243074336451348,4
-0.38220030114097986,-0.9240795040513259,5
-0.388310775387063,-0.9215284812301234,6
-0.38956952971903575,-0.9209970583636461,7
-0.3907543042957415,-0.9204950155619264,1
-0.39163893693327956,-0.9201189831091252,2
-0.39201351289087216,-0.9199594587322628,3
-0.39358878570413314,-0.9192866080651594,4
-0.39391686781042473,-0.919146071772286,5
-0.3981629986683381,-0.9173146823699253,6
-0.3992524445784568,-0.916841036111564,7
-0.4003584457043281,-0.9163586170016707,1
-0.4018711745155775,-0.9156962155067969,2
-0.4032538914634746,-0.9150881372958368,3
-0.415630783228979,-0.9095334254619043,4
-0.4174870853960328,-0.9086828564067475,5
-0.41770461588492985,-0.9085828822228731,6
-0.41990301196518603,-0.9075689839029124,7
-0.4202902682792724,-0.9073897125214376,1
-0.4203643084077477,-0.9073554144969191,2
-0.42866711561531673,-0.9034625083477702,3
-0.4321632174233028,-0.9017954055695444,4
-0.4413707443671406,-0.8973248386269023,5
-0.44290127196497764,-0.8965703894797133,6
-0.44469068651096805,-0.8956842040197002,7
-0.4451249366492043,-0.8954684755886395,1
-0.4457929350354661,-0.8951361120368593,2
-0.4500843078827543,-0.8929860669672859,3
-0.45112147902300637,-0.8924625544884756,4
-0.4552476806752014,-0.89036484052317,5
-0.45815358647647014,-0.888873045602547,6
-0.458612928947209,-0.8886361355484382,7
-0.4602803974383661,-0.8877735948618768,1
-0.46294339696780507,-0.8863878446842044,2
-0.46357442584363656,-0.8860579843913956,3
-0.4677528757551083,-0.8838592915293849,4
-0.46960576053458875,-0.8828762255677353,5
-0.4700311124280215,-0.8826498475328008,6
-0.4720898669250229,-0.8815504282494078,7
-0.4911919177657863,-0.871051376166509,1
-0.4915758445805392,-0.8708347656271708,2
-0.49556478611486343,-0.8685709773892573,3
-0.49611141570030426,-0.8682588687781081,4
-0.4996959963198993,-0.8662008492617997,1
-0.5028136747412504,-0.8643948221115163,2
-0.5036541622838532,-0.8639053679739177,3
-0.5045813374561567,-0.8633641606477281,4
-0.5082762042405541,-0.8611941129633984,5
-0.5097309368115044,-0.8603338724339906,1
-0.5128138375330199,-0.8584998357802158,2
-0.5131903307561523,-0.858274830353536,3
-0.5176840667792263,-0.8555718596371211,4
-0.5205977996456447,-0.853802044389748,5
-0.5261667800474654,-0.8503813965359791,1
-0.5265002849919431,-0.85017495252648,2
-0.5286103332213773,-0.8488646038159351,3
-0.5307554722617451,-0.8475250017929924,4
-0.5317791779595654,-0.8468830532539005,5
-0.5332185469065082,-0.8459775299822756,1
-0.5333094508758037,-0.8459202265028002,2
-0.5365216154311191,-0.8438865777906308,3
-0.5383908904650134,-0.8426952290503904,4
-0.5385304499777526,-0.8426060493770261,5
-0.5412070831147351,-0.8408893465768491,1
-0.5426814923858424,-0.8399385678856965,2
-0.5427637512979484,-0.8398854149686008,3
-0.5509325845604691,-0.8345497512248875,4
-0.5578931795073855,-0.8299127666563155,5
-0.5595765401491558,-0.8287786771597713,1
-0.5598068095644347,-0.8286231567879869,2
-0.5630919093688351,-0.8263942773297499,3
-0.5646756707575677,-0.8253129023918692,4
-0.5655181800274419,-0.8247358292559198,5
-0.5670990893320496,-0.8236495752920413,1
-0.5688267087236755,-0.8224574003816798,2
-0.5707596217403765,-0.8211171988156029,3
-0.5721196222765423,-0.8201701883183432,4
-0.5742934587893433,-0.8186495118130669,5
-0.580144480138564,-0.8145135862370593,1
-0.5811943390214055,-0.8137647942062077,2
-0.5842103034372382,-0.8116023172451949,3
-0.5894450729672751,-0.8078084587045394,4
-0.5908634872502355,-0.8067715534365913,5
-0.5922285744532413,-0.8057700140865764,1
-0.5943741268936752,-0.8041886577659383,2
-0.5964571036686988,-0.8026449548107476,3
-0.6002761023621024,-0.7997928487633299,4
-0.6017810306159868,-0.7986611241263474,5
-0.6146190799557475,-0.7888240529765497,1
-0.6147613317921581,-0.7887131956124052,2
-0.6147686933749146,-0.7887074575824045,3
-0.6171375882441718,-0.7868552580850986,4
-0.6179591857900203,-0.7862101784495893,5
-0.6185964394847367,-0.7857088806019736,3
-0.6194626510410856,-0.785026129479236,4
-0.6201479522608908,-0.7844848738545721,5
-0.6202204233832566,-0.7844275788231149,6
-0.6284334323649295,-0.7778633691632699,1
-0.6290101128795424,-0.7773971172414169,2
-0.6320677914482902,-0.7749130964267418,3
-0.6353847137300412,-0.7721957430329395,4
-0.6414797475414848,-0.7671399699494955,5
-0.6415512545354752,-0.7670801703889613,6
-0.6462778899756516,-0.7631021484235381,1
-0.6480005143732491,-0.7616398974397314,2
-0.6503007065518017,-0.7596768991210852,3
-0.6526749349347029,-0.7576380595693312,4
-0.6566028316541814,-0.7542365155995239,5
-0.6575328812229854,-0.753425849112306,6
-0.6605568442580241,-0.7507760355151732,1
-0.6622782550849852,-0.7492579748268198,2
-0.6658818954953274,-0.7460571702299696,3
-0.676475185983651,-0.7364654253584378,4
-0.6769852888337063,-0.7359965480236598,5
-0.6888106844397784,-0.7249412672772906,6
-0.6890239937269587,-0.7247385294494506,1
-0.6890292533244471,-0.7247335290043886,2
-0.6891316322192096,-0.7246361800758281,3
-0.690079037235799,-0.7237340135489783,4
-0.6923462983862995,-0.7215653838085563,5
-0.6925081896178986,-0.7214100133156875,6
-0.6925210500788646,-0.7213976678626476,1
-0.6987556197160836,-0.7153604573326596,2
-0.7026398771079749,-0.7115456437205485,3
-0.7063619691689247,-0.7078508095014083,4
-0.7111978488256613,-0.7029919059461154,5
-0.7138937140754281,-0.7002540717508117,6
-0.7141406803547972,-0.7000022061839429,1
-0.7152805434952418,-0.6988374232231351,2
-0.7181493160720058,-0.6958890427541665,3
-0.7188841623618933,-0.6951298879383901,4
-0.7214770658376316,-0.6924383318897949,5
-0.721532397092078,-0.692380675601623,6
-0.722347213963253,-0.6915305506480003,1
-0.7241210174403837,-0.6896729312515487,2
-0.7263445641354828,-0.687330760370024,3
-0.7282559934857351,-0.6853051932913575,4
-0.7309093117930763,-0.682474598746482,5
-0.7309228611578149,-0.682460087504664,6
-0.7311588847975224,-0.6822072157208858,1
-0.7356505987416052,-0.6773612009637973,2
-0.7381780082043505,-0.6746059799641995,3
-0.7384425930422109,-0.6743163477041734,4
-0.7425043038340284,-0.6698412937315411,7
-0.7431148074944843,-0.6691639432025873,1
-0.7445451698995039,-0.6675720859797232,2
-0.7448900653080894,-0.6671872230531024,3
-0.7476061927184092,-0.6641422894298215,4
-0.7500132626421195,-0.6614227890395998,5
-0.7505324971723424,-0.6608335423450054,6
-0.7548753887363225,-0.6558682394202253,7
-0.7559940870197731,-0.6545784447956866,1
-0.7567482910457488,-0.6537063744521225,2
-0.7571084073569256,-0.6532892617435706,3
-0.7577823941654519,-0.6525073509876159,4
-0.7578309033596057,-0.6524510111212671,5
-0.7597339850584302,-0.6502340132192694,6
-0.7637353727683643,-0.6455294574086976,7
-0.7654587625099298,-0.6434849515697837,1
-0.7659943496563609,-0.6428473040268029,2
-0.766068453913721,-0.642758993650218,3
-0.766590947102514,-0.6421357487482461,4
-0.7677533932495919,-0.6407454464557181,5
-0.7708245575516401,-0.6370474876140069,6
-0.7712727519942351,-0.636504785552504,7
-0.7740062528761329,-0.6331779532711541,1
-0.7783226146592903,-0.6278645614381544,2
-0.7796162064550655,-0.6262575912774333,3
-0.7832863893381654,-0.6216610268285925,4
-0.7850070335059408,-0.61948685001879,5
-0.7871585124491376,-0.6167507408012258,6
-0.7887419381893226,-0.6147244544845689,7
-0.790058596398315,-0.6130313321985462,1
-0.7906243065739714,-0.6123015644716473,2
-0.7913878844200789,-0.6113143351771753,3
-0.792111186222084,-0.6103768251349678,4
-0.7938578453673181,-0.6081033804779903,5
-0.7941271736360785,-0.607751620395021,6
-0.7993383090412578,-0.6008812425921303,7
-0.8020033494056115,-0.5973195355437327,1
-0.8030745671879248,-0.5958785442822448,2
-0.8034349065004389,-0.5953926024201435,3
-0.8078707542369115,-0.5893596902136112,4
-0.8114587170257469,-0.5844097454380178,5
-0.8140937079764756,-0.5807335315212243,6
-0.8147457697254211,-0.5798183601047238,7
-0.8158040898619161,-0.5783283556636063,1
-0.816026852141351,-0.5780139934156245,2
-0.8164571417298874,-0.5774060405973102,3
-0.8195826497816789,-0.5729609761378534,4
-0.8221418060660585,-0.5692827511162089,5
-0.8239720468148856,-0.566630449294501,6
-0.8285407861940471,-0.559928714760147,7
-0.8303045894965485,-0.5573098677225875,1
-0.8315699653778591,-0.5554200146568956,2
-0.8324056729746231,-0.5541667579345271,3
-0.8380272920945321,-0.5456283146105102,4
-0.8381991398851034,-0.5453642836635645,5
-0.8434774637943849,-0.5371645633053171,1
-0.8469186836821447,-0.5317224306253248,2
-0.8471915999015948,-0.5312874862597238,3
-0.8488196635790474,-0.5286824932996674,4
-0.8527337364729632,-0.5223458381961694,5
-0.8543760995896271,-0.5196551553193863,1
-0.8589435649523544,-0.5120702610257118,2
-0.8643892144158366,-0.502823314894579,3
-0.8654286983699789,-0.5010321028014513,4
-0.8663241305216147,-0.4994822327930878,5
-0.8714807080742253,-0.4904297864673871,1
-0.8735732799508232,-0.486692638690951,2
-0.8738024779122223,-0.4862810191591485,3
-0.8738827670352485,-0.4861367189164152,4
-0.8754233447105503,-0.4833569773322747,5
-0.8803052207710211,-0.47440775529420226,1
-0.8836841593911905,-0.46808365325130197,2
-0.8857187617963888,-0.46422222588095874,3
-0.885988811254299,-0.4637066166577681,4
-0.8865169754061317,-0.46269606905263855,5
-0.8902380106104038,-0.4554956470312648,1
-0.8905973718054498,-0.4547926135429482,2
-0.8911774067706153,-0.4536549676368609,3
-0.8914238832694857,-0.45317045395386296,4
-0.8934166911014664,-0.4492289127619761,5
-0.89844654247426,-0.43908291963596996,1
-0.8989904317893107,-0.437968267744672,2
-0.9001069432827313,-0.43566901502656563,3
-0.9018392558416714,-0.43207170310370985,4
-0.914387650614482,-0.4048397515112961,5
-0.9145694647883542,-0.40442884921422617,1
-0.9156991951067052,-0.40186438518601314,2
-0.9164922522289736,-0.40005243606840274,3
-0.9197337790957385,-0.39254270543505365,4
-0.9207690831647096,-0.39010805616908245,5
-0.9209571784063095,-0.38966379808995477,1
-0.9225579640419821,-0.3858585271608142,2
-0.9248791610323815,-0.3802611438051987,3
-0.9248836922805079,-0.38025012262138014,4
-0.9279293022666321,-0.37275623401220465,5
-0.9282474883884203,-0.3719631706239066,1
-0.9294832417349176,-0.3688643427250033,2
-0.930306302174554,-0.3667835657909271,3
-0.932237873124064,-0.3618460279084482,4
-0.9329383190209678,-0.3600362383182155,5
-0.9359783437263117,-0.3520575806247471,3
-0.9379083071141517,-0.3468832764003851,4
-0.9394289414123587,-0.34274372939100606,5
-0.9417188376916132,-0.33640099693187137,6
-0.9437107314514172,-0.33077190833477876,1
-0.9437624602661273,-0.3306242861503468,2
-0.9444698208174436,-0.328598170361714,3
-0.9481644426487771,-0.3177800964449064,4
-0.9483483750396062,-0.3172307670446523,5
-0.9501605993397451,-0.3117608626212347,6
-0.9549971254995451,-0.2966150540475081,1
-0.9550666397719092,-0.29639114965665597,2
-0.956540666756591,-0.29159895891593374,3
-0.9573448519819658,-0.28894780563906003,4
-0.9584372092173091,-0.2853035506048532,5
-0.9585492711247733,-0.2849268236340093,6
-0.9586044535536891,-0.2847411133416339,1
-0.9599727702647972,-0.28009334220957655,2
-0.9620910721275269,-0.2727283794043186,3
-0.9639147503889991,-0.26621110792473246,4
-0.9648410132061864,-0.26283420484263365,5
-0.9649645570391864,-0.26238026537483117,6
-0.9663185294667848,-0.2573489840841625,1
-0.9666375836125739,-0.2561479688532472,2
-0.9693641237882314,-0.245628165144542,3
-0.9713545107770365,-0.23763504453910855,4
-0.9726737794801683,-0.23217605111588274,5
-0.9757321981334153,-0.21896729784544,6
-0.9757643384168322,-0.2188240294710838,1
-0.9770871914022183,-0.21283942397433053,2
-0.9774794036084684,-0.21103084021354085,3
-0.9797279528524968,-0.20033256949247097,4
-0.9800160684607002,-0.19891833892035204,5
-0.9811938894851596,-0.19302474255127072,6
-0.9830421269801102,-0.1833798696215616,1
-0.9830787999079679,-0.1831831683630068,2
-0.9835127281907952,-0.1808389158524767,3
-0.984713968311195,-0.17417921980769954,4
-0.9852097807387014,-0.17135252532950862,5
-0.9854611411901365,-0.1699009688148771,6
-0.9856604256492014,-0.1687410006756956,1
-0.9857731106419844,-0.16808145149071615,2
-0.9872835884125554,-0.1589689153615507,3
-0.9879252905636174,-0.15493101776207366,4
-0.987984130175074,-0.1545553574684568,5
-0.9883382174291613,-0.15227464650738143,6
-0.9886704306987977,-0.150102563142186,1
-0.9888144653799871,-0.14915077289538395,2
-0.9892203036181385,-0.14643493746247144,3
-0.9895027284197685,-0.1445141877112207,4
-0.9897917929601759,-0.14252089877867066,3
-0.9906941026344089,-0.13610729225652504,4
-0.990859802329497,-0.134895708336293,5
-0.9915184552677562,-0.12996596809720093,6
-0.9920438988243909,-0.12589242552791544,7
-0.9925503043956274,-0.12183551717027084,1
-0.9931832163579832,-0.116563711097457,2
-0.9936294323795828,-0.11269672182023796,3
-0.9947452891955482,-0.10238070923404145,4
-0.9952990491440605,-0.09684938189234304,5
-0.9956713013964701,-0.0929443896932978,6
-0.9964499721720755,-0.08418701181458979,7
-0.9968307142266465,-0.07955204066768999,1
-0.9969662320071999,-0.07783528915193984,2
-0.9970560403605684,-0.07667628303787692,3
-0.9971192203375887,-0.0758502500546912,4
-0.9979268980591363,-0.06435764235947583,5
-0.9983097627762549,-0.05811727407249596,6
-0.9990272513207408,-0.04409706473820522,7
-0.9992243532656591,-0.03937882477709864,1
-0.9993483015405212,-0.03609670633278772,2
-0.9993596558626558,-0.03578097586810636,3
-0.9995478275659316,-0.030068927620161397,4
-0.999672850443195,-0.02557717902305817,5
-0.9999985532678946,-0.0017010179651601879,6
-0.9999999632210392,-0.00027121563425820715,7
-0.9999931930744549,0.0036896889782251628,8
-0.9999512119125196,0.00987794486132106,6
-0.9997640043506067,0.021724078918100492,8
-0.9997178447394937,0.023753545196911627,7
-0.9996751441864107,0.025487371301862814,5
-0.9990529795046379,0.04351027629084369,7
-0.9984462664088382,0.05572300327738481,10
-0.9982969777690598,0.05833647381494224,11
-0.9958814205642209,0.09066529752330517,12
-0.9955057784662975,0.09470081858258099,10
-0.9946637157569044,0.10317021157615232,12
-0.9942948125093963,0.1066668918498346,15
-0.9918669354292742,0.12727915148263727,13
-0.9911732955875592,0.13257261449521573,12
-0.9898157040456967,0.1423547400844862,14
-0.9896225485733636,0.14369137536804555,15
-0.9896129526279664,0.14375744847122995,18
-0.9892914512724771,0.14595350094874734,21
-0.9886153755971042,0.15046474382059255,16
-0.9876291087393778,0.15680798312159458,18
-0.9872555774534864,0.15914278113374516,21
-0.9828858849625278,0.18421546390416982,24
-0.9827591746755522,0.18489025012430357,18
-0.9782747452109254,0.2073126211365316,21
-0.9756002363436649,0.219554500856132,23
-0.9740463350368361,0.22634870708998453,23
-0.9728040304112702,0.23162970106527458,20
-0.9724306691403504,0.23319218193423744,21
-0.9711972864086028,0.2382767946581588,22
-0.9661672099228309,0.25791650290342505,22
-0.9617357296514841,0.2739788063185315,22
-0.957731302011408,0.28766430634949003,23
-0.9525465363594638,0.3043929960915471,21
-0.9494921000250528,0.31379093675569253,21
-0.948855449518442,0.3157108422578409,24
-0.9468263255746996,0.3217450997275839,24
-0.9452603748697428,0.32631706008284833,22
-0.9325997150468637,0.36091241526789947,24
-0.9317555248462094,0.363086273382188,26
-0.9297731949232744,0.36813286460484185,29
-0.9266040186861055,0.3760385519528011,28
-0.923087721337898,0.3845894677642735,29
-0.9230353203824526,0.38471521587592955,28
-0.917162724623803,0.39851290639155224,27
-0.9078064939569247,0.41938928161033867,27
-0.9028785452555651,0.42989572284124267,26
-0.8997725868116013,0.4363591319341895,30
-0.8847445659627273,0.4660762308887091,29
-0.8824347483113479,0.47043481479657523,30
-0.8793967097102743,0.4760897257353319,28
-0.8780497302861971,0.47856940055161956,2
-0.8751171605200813,0.4839111027485011,3
-0.8676856411085393,0.49711329514916736,6
-0.8635069438323277,0.5043369488282147,7
-0.8535453281060116,0.5210185916725055,4
-0.8534810694237894,0.5211238472141001,6
-0.8534331452840861,0.5212023278253006,7
-0.8509254934294708,0.5252864024813622,7
-0.8495387383251368,0.5275262382905088,6
-0.8492860326067302,0.5279329832650352,5
-0.8403153527382117,0.5420978767274919,5
-0.8362873776230415,0.5482913659983863,5
-0.8346387269361755,0.5507977809490161,8
-0.8344714368774174,0.5510511963835468,10
-0.8307463236838617,0.5566511885245091,11
-0.8307437886552138,0.556654971783044,11
-0.8287872566395525,0.5595638330270145,10
-0.8105229490979587,0.5857068797492034,8
-0.806341008080248,0.5914509097872193,6
-0.7974178442066812,0.6034275281595706,7
-0.7909877912689639,0.6118319328569293,12
-0.78186515371747,0.6234475771084181,10
-0.7650700502193,0.6439470616886437,9
-0.7610197732081884,0.6487286834926891,8
-0.7579490189672765,0.6523137930831627,14
-0.7228310818049989,0.6910247659647337,16
-0.719153470372216,0.6948512690148866,17
-0.7157861290295503,0.6983195668810176,15
-0.7013326126198114,0.7128341788072943,16
-0.6996683822383599,0.7144677423760686,17
-0.67977899282634,0.7334170170591945,17
-0.6795527274655403,0.733626669767495,15
-0.6775261842641422,0.7354986537285242,18
-0.6754104596333962,0.7374420051894282,21
-0.6494471784165313,0.7604067085756189,23
-0.6321604038114239,0.7748375467496251,24
-0.6299401672293965,0.7766436671415019,20
-0.6223016056147275,0.7827775620502495,20
-0.6172269331685729,0.7867851758716086,21
-0.612261714430079,0.790655166961641,21
-0.599473823837154,0.8003943618829789,22
-0.598062817696686,0.8014492286406547,21
-0.5929353084031962,0.805250097826015,23
-0.5723266844150896,0.8200257107593825,22
-0.5587489487107711,0.8293368509324833,24
-0.5376678662080958,0.8431567266215891,26
-0.529999111720517,0.8479981966817282,24
-0.5212081940815692,0.8534295626601116,27
-0.5177402585691263,0.855537856939583,26
-0.5154382788527536,0.8569267067219407,27
-0.5147047649401887,0.8573674853572797,27
-0.511222129967826,0.8594486219845601,27
-0.5041531946959215,0.8636142404325535,28
-0.5031503596599848,0.8641988865845801,30
-0.48543627776967946,0.8742720516092909,2
-0.4721459184578024,0.8815204091135033,1
-0.4568675613202925,0.8895347274914278,30
-0.4385912433525062,0.89868666466934,28
-0.4309035723308525,0.9023979783623797,29
-0.42264393184549903,0.9062958164276039,1
-0.41670839255135494,0.9090402166996056,2
-0.41135771633478313,0.9114739871284491,30
-0.402807744604005,0.9152846119579607,28
-0.4028076184361595,0.9152846674831767,1
-0.40212116427580474,0.9155864619146961,4
-0.40151155277530565,0.9158539583295816,7
-0.36192359847075717,0.9322077605716325,8
-0.3618108860707109,0.932251512586988,8
-0.35889829844214544,0.9333766717544063,6
-0.35830493082539694,0.9336046146770096,7
-0.35594187805427324,0.9345080949072602,8
-0.3531083283177712,0.9355824434397159,10
-0.3379378849772629,0.9411684152674771,8
-0.32186831592600884,0.9467844460081476,11
-0.31117409040515753,0.9503529267911595,9
-0.3066830466294877,0.9518116982418611,9
-0.3033504629361416,0.9528790566679638,10
-0.3010556263252456,0.9536065802299784,10
-0.29574010382776206,0.9552684392294893,7
-0.20625478874051875,0.9784983199380589,19
-0.20329897192349516,0.9791167080664337,2
-0.19400633509199455,0.9810002762202327,7
-0.18829937130736715,0.9821116773388097,10
-0.1715613304652482,0.9851734415264116,4
-0.17131124466834546,0.9852169595831074,4
-0.16257652445750534,0.9866959378123121,9
-0.15068717247252578,0.9885814969198217,28
-0.1452845786640227,0.9893899085812516,2
-0.13323096446362,0.9910850165894416,20
-0.1233128512717642,0.9923678454641846,2
-0.10839515495440635,0.9941078866915856,8
-0.06478721369606134,0.9978991015836726,9
-0.06267714422465402,0.9980338549327081,1
-0.06025598359374453,0.9981829573986677,2
-0.04041458190783621,0.9991829970376872,23
-0.038783196426596195,0.99924764882132,1
-0.03362596850332112,0.9994344872187539,2
-0.03297539671496281,0.9994561637267994,15
-0.03004494068130172,0.9995485488656651,2
-0.027954855133668605,0.9996091866696982,16
-0.010282644986173352,0.9999471322085425,23
-0.0033007189222201646,0.9999945526124613,5
0.0064360985394562135,0.9999792881033038,10
0.014483684560693865,0.9998951059393912,26
0.020466298563810235,0.9997905433755098,20
0.020664067642738395,0.9997864753578417,21
0.022286348953623823,0.9997516284809529,23
0.033971155543555516,0.9994228137235189,12
0.03522367231906689,0.999379453915458,17
0.04371014806531639,0.9990442547535661,26
0.053032384877431664,0.9985927929612811,8
0.06251831338428909,0.99804381691967,9
0.06701846550461175,0.9977517352936086,28
0.06855455286247607,0.9976473692050843,28
0.08380781663998406,0.9964819365497996,24
0.08693377206388792,0.9962140930918133,16
0.10702305117575527,0.9942565395897739,5
0.11890588417211322,0.9929055295994922,10
0.13938903806558348,0.9902376967512151,28
0.14027544717615725,0.9901125183127063,27
0.14479681321628235,0.989461410506953,30
0.1676578410642961,0.9858452456291805,4
0.17949523653500796,0.9837588424310307,3
0.18161830637383278,0.9833691020109899,7
0.18185708717139834,0.9833249716373191,7
0.18439398412711294,0.9828524093767741,8
0.21690617981380483,0.9761924549793352,13
0.24170829618169978,0.9703489576214012,4
0.24503646084753222,0.9695138641893244,1
0.2501859836292966,0.9681977967313504,16
0.2549269072605299,0.9669603259465102,3
0.2558005420118807,0.9667295809617228,30
0.26140227846518926,0.965229946081869,18
0.2792502296309501,0.9602183653997989,20
0.28067831376190266,0.9598018984060069,13
0.2984093613801688,0.9544379775766888,5
0.3511656669466136,0.93631334197369,3
0.3826493448592228,0.9238936512817953,1
0.40951554241190813,0.9123031406956137,29
0.41596224147179695,0.9093818854968239,11
0.4171319386562905,0.9088459417045579,12
0.4581609960497259,0.8888692264325069,12
0.4603547388945523,0.8877350473972111,10
0.46273414834880777,0.8864970997989241,13
0.46353334846583705,0.8860794743475604,18
0.4710695085843462,0.8820960934513329,11
0.4813205337343195,0.8765446616149744,16
0.4894647754330247,0.8720230694255162,13
0.49104406970469916,0.8711347321785802,27
0.4929605516371533,0.8700516619888692,8
0.49367784584121793,0.8696448611505588,9
0.5056854432850464,0.8627179333070607,11
0.5066535351621567,0.8621497522517125,17
0.5168942015013884,0.8560492885659342,12
0.5215218888606274,0.8532379031895169,27
0.5274269965706294,0.8496003550425842,12
0.5383338665281439,0.8427316584470164,4
0.5455635278443742,0.8380694703221212,2
0.5455830196285391,0.8380567813060193,8
0.5467835095521266,0.8372740254431995,3
0.5558789417212094,0.8312632568271668,1
0.5822893407332778,0.8129816256646916,14
0.5959214994065354,0.803042692853292,1
0.6001788577832184,0.7998658254170078,2
0.6091011523415915,0.7930925458079564,27
0.6134631231391068,0.7897233671029452,27
0.6204073643029959,0.7842797347366626,18
0.6226076869363397,0.7825341322701399,18
0.6310395475273756,0.7757506619117028,15
0.6331440382417785,0.7740339959193611,18
0.6391168372918088,0.7691096594700365,25
0.6425253411331902,0.7662644360804419,21
0.643280668984509,0.7656304466979109,18
0.6600546687495789,0.7512175678602596,10
0.6741488166174687,0.7385955409107656,30
0.6788550754028309,0.7342722836930569,11
0.6809656775436137,0.7323153323586549,17
0.6899015824013611,0.7239031748791395,15
0.6917185232317145,0.722167213751868,1
0.705152500763381,0.7090556752943664,1
0.7237260906708434,0.6900873464151464,1
0.7270169427919344,0.6866195197439913,11
0.7276147592818979,0.6859859780455762,6
0.7453765513436716,0.6666436804673204,3
0.7493309754700043,0.6621956577939574,13
0.7557623488793938,0.6548459910668321,5
0.7590183097561353,0.6510692785371919,7
0.7738716889780412,0.6333424105476231,4
0.7784256833832973,0.6277367724207708,7
0.7885971171528623,0.6149102266332824,4
0.7932442857188811,0.6089035253423503,13
0.8205156468843133,0.5716240663390729,20
0.8225488190827311,0.5686945051832349,3
0.8258133189382751,0.5639435807455836,5
0.8350530340738855,0.5501694559715199,26
0.8461814945861744,0.5328948097138009,1
0.8566697612171816,0.5158652151639002,7
0.8646350691228442,0.502400435154006,14
0.8748914969141117,0.4843189740526225,10
0.8834095991312678,0.468601622023156,5
0.8869362375693561,0.461891881814689,20
0.887646042009414,0.4605263337801885,10
0.8901028358203422,0.4557597411625833,13
0.8968979839647129,0.4422374999477471,13
0.8978672360358463,0.44026631310304654,9
0.9001089560554504,0.4356648565454498,3
0.9002309762750235,0.43541266558854047,17
0.9016275766526445,0.43251325184262246,7
0.9016762712704648,0.43241172720890814,13
0.9122469133295907,0.40964078058786346,10
0.9127149211103199,0.4085969564039636,28
0.918694132237134,0.39496973478110864,18
0.9238100686655639,0.3828510898928277,8
0.930068035330393,0.3673873291999371,1
0.9356509239880749,0.35292683156748167,8
0.9439426847788908,0.33010938770719567,4
0.9463892502806387,0.32302846152196973,1
0.9503745879760241,0.31110792746152005,18
0.9561084917156146,0.2930128872068472,3
0.960696821742518,0.2775997418835698,20
0.964758571525548,0.26313665398036823,1
0.9670888374618418,0.2544389523180427,7
0.9686763456555424,0.24832667469972736,1
0.9692588808802417,0.24604313002963826,1
0.969496135757363,0.24510659467166657,3
0.9705774669283579,0.24078907926011167,7
0.9742425216498816,0.22550279157757688,6
0.9746702440932729,0.22364685394424827,7
0.9776995701115958,0.21000845364794404,7
0.9809263358800544,0.19437984354590568,9
0.9819601459511993,0.1890880000515617,7
0.9819820310220423,0.1889743124073342,5
0.982552953242729,0.18598304781348143,4
0.983395948433819,0.18147288669095904,7
0.9838027047094867,0.17925467415467441,7
0.9846602719115942,0.17448251751675703,2
0.9846632693708887,0.17446560105600384,2
0.9857831062759369,0.1680228180366132,7
0.9862866136947279,0.16504155733204473,1
0.9873676500982397,0.15844596409968983,10
0.9880814134855992,0.15393219391764804,10
0.9907185767956314,0.13592903145405963,3
0.9912140108534141,0.13226785205743602,9
0.9914922388223107,0.1301658186895545,7
0.991751286880132,0.12817716244168456,3
0.9918152898583927,0.12768097275284396,3
0.9923393204438528,0.12354219158260239,8
0.9927575444239546,0.12013516549836646,9
0.9936896980499842,0.11216409402893238,1
0.9941826844886721,0.10770696292671819,10
0.9948597652704948,0.10126227059441287,10
0.9952960177929302,0.09688052934173694,1
0.995445854801756,0.09532864290443518,3
0.9959761147453323,0.089619076411179,1
0.9965395233594783,0.08312026457166681,1
0.9971876738082707,0.07494493448425896,7
0.9975917714774062,0.0693589033979817,10
0.9976781813411876,0.06810467293615341,5
0.9980596889032227,0.06226441508921634,7
0.998722910864133,0.05052274057365646,10
0.9991443114806976,0.04135994240521612,5
0.9993636690107406,0.03566871263994395,1
0.9997197483226714,0.023673293257477957,3
0.9999665267501845,0.008182015593515266,5
0.9999985674529122,0.0016926583008413402,10
0.9999999608659449,-0.0002797643806886885,3
0.9999966893204334,-0.0025731980438074517,9
0.999996483834416,-0.00265185195752473,1
0.9999624330297645,-0.008667902237200993,6
0.999908095292706,-0.013557321568539215,3
0.9996078536116504,-0.028002481995516457,6
0.9995777967281724,-0.02905560682643552,3
0.99915235996923,-0.04116505275009616,3
0.9985227368604462,-0.054335476189355865,3
0.9983003734419165,-0.05827833547494374,9
0.9982944077786294,-0.05838043677393586,3
0.9974961561901198,-0.07072070691060872,2
0.9973171199996556,-0.07320220048326914,6
0.9972787496932899,-0.07372309956986606,9
0.9969043671878655,-0.07862367761534318,2
0.9960499114980764,-0.08879512264012113,4
0.99470278810252,-0.1027928175558648,2
0.9938775044136716,-0.11048758401038607,6
0.9934880900905692,-0.11393601207780223,10
0.9930031156816179,-0.11808815455666703,3
0.992663399770117,-0.120910606469544,8
0.9925989700389395,-0.12143839869512646,10
0.9925355180874565,-0.12195591553862517,4
0.992117888101152,-0.12530800497059233,2
0.9920753646622895,-0.12564422322647906,1
0.9910494519471417,-0.13349525757595312,2
0.9905902243900794,-0.13686127042670657,9
0.9890611149234722,-0.14750630815778104,9
0.9881164396283405,-0.1537071948095212,2
0.9871292301098318,-0.1599246168129562,7
0.9853275473654177,-0.17067402966722967,4
0.9839226676906848,-0.17859502793875953,5
0.9837310618915822,-0.17964742656008179,7
0.9834347641343978,-0.18126241941428833,6
0.9820152840030041,-0.1888014353348489,1
0.9801287604924905,-0.19836232720820274,7
0.9797125287471331,-0.20040798640747295,5
0.9783911832163565,-0.20676240616828234,4
0.9768384888399881,-0.21397795849294496,5
0.9739178466751353,-0.22690092094936026,10
0.9723363018685324,-0.2335853507149503,6
0.9717479924300374,-0.23602084485949965,8
0.970956440235126,-0.23925632941665773,10
0.9703395957814912,-0.24174587661139604,2
0.9698835500212684,-0.24356908547297582,10
0.9689617678408949,-0.24721062368484015,1
0.9677658527076638,-0.25185165143990684,2
0.966253941583736,-0.25759138256916525,10
0.9654122825845296,-0.2607280664503312,1
0.9643550974356787,-0.264611500222161,2
0.9637902864025598,-0.26666136547327535,3
0.9616572155092921,-0.2742542613322807,1
0.956382087449535,-0.292118645083928,5
0.9549244653783286,-0.29684889324690633,4
0.9525859797282626,-0.3042695371297395,10
0.9490777186295722,-0.3150420352919376,4
0.9468403056215735,-0.3217039565352676,4
0.9455482645477191,-0.32548191871561244,8
0.9366510447387355,-0.35026392961570463,5
0.9364458533630479,-0.35081214876220157,1
0.9333542636446472,-0.3589565691505846,1
0.9320703246625043,-0.3622773935584912,6
0.9306459616897731,-0.3659208848788457,5
0.9305675033291798,-0.36612036510920426,1
0.925455762844969,-0.37885568626726007,8
0.9213163746194453,-0.38881375729014794,6
0.9165747327649849,-0.3998634257553403,8
0.9152005307574902,-0.4029987450367658,7
0.9142313299030568,-0.40519263989328363,6
0.8999951779315973,-0.4358998505389426,8
0.899737967015195,-0.4364305107475458,7
0.898993087793833,-0.43796281588613173,6
0.8967437755500274,-0.4425501113007227,4
0.8964822056345967,-0.4430797388512914,10
0.890273913809817,-0.45542546963224445,3
0.8902585899947926,-0.455455423659093,1
0.887985285959349,-0.4598718646750345,5
0.8790907877844008,-0.47665436831377284,3
0.8748419922615334,-0.48440839028228166,5
0.8725097318083107,-0.48859673341088744,6
0.8717706788171328,-0.4899141593735738,8
0.8717222298141105,-0.49000036127324953,4
0.8689708850613004,-0.4948632143489554,10
0.8688589375631213,-0.4950597404522854,5
0.8665132498394633,-0.4991540722589087,4
0.8607960675874098,-0.5089500270419989,9
0.8582504857592212,-0.5132310431901609,3
0.8580433779849975,-0.513577220577485,10
0.8563554686627184,-0.5163867845825025,9
0.8559242188612841,-0.5171012778621811,3
0.8551709966730899,-0.5183459910611387,2
0.8492372928168254,-0.5280113829162679,9
0.8480088580569732,-0.5299820531460553,5
0.8457985937732087,-0.5335023324890555,2
0.8294014494439369,-0.558653054820518,1
0.8262156927933572,-0.5633539109494075,6
0.8243314426920437,-0.5661074744156395,2
0.8215807648958864,-0.570092138827655,6
0.8202013581895763,-0.5720749356718702,6
0.8187673854354394,-0.5741253944455119,5
0.8099454824841947,-0.5865051708241327,7
0.8068327284064849,-0.5907799491961007,9
0.8031576955674657,-0.5957664945687681,10
0.7998713364167176,-0.6001715131351489,1
0.7973223233132221,-0.6035537364198865,4
0.7941275171573713,-0.6077511715278457,10
0.792435700739393,-0.6099554575488831,6
0.7917118596385255,-0.6108946973969472,1
0.7897830836980444,-0.6133862410458909,2
0.7839800690659257,-0.6207859947738725,1
0.7839183211407487,-0.6208639672101047,8
0.7809038319632979,-0.6246512668882034,6
0.775675679957595,-0.6311317132915463,1
0.7731985171921826,-0.6341640584358358,2
0.7710313570475436,-0.636797178424515,6
0.7682768055795772,-0.640117762609694,6
0.7649333874186308,-0.6441093950659771,8
0.7620830255036776,-0.6474793141399664,6
0.7617582383895871,-0.6478613943164024,8
0.7577940974839544,-0.6524937592180319,8
0.7569361923622753,-0.6534887915581266,4
0.748793738913147,-0.6628030903401627,7
0.7417522107374162,-0.670674032497275,8
0.7394466892089544,-0.6732151170450023,5
0.7387214988774525,-0.6740107915280362,9
0.7333676575295367,-0.6798322431965405,4
0.7134892441117113,-0.7006661819560716,5
0.712669916559523,-0.7014995296014406,7
0.7087075177003573,-0.7055024127208904,8
0.7054489203906431,-0.7087607640943989,9
0.695847093551681,-0.7181899626113403,10
0.6907592277247402,-0.7230848424031031,11
0.6902939584099369,-0.7235290256670704,12
0.6888416035850432,-0.7249118878666471,13
0.6868952961183332,-0.7267563912140761,14
0.6851777035663156,-0.7283759431334825,15
0.6813998258864655,-0.7319113862223312,16
0.6737750860186225,-0.7389364881101744,17
0.6725241979519379,-0.7400751334622065,18
0.6697722141887023,-0.7425666172814148,19
0.6644175740800221,-0.7473615505587763,20
0.6625680074938931,-0.7490017593073948,21
0.6619355445650572,-0.7495607612738017,22
0.6597192676396011,-0.7515121342367456,23
0.6595239419422134,-0.7516835570936775,24
0.6496552799802856,-0.7602289242022674,25
0.649387012899079,-0.7604580905467516,26
0.6473942984747093,-0.7621552481630229,27
0.6447855213890813,-0.7643635466236015,28
0.6300926228929805,-0.7765199846596637,29
0.6294628503252723,-0.777030578587731,30
0.629041269451009,-0.7773719067006879,1
0.6290109379291151,-0.777396449673868,2
0.6284242179920854,-0.7778708133366593,3
0.627618065399721,-0.7785213959705356,4
0.6241564845100093,-0.7812993554612128,5
0.6232945505314235,-0.781987150327824,6
0.6232225268349465,-0.7820445524683772,7
0.6171170926260453,-0.7868713325498503,8
0.6155329110447437,-0.788111182144235,9
0.6140129418353608,-0.7892959566972871,10
0.6127582981047266,-0.79027037658247,11
0.5997811319896523,-0.8001641042368817,12
0.5991300085615683,-0.8006517550352432,13
0.5911225322728594,-0.8065817700886392,14
0.5858668016213581,-0.8104073609969004,15
0.5855883555798193,-0.8106085848356919,16
0.5703621458110015,-0.8213933422093642,17
0.5692512613434544,-0.822163609909175,18
0.5688871348367102,-0.8224156052855994,19
0.5626690671791277,-0.8266822369204326,20
0.5583554972621056,-0.8296017952470852,21
0.5549777054063265,-0.8318652213561574,22
0.5543816524998576,-0.8322625687675297,23
0.5520916345071921,-0.8337834413726246,24
0.546749087928423,-0.8372965035454512,25
0.5454757266676871,-0.8381266202766494,26
0.5441611827389528,-0.8389806953679828,27
0.544150115451425,-0.8389878734845939,28
0.5434763912426677,-0.8394244529210755,29
0.5361282833261509,-0.8441365196564797,30
0.5340743510776084,-0.845437512487488,1
0.5193821397077188,-0.8545420954830907,2
0.5176053466757602,-0.8556194861576413,3
0.5131704390042647,-0.8582867239636008,4
0.5120020166904192,-0.858984246016738,5
0.5104060448106398,-0.8599335261639467,6
0.5096594161674544,-0.8603762429959636,7
0.508154983332012,-0.8612656459622912,8
0.5053569701399178,-0.8629103851101818,9
0.4883238016598123,-0.8726625147973919,10
0.48575287736947115,-0.8740961858555839,11
0.4852296743184016,-0.8743867354671261,12
0.48512136504279135,-0.8744468315335238,13
0.48480330805246097,-0.8746232060158196,14
0.48285554498630334,-0.8757000186570627,15
0.4794406009285839,-0.8775743331372211,16
0.4727855982766244,-0.8811774952086636,17
0.47274803370139895,-0.8811976490160769,18
0.47100490956383373,-0.8821305884996647,19
0.46950506551985105,-0.8829297783239618,20
0.46698936651876566,-0.8842629312361804,21
0.46505670899864154,-0.8852808918164634,22
0.46231808645412253,-0.8867141517633507,23
0.4597881268659563,-0.8880286472817728,24
0.4594949409430326,-0.8881803866601418,25
0.45570259872874264,-0.8901320921705219,26
0.4553927369580699,-0.8902906576651459,27
0.45256549617419795,-0.8917311655833288,28
0.4512972703598451,-0.8923736738417113,29
0.4495971945058765,-0.8932314160912865,30
0.44408464894305894,-0.8959848350129148,1
0.4388790281423036,-0.898546158334043,2
0.4348621726093275,-0.9004970243335041,3
0.43317991127354943,-0.9013074749878865,4
0.4300371596288636,-0.9028111880888159,5
0.4283416563834532,-0.9036168576375054,6
0.4235356850330802,-0.9058794199580645,7
0.4223208261166064,-0.9064464241355841,8
0.41402305660918637,-0.910266394302232,9
0.4076686330113262,-0.9131299390879025,10
0.40447829793487666,-0.9145475966289044,11
0.40370624695308,-0.9148886632651313,12
0.4033737001800935,-0.9150353315599459,13
0.39882496572252024,-0.9170270697838917,14
0.39839934466292337,-0.9172120595435677,15
0.39385826961763315,-0.9191711828891307,16
0.3922683354124806,-0.9198508319465291,17
0.39103908917507385,-0.9203740710912757,18
0.385533217186777,-0.9226939570874048,19
0.3833517767841087,-0.9236024118832015,20
0.3813271700965417,-0.9244401491422596,21
0.379399974434262,-0.9252327595795997,22
0.37830754607215994,-0.925679966610956,23
0.37467880207131665,-0.9271546771053917,24
0.37399268172129313,-0.9274316546349469,25
0.36740350021969426,-0.9300616474332856,26
0.3621157868857223,-0.9321331218705482,27
0.3611467709275589,-0.932508986470692,28
0.358068461210232,-0.9336953341891222,29
0.3560641649195278,-0.9344615082817266,30
0.3550947385752972,-0.9348303197030685,1
0.3445624732409584,-0.938763389802816,2
0.3445023569381586,-0.9387854526269852,3
0.3438173772805647,-0.9390365334106623,4
0.3420903135943925,-0.939667077929673,5
0.3403541286667799,-0.9402973290930252,6
0.3382628334915335,-0.9410516752433307,7
0.334985390120594,-0.9422233219389942,8
0.3326879832600613,-0.9430369588697747,9
0.3305314388048323,-0.9437949819540298,10
0.33040215283168367,-0.9438402499386158,11
0.3292913696785235,-0.9442283589552063,12
0.32867067584580373,-0.9444445917252439,13
0.32794572792039,-0.9446965647967424,14
0.32604550233564866,-0.9453540767388136,15
0.32552247087291597,-0.9455343044843966,16
0.32470433263673093,-0.9458155720683262,17
0.3240683058772079,-0.946033684984777,18
0.31708883990522635,-0.9483958390922842,19
0.3102807852634637,-0.9506449570140728,20
0.3080687123212605,-0.9513641093128963,21
0.3019940977309057,-0.9533097948388531,22
0.29837400014760584,-0.9544490327073083,23
0.29628049348199786,-0.9551009732913394,24
0.2962653388547699,-0.9551056742545656,25
0.2927877018631331,-0.9561774739229664,26
0.28994111993628224,-0.9570444853663252,27
0.28769879946214444,-0.9577209409781331,28
0.28434415830963033,-0.9587222745066414,29
0.28265604948384004,-0.9592213288340647,30
0.27979813863633535,-0.9600588532041366,1
0.27337404953734123,-0.9619078069334687,2
0.2722686667903628,-0.9622212703345309,3
0.269379850785531,-0.9630340056253284,4
0.2678656616987912,-0.9634562715985966,5
0.26523396011953243,-0.9641840832534575,6
0.2618584486918533,-0.9651062909590301,7
0.2617494154416125,-0.9651358679046045,8
0.25931061020355956,-0.96579397773845,9
0.25870792240666246,-0.9659555946750494,10
0.25610856273530336,-0.9666480249261657,11
0.2546279407587685,-0.9670390952722382,12
0.2511461944736866,-0.9679491665378844,13
0.2508376270101954,-0.9680291756325808,14
0.24853082136430152,-0.968623988362866,15
0.24776619477212383,-0.9688198556636533,16
0.24327266558542987,-0.9699579424794457,17
0.23709337017347662,-0.9714868675488016,18
0.22389884651030723,-0.9746123878400859,19
0.22017739210615023,-0.9754598484844645,20
0.2168975286750008,-0.9761943771886198,21
0.2163297196460172,-0.976320363609136,22
0.21537173045021915,-0.9765321386021446,23
0.21390538644707552,-0.9768543830320501,24
0.21043181221240576,-0.9776085374059511,25
0.20466405201747329,-0.9788322766499831,26
0.20417381963619163,-0.9789346512281439,27
0.19819448581409338,-0.9801627139372764,28
0.1954132485361935,-0.9807209910553214,29
0.19320736712832606,-0.981157945127766,30
0.192686309310212,-0.9812604069279517,1
0.1925528046172645,-0.9812866132960469,2
0.1905884122865359,-0.9816700347377918,3
0.18812445709110692,-0.9821451973329485,4
0.18757133411833862,-0.9822509835154488,5
0.18567149409492345,-0.9826118746893703,6
0.18113381753625513,-0.9834584587793949,7
0.17692232969779492,-0.9842248164186396,8
0.17079470288541823,-0.9853066372791172,9
0.16973093802349423,-0.9854904406830463,10
0.16883705931960574,-0.9856439759874293,11
0.16560471165960663,-0.9861922122366099,12
0.16428768991093426,-0.9864124669445985,13
0.16407380035876848,-0.9864480665680434,14
0.16329777168709103,-0.9865768281092105,15
0.16203173055550818,-0.9867855482794563,16
0.16122391815918494,-0.9869178528192711,17
0.1602813458676807,-0.9870713703511236,18
0.1594694245607746,-0.9872028680216925,19
0.15937049437407227,-0.9872188437843779,20
0.15700419825507358,-0.9875979352602361,21
0.1548810752146179,-0.9879331214917151,22
0.1524079503714076,-0.9883176699136703,23
0.15190954837864518,-0.9883943995750867,24
0.15109164861314553,-0.9885197588917288,25
0.14883585277176478,-0.988861916007337,26
0.14669976655192907,-0.9891810645648296,27
0.14505268390657472,-0.989423932847543,28
0.14404613758378643,-0.989570972819632,29
0.138349153863036,-0.9903835174443192,30
0.1373807384753846,-0.9905183151744131,1
0.13596227532428445,-0.9907140150864141,2
0.13331804716686588,-0.9910733062188757,3
0.131491536208945,-0.9913172932544916,4
0.13049805658529118,-0.9914485650942575,5
0.12916394383561733,-0.9916232528600918,6
0.12547368696888025,-0.9920969478223565,7
0.12471378620573746,-0.9921927592611375,8
0.1243560169851435,-0.9922376635864971,9
0.12348014085041516,-0.9923470435364644,10
0.11906323920167555,-0.9928866728236434,11
0.1188459755816059,-0.992912702148611,12
0.10767041306834801,-0.9941866435180525,13
0.10585553392452256,-0.9943815193061234,14
0.0960879313144851,-0.995372849466823,15
0.08957006220341178,-0.9959805238843162,16
0.08816542640427344,-0.9961058465780395,17
0.0876500296462243,-0.9961513300212052,18
0.08723031533033308,-0.9961881710236127,19
0.08659108947472954,-0.9962439376094488,20
0.0837063463597616,-0.9964904653729004,21
0.0829638955324573,-0.9965525535756152,22
0.08199105372436019,-0.9966330654303865,23
0.08060375909066907,-0.9967462234794037,24
0.07490925455867584,-0.9971903547374812,25
0.07442027910987713,-0.9972269661702936,26
0.07440854427116982,-0.9972278418392887,27
0.0742642156284186,-0.9972386004748792,28
0.06878739106556633,-0.9976313421451798,29
0.06635917719871164,-0.9977958005531543,30
0.06561667614332929,-0.9978449036858892,1
0.065162565053037,-0.9978746615260399,2
0.06435107920049928,-0.9979273213043779,3
0.06406716801093906,-0.9979455886886108,4
0.057455121232813926,-0.9983480901189338,5
0.05388484207045877,-0.9985471565204328,6
0.05244000760180758,-0.9986240762182346,7
0.047778522437626224,-0.9988579542626055,8
0.0471105361311239,-0.9988896822900105,9
0.04417100863272671,-0.9990239846952462,10
0.039657539723209186,-0.9992133303469796,11
0.03863048029283232,-0.9992535644131298,12
0.03533306900351466,-0.9993755921748304,13
0.03451923474365013,-0.9994040336283984,14
0.03369287630354701,-0.9994322338640044,15
0.033429333311470445,-0.9994410836434284,16
0.03207957505951319,-0.9994853179832113,17
0.029034564918099377,-0.9995784081501644,18
0.022477614074952395,-0.9997473465158572,19
0.02032292675403048,-0.9997934679963408,20
0.015694422436969634,-0.9998768349673723,21
0.011671187995961773,-0.9999318893658522,22
0.01122817872217135,-0.9999369620143976,23
0.009680204610967061,-0.9999531457216833,24
0.00939084039008294,-0.9999559050862032,25
0.006723485617377364,-0.9999773971151312,6
-0.00024338114260222826,-0.9999999703828093,1
-0.0005864994804322345,-0.999999828009165,2
-0.003667160306470837,-0.9999932759450368,3
-0.005995001824554227,-0.999982029815098,4
-0.00803382334665836,-0.9999677283204867,5
-0.009184565560247776,-0.9999578209882002,6
-0.01020549376503813,-0.9999479225924777,1
-0.010313251511483101,-0.9999468170074151,2
-0.010885222279237647,-0.9999407542129342,3
-0.010920811761217956,-0.9999403661571404,4
-0.012947448709740825,-0.9999161782729133,5
-0.013207822757717756,-0.9999127729047173,6
-0.018010253265187234,-0.9998378022346044,1
-0.019733607210050748,-0.999805273414018,2
-0.022533030138304898,-0.9997460990435453,3
-0.023764330975829983,-0.9997175884084821,4
-0.025677998237410436,-0.999670265840952,5
-0.032330523730441554,-0.9994772319744534,6
-0.03253151303347622,-0.9994707102560598,1
-0.033213312296816726,-0.9994482857488296,2
-0.03673699494656507,-0.9993249687675656,3
-0.03697895672763496,-0.9993160444820927,4
-0.03716207584311223,-0.9993092514927653,4
-0.03820640374187741,-0.9992698688107796,5
-0.03843146525741354,-0.9992612383546998,6
-0.040478835087095155,-0.9991803960797028,7
-0.041075943217086304,-0.9991560272994537,1
-0.0463367940994768,-0.9989258738828336,2
-0.04989829895229773,-0.9987543040015733,3
-0.052698451880931085,-0.9986104711895191,4
-0.05493211896141832,-0.998490091240974,5
-0.05956693168425629,-0.9982243137941107,6
-0.06015452913392587,-0.9981890765905403,7
-0.06496010502284895,-0.9978878618138515,1
-0.06858773515156784,-0.9976450884892776,2
-0.07179823768801939,-0.9974191762067214,3
-0.07371648382372624,-0.9972792387354037,4
-0.0743747511057194,-0.9972303627537432,5
-0.07565748108229367,-0.9971338654144098,6
-0.07933125284267334,-0.9968483095849698,7
-0.07940646333139624,-0.9968423213232871,1
-0.08295403691336574,-0.9965533742654108,2
-0.08359342094192222,-0.9964999447943922,3
-0.08395639771439979,-0.9964694291762399,4
-0.08424278418498682,-0.996445258563039,5
-0.0843071338235281,-0.9964398161386676,6
-0.08603399163701386,-0.9962922022594587,7
-0.08660750865894735,-0.9962425103577394,1
-0.09720027174447617,-0.9952648427292105,2
-0.0991905172856901,-0.9950684605998711,3
-0.0995361919682536,-0.9950339423800874,4
-0.1022553009968622,-0.9947581884146726,5
-0.1075670216131427,-0.9941978353734621,6
-0.11075255426721226,-0.9938480123858418,7
-0.11093787814764045,-0.9938273427472698,1
-0.11620866349808033,-0.9932248217437932,2
-0.11988961978001542,-0.9927872274908675,3
-0.1202913517133658,-0.9927386316160822,4
-0.12041531097596185,-0.992723603468036,5
-0.1223147412112569,-0.9924913622205602,6
-0.12271022708018214,-0.992442542503056,7
-0.12690397059260836,-0.99191500757264,1
-0.12793841373153558,-0.9917821143234327,2
-0.1336270266848723,-0.9910316936099272,3
-0.13557171305980964,-0.9907675361143141,4
-0.13604214394208688,-0.9907030509045788,5
-0.1363928064648804,-0.9906548351189902,6
-0.1383962806442156,-0.9903769330430953,7
-0.14174251779806693,-0.9899035602765881,1
-0.1452895992256671,-0.9893891713359536,2
-0.14604223453941345,-0.9892783560407733,3
-0.14657522684950003,-0.9891995263211651,4
-0.14661465126101994,-0.9891936837827108,1
-0.14926664983232704,-0.9887969797930379,2
-0.14945251080000616,-0.9887689047576153,3
-0.15072644768315116,-0.9885755094927339,4
-0.15287397131000277,-0.9882456925764506,5
-0.1593260613255117,-0.9872260157544974,1
-0.1601981889621637,-0.9870848698330063,2
-0.16086893151700535,-0.9869757782603265,3
-0.16334681616271826,-0.9865687090362755,4
-0.165600441034232,-0.9861929293648722,5
-0.16654267675980117,-0.9860342472843833,1
-0.17268541343380434,-0.9849770291672776,2
-0.17703520448472634,-0.9842045195857674,3
-0.1776274266937957,-0.9840978088005989,4
-0.17826573626975825,-0.9839823815862767,5
-0.1799426230321518,-0.9836771078033223,1
-0.18341096737598708,-0.983036325395051,2
-0.1835161850417185,-0.983016688478753,3
-0.18627678291233524,-0.9824973079595846,4
-0.18871726039031025,-0.982031463666402,5
-0.18933242927334867,-0.9819130466723887,1
-0.19200411502430131,-0.9813941205314687,2
-0.19858161818318962,-0.98008435398171,3
-0.19869362163545767,-0.9800616535307284,4
-0.199593846816591,-0.9798787151035353,5
-0.20094146238558916,-0.9796032506552542,1
-0.20630408941622422,-0.9784879266961563,2
-0.21396038231038414,-0.9768423387638326,3
-0.21533362853635066,-0.976540541104858,4
-0.21857545554947688,-0.9758200501277572,5
-0.220349730066202,-0.9754209329616378,1
-0.22215490611312544,-0.97501138336425,2
-0.22291731282892463,-0.9748373565067823,3
-0.22348953673182412,-0.9747063285787133,4
-0.22428431132714796,-0.9745237542987379,5
-0.22618556212509447,-0.974084232233617,1
-0.22625480576195545,-0.9740681510395562,2
-0.23181578151447324,-0.9727597048813412,3
-0.2322135544481237,-0.9726648267160525,4
-0.23279538606780903,-0.9725257365363345,5
-0.2345047775478006,-0.9721149671243914,1
-0.23740260360959298,-0.9714113463406666,2
-0.2376381989319808,-0.971353739071593,3
-0.238533157788583,-0.971134353545073,4
-0.24663403998208722,-0.9691086886010847,5
-0.24734668006729665,-0.9689270456849094,1
-0.2482261255903374,-0.9687021165324302,2
-0.25246577859619124,-0.9676058239995349,3
-0.25258648054861205,-0.9675743226461033,4
-0.254049961918873,-0.9671910963449877,5
-0.2551684113889328,-0.9668966241689172,3
-0.25606024597552196,-0.9666608249179002,4
-0.2568485572845294,-0.9664516638822946,5
-0.2570730943665974,-0.9663919619661488,6
-0.25795897363811576,-0.9661558714408198,1
-0.25806210013683245,-0.9661283312650383,2
-0.26161895037105526,-0.9651712411830076,3
-0.26280913168918374,-0.9648478430824092,4
-0.2641843339357073,-0.9644722068068871,5
-0.26943235166123997,-0.9630193185384673,6
-0.2719474771016722,-0.9623120957870349,1
-0.271966451400598,-0.9623067334860368,2
-0.27868440895925717,-0.9603827363103886,3
-0.27931926739582125,-0.9601982851794006,4
-0.27958632494647306,-0.9601205585252954,5
-0.28301291262042816,-0.9591160989630515,6
-0.284640887842795,-0.9586342185463992,1
-0.28597502328542196,-0.958237071948744,2
-0.286648395282768,-0.9580358539646697,3
-0.2885083223033113,-0.9574773877025653,4
-0.28926086527679634,-0.9572503078188688,5
-0.29469699365700175,-0.9555907502322974,6
-0.2952657445033967,-0.9554151663663576,1
-0.30032516085701844,-0.9538368821534455,2
-0.3022488460418905,-0.953229056977569,3
-0.3063856648094156,-0.951907466300844,4
-0.30931433946203885,-0.9509598516252737,5
-0.3121149600541724,-0.9500443419706168,6
-0.3130357592889317,-0.94974134026397,1
-0.31366155475039414,-0.9495348487925893,2
-0.3142178627331741,-0.9493509017952193,3
-0.3187861606257966,-0.947826663369133,4
-0.3228178270672998,-0.9464611193955866,5
-0.3241824231535882,-0.9459945858821116,6
-0.32451617882627193,-0.9458801455152736,1
-0.3256479169673853,-0.9454911074012293,2
-0.32791691080878027,-0.9447065679911548,3
-0.3293405744438692,-0.9442111977862697,4
-0.33289921728124316,-0.9429624123651672,5
-0.3470642311556231,-0.9378413615598089,6
-0.347563093601372,-0.9376565981030817,1
-0.34901047099583027,-0.9371188244482493,2
-0.3503363933369871,-0.9366239434819248,3
-0.3511903968744957,-0.9363040666061075,4
-0.35170966354842037,-0.9361091349659274,5
-0.35186950236319214,-0.9360490656513042,6
-0.35699580184918,-0.9341059883450384,1
-0.3582764920499512,-0.933615528600709,2
-0.3598923015193903,-0.9329938538420691,3
-0.36574002019163065,-0.9307170556244393,4
-0.36926146190352827,-0.9293255472399697,7
-0.36959057538277545,-0.9291947086527285,1
-0.37155127816185385,-0.9284124340487329,2
-0.3729251602603728,-0.927861425453594,3
-0.37667801120958333,-0.9263442534345387,4
-0.3797086300675168,-0.9251061324260312,5
-0.38246740637665394,-0.923968983819,6
-0.38344747621347774,-0.9235626849248049,7
-0.38729285996160245,-0.9219567455270137,1
-0.38741957619370765,-0.9219035047020312,2
-0.38782905383316774,-0.9217313193132095,3
-0.38879174221230256,-0.9213256651084472,4
-0.3889799294157746,-0.9212462290352667,5
-0.3896106448897463,-0.9209796661102763,6
-0.39378152619649975,-0.9192040631037024,7
-0.4007444891559656,-0.9161898571863389,1
-0.40159997546542897,-0.9158151886194981,2
-0.40232351122660165,-0.9154975654332995,3
-0.4030968063606034,-0.9151573442320627,4
-0.40386301451440454,-0.9148194715392419,5
-0.4039492061820388,-0.9147814158720654,6
-0.41010249049012165,-0.9120394439352937,7
-0.41066877337297153,-0.9117846009756575,1
-0.4119516458669919,-0.9112057075476846,2
-0.4119745776274856,-0.9111953398633329,3
-0.4165669797062006,-0.9091050277159696,4
-0.419659408522565,-0.9076816517031128,5
-0.42655709217049576,-0.9044606387892461,6
-0.4301385892114027,-0.9027628670205837,7
-0.43102536231638294,-0.9023398123988716,1
-0.4316964018165157,-0.9020189669062805,2
-0.43451320093042667,-0.9006654640970724,3
-0.43557962481605944,-0.9001502043798584,4
-0.4375464907460332,-0.899195789823235,5
-0.4375612808166438,-0.8991885928603066,6
-0.4377117964763918,-0.8991153336615997,7
-0.4395169558315078,-0.8982342932312284,1
-0.4414830225759947,-0.8972696031724042,2
-0.44476014794329516,-0.8956497143423081,3
-0.44509356647325715,-0.8954840685819688,4
-0.446788871429233,-0.8946394270134713,5
-0.4472982539425281,-0.894384856770264,6
-0.44752873445530605,-0.8942695521132497,7
-0.44877343594486907,-0.8936455691101682,1
-0.449193553783428,-0.8934344694712727,2
-0.44978423647076565,-0.8931372462406941,3
-0.4506841931695706,-0.8926834590307435,4
-0.451391520406738,-0.8923260028178566,5
-0.451607477351128,-0.8922167261380782,6
-0.45182944422099497,-0.8921043399372894,7
-0.452335303500449,-0.8918479540858726,1
-0.45245753350871,-0.8917859498619691,2
-0.45477600356303644,-0.8906058536654883,3
-0.4555738528508036,-0.8901979917965859,4
-0.4563467775414678,-0.8898020109145169,5
-0.45729703588323756,-0.8893140170785597,1
-0.45985611875462185,-0.8879934403158253,2
-0.4646671433559441,-0.8854854295161646,3
-0.4680165489798197,-0.8837197009691591,4
-0.4710763104114984,-0.8820924610090994,5
-0.4726357143901152,-0.8812578972599029,1
-0.4754207746551451,-0.879758539047108,2
-0.47731465901570747,-0.8787324486376493,3
-0.4778883607771391,-0.87842057958232,4
-0.4784391510713835,-0.8781207085145492,5
-0.479266731108379,-0.8776693001653235,1
-0.4849478056729246,-0.8745430954349908,2
-0.4868131476602958,-0.8735061300672566,3
-0.48992671284259115,-0.8717636239504681,4
-0.490927969467646,-0.8712001657451484,5
-0.49216031459551185,-0.8705045805377746,1
-0.4924760920510524,-0.8703259727011043,2
-0.4929182548996311,-0.8700756254410891,3
-0.49704681856249056,-0.8677237234033115,4
-0.49911404249717184,-0.8665363077114145,5
-0.5000826314917846,-0.8659776912139551,1
-0.5038982653565179,-0.8637630104205043,2
-0.5045639615568251,-0.8633743155191047,3
-0.5133142963259553,-0.858200695168321,4
-0.51430809976139,-0.8576054911903422,5
-0.5152750761346143,-0.8570248513984103,1
-0.5161536326827205,-0.8564960171935602,2
-0.516459743361963,-0.8563114699024504,3
-0.516736650992784,-0.8561443999237288,4
-0.5191895425523311,-0.8546591243907136,5
-0.5240703739304726,-0.8516749633330633,1
-0.5277379088891687,-0.8494072636381722,2
-0.5280951341871573,-0.8491852149253709,3
-0.5299463720945484,-0.848031156682245,4
-0.530208404255785,-0.8478673528663161,5
-0.5303172489694242,-0.8477992778043054,1
-0.5328234282125887,-0.8462264438953585,2
-0.534620732274385,-0.8450921089575978,3
-0.5348216184213784,-0.8449649912683588,4
-0.5349050986948749,-0.844912146551478,5
-0.5456150162828919,-0.8380359503067989,1
-0.5456864934949681,-0.8379894097285276,2
-0.547064473070811,-0.8370904743835973,3
-0.5487103840235088,-0.8360125085576013,4
-0.5490027938182657,-0.8358205144525581,5
-0.5494368675446226,-0.835535234794292,3
-0.5504527801453543,-0.8348662987749896,4
-0.553809685752296,-0.8326432801427891,5
-0.555466054745859,-0.8315392125600995,6
-0.5578434441215548,-0.8299461981662436,1
-0.5676666049308328,-0.8232585411924384,2
-0.5710791723424217,-0.8208949865340235,3
-0.5724106077325425,-0.8199671311432315,4
-0.5737922013084401,-0.8190009216830068,5
-0.5760438359669974,-0.8174188027225866,6
-0.5785986581752461,-0.8156124035090471,1
-0.5802196668874479,-0.8144600285815253,2
-0.5826343156761986,-0.8127344303008995,3
-0.5826898967490015,-0.812694582378053,4
-0.5839995929726459,-0.8117539500413804,5
-0.5847624736212345,-0.8112045669523656,6
-0.5850851488034651,-0.8109718667436171,1
-0.5853297675566774,-0.8107953275716665,2
-0.5874841376011428,-0.8092356814099595,3
-0.5892121405574553,-0.8079783743515054,4
-0.5898938480855906,-0.8074808034812804,5
-0.5913771219942044,-0.8063951262140985,6
-0.5929555795471645,-0.8052351710425261,1
-0.5934609115266167,-0.8048628122170866,2
-0.5959180555718205,-0.8030452484408961,3
-0.5994481967075432,-0.8004135552725694,4
-0.6030904002194465,-0.7976728459482295,5
-0.6052336715267915,-0.7960478646728473,6
-0.6068984997258964,-0.7947793473854591,1
-0.6070447785340478,-0.7946676266556659,2
-0.6078333120276443,-0.7940646477394043,3
-0.608060790875905,-0.7938904676335199,4
-0.6157442651237858,-0.7879460641231537,5
-0.616080835838719,-0.7876829334905419,6
-0.6164625757168416,-0.7873842091003332,1
-0.6215599855155677,-0.7833665709014441,2
-0.6282118241559975,-0.7780423535968939,3
-0.6315636513345194,-0.7753240318170266,4
-0.6315761757924245,-0.7753138294725669,5
-0.6315792890768006,-0.7753112933585085,6
-0.6326763134950568,-0.7744163494802422,1
-0.6330338342672367,-0.7741241274323651,2
-0.6330767025161967,-0.7740890702827543,3
-0.6345165060017002,-0.7729093113757878,4
-0.6411108797451672,-0.7674482652741993,5
-0.6420124059821052,-0.7666942484231042,6
-0.6445028691584417,-0.7646018909514524,1
-0.6469319594988502,-0.7625477295087686,2
-0.6475970541658931,-0.7619829758174768,3
-0.6500120001103535,-0.7599239433736364,4
-0.6505605867133227,-0.7594543587439717,3
-0.6508596410649802,-0.7591980819475015,4
-0.6536332626223211,-0.7568114415055442,5
-0.6539097410460881,-0.756572567943775,6
-0.6670798522672824,-0.7449862218182701,7
-0.6675430870161113,-0.7445711698534938,1
-0.669601859430275,-0.7427202365948556,2
-0.670811536044519,-0.741627860257146,3
-0.6711199821184033,-0.7413487503202485,4
-0.6711844483447218,-0.7412903859488477,5
-0.6734068147722363,-0.7392721162185891,6
-0.677147745800222,-0.7358470835422791,7
-0.6813398289001864,-0.7319672380334141,1
-0.6828373662408601,-0.7305704149945065,2
-0.6862449029296009,-0.7273705611331426,3
-0.6887765107984395,-0.724973736194855,4
-0.6916915448869648,-0.7221930536441651,5
-0.6932261536037115,-0.7207201259572286,6
-0.6954933643071285,-0.7185325185436995,7
-0.6991854329224528,-0.7149403684147666,1
-0.7003293083162956,-0.7138199071987409,2
-0.7040182116878507,-0.7101819186742512,3
-0.706033798207089,-0.7081781384575998,4
-0.7064416859105104,-0.7077712514703574,5
-0.7064978876538456,-0.7077151508485983,6
-0.7075103992806042,-0.7067029325747842,7
-0.7092863701019863,-0.7049204530920834,1
-0.7133868070177685,-0.7007704785255962,2
-0.7136923219938668,-0.7004593275323006,3
-0.7172908919830453,-0.6967738343811192,4
-0.7217211873608443,-0.6921838828768357,5
-0.7220854015761998,-0.6918039265793005,6
-0.7263263303805887,-0.6873500285850491,7
-0.7368339790151105,-0.6760737292402064,1
-0.7396956751694785,-0.6729415339652988,2
-0.7430751465251978,-0.6692079845732236,3
-0.7543858899727313,-0.6564312066089257,4
-0.7564132388096159,-0.6540940392279593,5
-0.7572150293490915,-0.6531656752523471,6
-0.7611608505966534,-0.6485631499853959,7
-0.763227548684623,-0.6461297926336949,1
-0.7651118338539028,-0.643897415507096,2
-0.7657449338592487,-0.643144382132733,3
-0.7687921530508938,-0.6394987297933993,4
-0.7689760409018431,-0.6392775989497261,5
-0.7745173427829235,-0.6325526742718581,6
-0.7753635761906538,-0.6315151025247459,7
-0.7756569364405687,-0.6311547488149254,1
-0.7769087538877661,-0.6296132051764468,2
-0.7770017705610063,-0.6294984102800112,3
-0.7794691831749667,-0.6264405737821825,1
-0.7844272269284434,-0.6202208684439378,2
-0.7882765175323606,-0.6153211615953526,3
-0.788565327558613,-0.6149509933095298,4
-0.7888513890587205,-0.6145839942433639,5
-0.7923962787564104,-0.6100066699741841,1
-0.7978132325099822,-0.6029046740837005,2
-0.799107639297789,-0.6011879746102001,3
-0.8005541660832549,-0.5992604001323167,4
-0.8013553375056561,-0.5981886182895793,5
-0.8060291738881613,-0.5918758069402468,1
-0.8081774152727623,-0.5889391016421283,2
-0.8088823087809722,-0.5879705864591901,3
-0.8096174535993034,-0.5869579020912657,4
-0.8141868953476404,-0.5806028758490354,5
-0.8142151660916198,-0.5805632293785028,1
-0.8150168847243348,-0.5794372076543242,2
-0.816676292274923,-0.5770960350202422,3
-0.8170054928130941,-0.576629885379897,4
-0.817203709793923,-0.5763489365818677,5
-0.8206536707183606,-0.5714258943524353,1
-0.8252181679356567,-0.5648141068607603,2
-0.8287231653496566,-0.5596587488933285,3
-0.8333199847147753,-0.5527909216647525,4
-0.8349317624070675,-0.5503534792511339,5
-0.838262645559153,-0.5452666660086328,1
-0.8392257174860566,-0.5437832243734755,2
-0.8413996240539148,-0.540413427518165,3
-0.8501855556741533,-0.5264831630005191,4
-0.8506841382674104,-0.5256771793603308,5
-0.8516455807194414,-0.5241181210767715,1
-0.8529152699825506,-0.522049367618229,2
-0.8532033644053834,-0.5215783919674344,3
-0.8533672430161773,-0.521310222945003,4
-0.8567814601832234,-0.5156796772089274,5
-0.8639468296380564,-0.5035830374013318,1
-0.8649302862961494,-0.5018920201075735,2
-0.8651040806451767,-0.501592393932627,3
-0.8652330225997183,-0.501369939867714,4
-0.8694058817685527,-0.49409858605975127,5
-0.8705732922072444,-0.4920387615782316,1
-0.8712944139662818,-0.490760679141222,2
-0.8725012947935629,-0.48861179947229716,3
-0.8732145539650924,-0.48733596496005166,4
-0.8744611517122535,-0.48509555156286394,5
-0.8780786106876053,-0.47851640876037366,1
-0.879723776729071,-0.4754850961465982,2
-0.8818878700230399,-0.4714592078920783,3
-0.8827129890785214,-0.46991252261677635,4
-0.8851398187580075,-0.46532515647559997,5
-0.8871162300066403,-0.4615460913698714,3
-0.8873449415226929,-0.4611062293594488,4
-0.8888668013044687,-0.45816570096283094,5
-0.889396827633808,-0.457135956795042,6
-0.8922896646615319,-0.45146334772405494,1
-0.8932704685782427,-0.44951959908996936,2
-0.9023288491631059,-0.43104831280029965,3
-0.9024953876282339,-0.43069951858547956,4
-0.9050791764425101,-0.4252430885624688,5
-0.9069746121058307,-0.42118529532199694,6
-0.9094235155981737,-0.4158712171779364,1
-0.9100378484726558,-0.4145251673267373,2
-0.9111660970970196,-0.41203924995197333,3
-0.9137958806011889,-0.4061737172642978,4
-0.9142312197572795,-0.40519288841379847,5
-0.9146519619449304,-0.4042422398887698,6
-0.9159615223822246,-0.4012661081068739,1
-0.9171678354875898,-0.3985011437210805,2
-0.9177058002083653,-0.39726070062859703,3
-0.9182785572414627,-0.3959349584345109,4
-0.9188041373700104,-0.3947137661036805,5
-0.9211693802672157,-0.3891618851559254,6
-0.9228461107053643,-0.38516886680517476,1
-0.925652740668215,-0.3783741583319642,2
-0.9313455970340048,-0.3641364838702285,3
-0.932319829370022,-0.36163480994430414,4
-0.9324242272149528,-0.3613655496897817,5
-0.9324987419226317,-0.3611732220316299,6
-0.933027572236245,-0.359804876908219,1
-0.937032216568264,-0.34924293137179746,2
-0.9381192844378194,-0.34631229860614776,3
-0.9385828970226352,-0.34505382973761833,4
-0.9393246775563997,-0.34302937211493384,5
-0.9406446627360407,-0.339393014757523,6
-0.9421611864377825,-0.3351601091570269,1
-0.9423996467109574,-0.3344890220606091,2
-0.947658405668245,-0.3192859943159423,3
-0.9487352115623034,-0.3160719828485774,4
-0.9489339752314796,-0.3154747385312835,5
-0.9519422897312291,-0.3062774510493135,6
-0.952045466381233,-0.3059565817937907,1
-0.9551631176975243,-0.2960800881355338,2
-0.9622173936042842,-0.2722823671216666,3
-0.9636621423264661,-0.2671240824912008,4
-0.9653942238946593,-0.2607949241661508,5
-0.9658730101907824,-0.2590160770782323,6
-0.9690920856718616,-0.24669926933041633,1
-0.9699273830083979,-0.24339447752666993,2
-0.9713628866165186,-0.23760080493134794,3
-0.974080472702496,-0.226201752202944,4
-0.9777683497857083,-0.20968799240140798,6
-0.9794720687038186,-0.20157992615600867,7
-0.9798090382663222,-0.19993561096419213,1
-0.9828481596190122,-0.1844166346442769,2
-0.9836948352931758,-0.17984568668036444,3
-0.9858787470785075,-0.16746072990081015,4
-0.9867611268416675,-0.16218038893208547,5
-0.9870432395804565,-0.16045448949318203,6
-0.9873944434109434,-0.15827890927471444,7
-0.9879916068530907,-0.1545075557629715,1
-0.9891182679869787,-0.14712257452355623,2
-0.9893873035766415,-0.14530231767367863,3
-0.9899849601900702,-0.14117286778083532,4
-0.9902717695175838,-0.13914676602966172,5
-0.9913758434328312,-0.13104936878078588,6
-0.9917712287972825,-0.12802277035718398,7
-0.9918208575477927,-0.1276377159508943,1
-0.9919332201952111,-0.12676153467499046,2
-0.9919720748914556,-0.1264571177733403,3
-0.9923923006702606,-0.1231158867506017,4
-0.9924596684739295,-0.12257163804330047,5
-0.9925319801587783,-0.12198470544332388,6
-0.9941228337504029,-0.10825798546097544,7
-0.9951696039827892,-0.09817056233280198,1
-0.9954575770949273,-0.09520615633611496,2
-0.997244705560355,-0.07418218945165166,3
-0.9972447750312535,-0.0741812555357794,4
-0.9975878670201701,-0.06941503853018717,5
-0.997911102675917,-0.0646020986976078,6
-0.998105755929243,-0.06152154078787748,7
-0.9982598388754803,-0.058968585605389055,1
-0.9984365888999577,-0.055896135338831136,2
-0.9985849180528918,-0.05318046104820122,3
-0.9989170617852198,-0.04652637611488247,4
-0.9989513012076372,-0.04578534498688993,5
-0.9990021160007982,-0.04466287301470564,6
-0.9990470010845915,-0.043647332379931,7
-0.9991136832551317,-0.0420933240830923,1
-0.9992667881123156,-0.0382868930013461,2
-0.9992897369879225,-0.03768317330863575,3
-0.9996272456170268,-0.027301461867755845,4
-0.9996752740776446,-0.025482276150027353,5
-0.9996981868173778,-0.024566954920122445,6
-0.9998241305428663,-0.018753879177424444,7
-0.9998278835476979,-0.018552716257491587,1
-0.9999083333049797,-0.013539755804944174,2
-0.9999732475894958,-0.007314650047472558,3
-0.9999816810348247,-0.006052899699003519,4
-0.9999830101179007,-0.005829191671451273,5
-0.9999939787704397,-0.0034702194261023067,6
-0.9999957140555485,-0.0029277756972674635,1
-0.9999973998536759,-0.0022804135342990224,2
-0.9999997215719113,-0.0007462279141002339,7
-0.9999994094689555,0.0010867666448290377,7
-0.9999753614124324,0.007019727065584812,10
-0.9999075426427273,0.013598020671500217,11
-0.99988945469557,0.014868705007355121,9
-0.9998442029899499,0.017651338402280257,9
-0.9998217688081772,0.01887937015071663,10
-0.9997266920258253,0.02337822172665479,13
-0.9995207140648978,0.030957101853964226,11
-0.9991095858734971,0.04219046593354097,12
-0.9987848135695214,0.04928383287546154,15
-0.9986940591204122,0.05108988429811416,16
-0.9984130468601347,0.056315076662139606,13
-0.9970839347514834,0.07631269265659316,12
-0.9967986642394752,0.07995262954023562,14
-0.9965823529385812,0.08260516818820214,13
-0.9964916590912295,0.08369213440705651,15
-0.9928119332640217,0.1196848577245916,18
-0.992411481089596,0.12296118168574381,21
-0.9910332721429883,0.13361531912756747,20
-0.9903044171476121,0.13891422309442755,17
-0.9892563423084695,0.1461912760819479,15
-0.9855760021160549,0.16923340111495205,14
-0.9821131082545674,0.18829190793699133,17
-0.9793014021789002,0.20240742004788298,19
-0.9775652816827575,0.2106326661477535,22
-0.9767856946580468,0.21421882903096304,24
-0.9766158149749423,0.21499197645686496,27
-0.9759899060650977,0.2178157553048944,21
-0.9751521282610709,0.22153628765487612,23
-0.9732765693503013,0.2296360589143356,22
-0.9730241831562516,0.23070314040582413,22
-0.971121925383133,0.23858375057861067,23
-0.9698023577954578,0.2438921622651514,22
-0.9666935167500053,0.25593679820125004,22
-0.96533841970016,0.2610014089057715,22
-0.9648219079181302,0.26290432860875296,25
-0.9605594728034949,0.2780746288453371,23
-0.958292649694879,0.28578872885536927,26
-0.9564518396114158,0.29189018226713026,29
-0.9557936909634449,0.29403812731425627,27
-0.9540919276602985,0.29951392884715017,29
-0.9524605955496033,0.30466180253733005,2
-0.9509531993138454,0.3093347906633876,3
-0.9504397768584154,0.310908717416102,29
-0.9503984328789313,0.31103507644841505,28
-0.9485170386506252,0.3167261078431146,30
-0.9479175151647851,0.3185159092475907,29
-0.9451526412639789,0.3266289710232766,1
-0.9441382863510943,0.3295495353448689,1
-0.9384450107579979,0.3454286638126912,3
-0.9348443862333217,0.3550577045045552,3
-0.9348029206618809,0.3551668615200709,3
-0.9341201891585752,0.3569586421510869,3
-0.9333587743739474,0.35894484019019235,6
-0.9331811246358103,0.3594064393182799,6
-0.9307323523056741,0.36570109156460917,5
-0.9231093956429518,0.3845374411883766,4
-0.9219485820745725,0.38731229261499717,5
-0.9213670650222904,0.38869362162532395,5
-0.9213397379401486,0.3887583919253426,7
-0.9210654560798334,0.3894077883356323,9
-0.9178617047905975,0.39690035384073175,7
-0.8968695136033107,0.44229523575204926,9
-0.8933091458956374,0.4494427325691303,9
-0.8927768710447895,0.4504991215612693,12
-0.8814705784155444,0.472238943108005,15
-0.8732516722674728,0.4872694499782048,17
-0.869435597791397,0.49404629468615197,11
-0.8664527487898745,0.4992590851596699,14
-0.8644369122444967,0.502741309968855,12
-0.8613615967884557,0.5079923223613148,13
-0.8609503710877171,0.5086889604895335,13
-0.8390089744040947,0.5441175800039815,16
-0.830038091255344,0.5577067034429344,14
-0.825820774081021,0.5639326636188254,14
-0.8247629379396723,0.5654786434527128,15
-0.8178533034666455,0.5754267755402898,13
-0.8099964267323045,0.5864348119619932,15
-0.8090562206254538,0.5877312582016181,16
-0.8084706523593901,0.5885364935784206,17
-0.8079805106715119,0.5892092110405291,15
-0.8079547347639336,0.5892445558276646,15
-0.8076043819343006,0.5897246495446127,13
-0.7985816462703079,0.6018864961437538,19
-0.7951823070837926,0.606370430101021,17
-0.7950275827706568,0.6065732788656673,15
-0.7948844459982934,0.6067608404552705,15
-0.7942237774025391,0.6076253709387406,21
-0.7717791686033789,0.6358906469746801,24
-0.7663566940218182,0.6424152998862569,26
-0.7617215843853804,0.6479044897833521,29
-0.7610153019210641,0.6487339286964969,23
-0.754313435288359,0.656514463925567,22
-0.7526720496215706,0.658395614899176,21
-0.7470535808985094,0.6647638281876612,22
-0.7441622182900431,0.6679989467578838,25
-0.7436187518281873,0.6686038826760498,23
-0.741242263622899,0.6712375932702226,23
-0.7336495315028794,0.6795280457240935,25
-0.69665223296383,0.7174089951391114,27
-0.6874349644978708,0.726245942904889,29
-0.6608986611719642,0.7504751559253013,27
-0.6587709224188232,0.7523435862526195,27
-0.6503838232321134,0.7596057414724952,29
-0.6173349136160392,0.7867004540679238,2
-0.6155616046984353,0.7880887709015318,3
-0.6136318241298538,0.7895922899921631,4
-0.6018543744960889,0.7986058551625587,1
-0.5898792986474914,0.8074914321694958,2
-0.5855953150875688,0.8106035572013554,4
-0.5704400788563064,0.8213392212931334,6
-0.5685602354686725,0.8226416343972676,3
-0.5574211175450445,0.830229906540853,3
-0.5559833572208228,0.8311934230330885,6
-0.5500957094407138,0.8351016168436736,7
-0.5451372775534055,0.8383467949611673,5
-0.48936891732155613,0.8720768674603908,5
-0.48789108829905814,0.8729045113632765,8
-0.4827498697222009,0.8757582790263522,11
-0.4826359591710536,0.875821061013628,7
-0.46084363321816846,0.8874813495067253,5
-0.4359452849908393,0.8999731709858111,8
-0.4303591736652057,0.9026577322785205,8
-0.42567843629825786,0.9048745044870421,9
-0.41275198109027644,0.9108434564216027,11
-0.4031492205973413,0.9151342556869764,9
-0.39335965877761575,0.9193846740327781,9
-0.38169036831808284,0.9242902481002416,11
-0.3723912530360253,0.92807583454277,11
-0.36978418762043064,0.9291176753166943,11
-0.35026139364867875,0.9366519930685491,10
-0.345355092067842,0.9384720882278877,13
-0.3448584877739135,0.938654688056417,13
-0.33134360192336404,0.9435101575841414,15
-0.31790063410180563,0.9481240355763954,17
-0.3118492041169594,0.9501316087214544,15
-0.2966679337884883,0.9549806998372633,17
-0.2858365889592234,0.9582783752188901,18
-0.2791314298915777,0.9602529067108744,20
-0.27562639767586644,0.9612648380671297,17
-0.27489825432409554,0.9614733224429916,16
-0.26115148238042135,0.9652978313714936,1
-0.25718999589823177,0.9663608570352317,4
-0.2491834815322549,0.9684562935576724,1
-0.23363335230728538,0.9723247691433454,27
-0.22328101059144245,0.9747541178724326,9
-0.22101858325403828,0.9752695964995411,14
-0.21988616328501392,0.9755255379516193,1
-0.2104283695248746,0.9776092784436443,10
-0.20422544874292345,0.9789238816607507,3
-0.17722014100842687,0.984171235924396,24
-0.17694726378673115,0.9842203339894929,25
-0.16664707987823277,0.9860166077546858,21
-0.15574538563396725,0.9877972336738582,19
-0.14899447815389974,0.9888380279295731,12
-0.11954507249098544,0.9928287745845832,4
-0.11713214828848985,0.9931163375140514,24
-0.11445142377262664,0.9934288457642141,5
-0.11101797400867712,0.9938183986257292,13
-0.10119981243595667,0.9948661206227334,14
-0.09445201846350515,0.9955294150391387,1
-0.09341863706320604,0.9956269171980301,10
-0.09112864279600477,0.9958391288065348,4
-0.08820302205661612,0.9961025182681148,21
-0.08198707266769964,0.9966333929361294,15
-0.08181730726040123,0.9966473439650844,14
-0.0683683133299517,0.9976601494158307,27
-0.048837461334664926,0.9988067392495833,2
-0.04858932093160427,0.9988188413778575,9
-0.022068925328924863,0.9997564516095039,15
-0.011913013245309361,0.9999290375398732,27
0.0019715833625704522,0.9999980564276335,17
0.07267520177384568,0.9973556612598792,24
0.07679632045484451,0.9970468018927682,3
0.07741048691209079,0.9969993061763047,9
0.10507994528806473,0.9944637776702866,3
0.10866810070963405,0.9940780874197765,23
0.11046939448049838,0.993879526342661,16
0.11886492339594569,0.9929104340201467,19
0.12217008234715124,0.9925091792922069,5
0.13940963480804505,0.9902347972691565,3
0.1457816973476863,0.9893167827942815,15
0.19080680527317812,0.981627609158098,5
0.22317887207399256,0.9747775084909276,16
0.2411113493724727,0.9704974586281951,16
0.25810611590761534,0.9661165731582729,7
0.29718730485982775,0.9548192005977634,16
0.29879467231908463,0.954317422975045,12
0.3137446263321423,0.9495074035770887,10
0.3163827866164033,0.9486316104436112,8
0.32063737643161555,0.9472020232426926,19
0.332378005071776,0.9431462568151912,7
0.3353594785017752,0.9420902399340614,16
0.3388915146627084,0.9408254573987755,20
0.34138177911921475,0.9399247208608781,6
0.3682026897327814,0.9297455454443141,25
0.3835600095163022,0.9235159549785018,3
0.40400375842728947,0.9147573247460904,6
0.4376362323689522,0.8991521162283435,1
0.44201895295518984,0.897005710811474,2
0.44903415389044243,0.8935145934118225,5
0.45203219436763376,0.8920016228994103,25
0.46928155237617286,0.8830485969636153,5
0.49067730526502357,0.8713413694401608,23
0.5104223546660362,0.8599238453823566,2
0.5247881842514128,0.8512328480915814,28
0.5362827368411448,0.8440384032531763,5
0.5474082778347792,0.8368656865698111,15
0.5540759094527504,0.8324661473982636,2
0.5608893304001641,0.8278907893214271,21
0.5644350605841872,0.8254774753942864,2
0.5829776526092795,0.8124881885653319,28
0.5843446645297097,0.8115055841062716,15
0.5880255928805392,0.8088423221601911,21
0.6007824621468689,0.7994125550532378,5
0.6268720792549844,0.7791221959683426,2
0.6438645218791864,0.7651395150332302,18
0.6542598432218166,0.7562698311762569,4
0.6637590807234727,0.7479464437759767,2
0.680744872864418,0.7325205922489875,21
0.6811909700164464,0.7321057726640686,9
0.6913478202220256,0.722522104488336,7
0.7062361377934782,0.7079763538950657,22
0.7076622313382982,0.706550894371595,3
0.7137870742076431,0.7003627722074415,10
0.7234548432907731,0.6903717040255364,9
0.730373153990905,0.6830483554839861,22
0.7432960812735291,0.668962581586904,2
0.7521357126841574,0.6590082470691051,22
0.7648979648267814,0.6441514599873602,17
0.7724812495721272,0.6350375729509908,24
0.7755150715348909,0.631329053522989,2
0.7840974232185325,0.6206377614213121,25
0.7875194956254912,0.6162897403087058,28
0.7878335302769246,0.6158882435729701,14
0.7951573251105771,0.6064031895719151,4
0.7971616593045371,0.6037659223033685,5
0.8148403669469038,0.5796854115758263,2
0.8237338834923322,0.5669766213757326,2
0.8266473927398741,0.5627202573893784,11
0.8267098852967564,0.5626284436043238,6
0.8476759771782437,0.5305143143355414,6
0.8500513751671445,0.526699781257261,8
0.8539583586232895,0.5203413511699961,10
0.8649269924760528,0.5018976964345724,2
0.8684780434256189,0.4957276349847858,4
0.8879120721740212,0.4600132086012702,6
0.8882574602645739,0.4593459309543615,13
0.8931335892516462,0.4497914980860262,8
0.8954895886579356,0.4450824604556343,3
0.9020909639236373,0.43154593360072674,15
0.9091760832096292,0.4164118750943558,9
0.9113500561878228,0.4116322085144117,19
0.9125244381443538,0.4090221874047071,5
0.9153380197854272,0.40268636621481596,30
0.9188114660386073,0.3946967061884166,3
0.9209573883405344,0.3896633019171577,6
0.9301218988169885,0.36725094055846863,3
0.9303172467963764,0.3667558047437152,3
0.9321859997303141,0.3619796429452834,26
0.9321867750846173,0.3619776462122226,18
0.9383849001979997,0.3455919256585579,2
0.9389778553932948,0.34397759677195355,18
0.939202899651906,0.34336265563606627,8
0.9474004414005397,0.3200506266734413,3
0.9477753650398121,0.31893864209852474,6
0.949872401667088,0.3126378424810379,14
0.9512172051396878,0.30852200674545255,2
0.9547526450668921,0.29740105369311176,30
0.9548512245046207,0.29708439720393676,1
0.9555685613034874,0.2947689343339681,1
0.9561341081567646,0.2929292870630527,21
0.9574544741782021,0.28858435487070794,8
0.9585452796057412,0.2849402515362677,2
0.9614130735221169,0.2751088912789926,24
0.9631644284088645,0.26891315298405416,3
0.9678854365810702,0.25139168970805537,2
0.9679579342668568,0.2511124001116616,3
0.9693309984520649,0.24575885627973387,3
0.9728466361357899,0.23145069142104116,7
0.9736343118028735,0.22811450387940027,6
0.9763947034518479,0.21599394220944726,4
0.9792052244859947,0.202872197058475,4
0.9869154959199063,0.16123834504597656,5
0.989514613816782,0.1444327838235658,9
0.9904311796884027,0.13800752987079776,4
0.9904393549190896,0.13794884641582772,3
0.9910325572169999,0.1336206216717085,6
0.9911784857982394,0.13253380433198647,8
0.9916323714212398,0.12909391910345058,8
0.9917094725358725,0.12850028047682055,1
0.9921025338824403,0.12542951113689893,7
0.9922570617396583,0.12420114100836528,8
0.9924716009543101,0.12247498234002199,7
0.9932817421155999,0.11572113367833402,6
0.9935247284757373,0.11361608119985699,3
0.996624920494496,0.08208999847325726,2
0.9968896575129684,0.07880996601748083,2
0.9979610907453701,0.06382524076187349,1
0.9981403659013324,0.06095744383054651,2
0.9983226668790952,0.05789518801602616,8
0.9988075251918697,0.04882138486455194,8
0.9988584359150476,0.04776845194628576,9
0.9989832755684022,0.04508231509833779,3
0.999009650531268,0.044494023704244205,1
0.9994557689997867,0.03298735838233894,6
0.999815247896779,0.01922160433216848,3
0.9998274080990918,0.01857832107194182,5
0.9999813502072946,-0.006107310176820103,6
0.999769378839141,-0.02147531456342826,1
0.9997671541480744,-0.021578634958229044,1
0.9993653487343143,-0.03562161912578537,7
0.998808804182223,-0.048795211733097255,5
0.9968798514305717,-0.07893390787083436,1
0.9966785308925213,-0.08143651550702118,4
0.9964670121202504,-0.08398508055685114,7
0.99552864516943,-0.09446013258046626,2
0.994875895361929,-0.10110367366124746,1
0.994737522663301,-0.10245614186411064,6
0.9941930461117611,-0.10761127758287078,9
0.9933173597341278,-0.1154150027111786,1
0.9924086484518932,-0.12298404155778288,5
0.9922554996520095,-0.12421362006777235,3
0.9917822841437,-0.1279370972732507,1
0.9913341238508141,-0.13136458765184353,10
0.9912952245929385,-0.1316578053107207,10
0.9910679735860386,-0.13335768343842483,4
0.989735012714807,-0.14291467596583945,10
0.9895300797721651,-0.1443267862390503,9
0.9890045023901929,-0.14788540919214058,2
0.9876611296424326,-0.1566061716326465,1
0.9859891887047564,-0.16680923163103534,6
0.9851331239618145,-0.17179268923105043,10
0.9845407608235955,-0.17515561731470553,3
0.9826738482784815,-0.18534321651886787,6
0.9823943275309013,-0.18681912438267215,9
0.9821861520660449,-0.18791051777294457,7
0.9811711244193316,-0.19314042716558472,2
0.9780979694695495,-0.2081450506727082,9
0.9742143048940253,-0.2256246620825195,4
0.9735786550070729,-0.22835192689053213,7
0.9719743084332632,-0.23508709821187498,9
0.9704035207539078,-0.24148914449395048,4
0.9674750249537244,-0.25296655132801726,1
0.9660899488116501,-0.25820575285051905,3
0.9651189461797977,-0.2618118021113578,10
0.964640922941141,-0.2635676190036698,8
0.9631575939919149,-0.26893763056832637,1
0.9615541781861096,-0.2746152989416933,10
0.9611609031550338,-0.2759886197766128,10
0.9599825739673837,-0.2800597394824122,4
0.9596127880848817,-0.28132418478324966,9
0.9582438427490508,-0.2859523348978504,6
0.9560406632115492,-0.2932341219674496,10
0.9558959142417564,-0.2937056368814135,10
0.9551595009859037,-0.2960917555021743,6
0.952614834958122,-0.3041791843925385,5
0.9517235467685456,-0.3069564961461149,8
0.9507407084316185,-0.3099872664012896,8
0.9504193809877703,-0.31097106013715087,8
0.9488205835523427,-0.31581561112046375,2
0.9437609135329923,-0.33062870124562976,8
0.9426827267235708,-0.33369039053741667,8
0.941895087221799,-0.3359071965103451,5
0.9361760411786615,-0.35153153474908766,8
0.9342855142434452,-0.3565257043676671,5
0.9314400630057644,-0.3638947774121217,7
0.9296246149768951,-0.36850790388953597,10
0.9288589113303861,-0.3704336956084447,2
0.9270812406731537,-0.37486047163168074,7
0.9240084078035073,-0.38237215158589577,2
0.9231575809372247,-0.3844217485498595,1
0.9226230993279301,-0.3857027567784867,4
0.9223323078523764,-0.38639761113613147,4
0.9149306949493485,-0.40361098032573656,9
0.9127659985205525,-0.4084828416773203,5
0.9118287334417307,-0.41057077449576135,4
0.9066286153494596,-0.42192956026986494,10
0.9063972548928209,-0.4224263442575033,10
0.9049925955678911,-0.42542731690300684,1
0.9042167558168718,-0.4270738326097861,5
0.9027054697408733,-0.43025903232809565,1
0.9021618129118937,-0.43139780171383046,1
0.8958787885377113,-0.44429854405366076,5
0.8949422807659944,-0.44618192937114803,8
0.8934517963685314,-0.44915908937240073,1
0.8923416131276072,-0.45136066009436376,3
0.8872747741396876,-0.4612412331691155,4
0.8755452761964359,-0.48313607744620646,7
0.8675733899319329,-0.4973091725295386,4
0.866399770117952,-0.4993510171608345,4
0.8617283907876737,-0.5073698655916474,1
0.8563450466351176,-0.5164040676674598,10
0.856192807447237,-0.5166564394988399,10
0.856006014263384,-0.5169658630363473,7
0.8534614088296717,-0.5211560453822558,4
0.8521746706424548,-0.5232574229912306,9
0.8515727154053063,-0.5242365023319467,7
0.85085011675192,-0.5254084875820376,7
0.850500062540663,-0.5259749458085701,9
0.8485557963210261,-0.5291059067237762,3
0.8466167604773144,-0.532203025995623,10
0.8363987388199571,-0.5481214734895772,1
0.8268451301529623,-0.5624296673739133,1
0.8198508626801775,-0.5725771240300898,10
0.8160658184454618,-0.5779589777526937,2
0.8151693279643861,-0.5792227263722403,5
0.811765220117425,-0.5839839273539199,4
0.8110499436949046,-0.5849769130764838,10
0.8108784632499526,-0.5852145912717789,7
0.7989762859415709,-0.6013625316753723,2
0.7974308828185097,-0.603410297498553,10
0.7969068950488786,-0.6041021441971182,3
0.7927830812816018,-0.609503885166985,8
0.7906316074608538,-0.6122921372056531,4
0.785948799080087,-0.6182915859241245,3
0.7842185127124491,-0.6204847494653468,6
0.782881845517638,-0.6221704074921092,4
0.7806781431766103,-0.6249333058545686,3
0.7802706323788289,-0.6254420358811378,6
0.7789956387502408,-0.6270293412657054,3
0.7760681680020903,-0.6306490296622038,3
0.7753827618716123,-0.6314915459389386,5
0.7740431620916612,-0.633132832207541,7
0.7737456638012165,-0.6334963675892822,3
0.7676455336481904,-0.6408746637759875,5
0.7670587867902,-0.6415768212832712,5
0.763067531740509,-0.6463187619150842,3
0.7626547728062499,-0.6468057649061635,1
0.7619423349070065,-0.6476448704934358,8
0.7595601136414004,-0.6504371097693173,6
0.758290497860906,-0.6519168051629436,8
0.7518813533772142,-0.659298438071598,8
0.7474600147946915,-0.6643068013223404,7
0.7462550399386512,-0.665660135028501,6
0.7420551743649055,-0.6703388085127323,2
0.7395723151734738,-0.6730771060056552,10
0.7393926659252659,-0.6732744504107728,3
0.7390387421634265,-0.6736629257881871,3
0.7378435633812362,-0.6749717593921094,10
0.7356585105717097,-0.6773526081911944,10
0.7354626580912804,-0.6775652577820888,10
0.7348589870611505,-0.6782199268198037,9
0.7307156330154034,-0.6826819637773494,5
0.7189592155314061,-0.6950522616339474,1
0.7185150197301863,-0.6955114423373133,6
0.7142210838865215,-0.6999201692564391,5
0.7135043646843771,-0.7006507843257892,9
0.7098019637754646,-0.7044012863563596,10
0.7066887441307109,-0.7075245712475,11
0.7044155761963485,-0.7097877823772161,12
0.7018714334403935,-0.7123036507840792,13
0.7004937907500094,-0.7136584961455178,14
0.6980115544940787,-0.7160864960273722,15
0.6972657859001368,-0.7168126839091679,16
0.6917036366096144,-0.7221814724160642,17
0.6910052975260104,-0.7228496930835552,18
0.690703570828834,-0.7231380070528016,19
0.6887536589636937,-0.7249954463747507,20
0.6850931614040644,-0.7284554620547399,21
0.683129741491561,-0.7302970329185742,22
0.682024543377634,-0.7313292844065045,23
0.679234075751869,-0.7339217058634417,24
0.677777782047281,-0.7352668074672407,25
0.6684980505974432,-0.7437138941470829,26
0.6596790150533244,-0.7515474682934378,27
0.6572761772584272,-0.7536498038270485,28
0.6559079685713145,-0.7548408685045156,29
0.6512964789860846,-0.7588233631487165,30
0.6511675263637239,-0.7589340238843881,1
0.6489448633010185,-0.7608354384459378,2
0.6475294667848039,-0.7620404120815297,3
0.6387469637476791,-0.7694168677011969,4
0.6387051824191692,-0.769451551399369,5
0.6359165163742118,-0.7717578533468169,6
0.6312317524268786,-0.7755942719799392,7
0.6289283550289394,-0.7774632623092826,8
0.6286186413976848,-0.7777137029057216,9
0.6160771019697951,-0.7876858538963986,10
0.6135346338060043,-0.7896678118807504,11
0.6102137618632111,-0.7922368110816036,12
0.6092728033624726,-0.7929606869718283,13
0.6069682453048575,-0.7947260843784746,14
0.6050120997174824,-0.796216276645638,15
0.6047405823879599,-0.7964225185246027,16
0.6043491132994364,-0.7967196177164115,17
0.5979931444709923,-0.8015012159477333,18
0.5970352230163959,-0.8022150225954151,19
0.5962775542123904,-0.8027783494480216,20
0.5938190894095041,-0.804598588771362,21
0.5886902006713749,-0.8083587369686162,22
0.5884665094412966,-0.8085215935681472,23
0.5854546030309657,-0.8107051916633162,24
0.5850103006467704,-0.8110258615711187,25
0.5848803041357529,-0.8111196149977322,26
0.584690647303726,-0.8112563386227253,27
0.5783846243531191,-0.8157641977384772,28
0.5779447600846997,-0.816075887580707,29
0.5777828756805082,-0.8161905099732306,30
0.5757627485125989,-0.8176168157671525,1
0.5692333683205087,-0.8221759984276409,2
0.5681652174762117,-0.8229145068901198,3
0.5662421943307976,-0.8242389079383738,4
0.5660992145037741,-0.8243371151041363,5
0.5640052715438407,-0.8257711872369721,6
0.5609762421393767,-0.8278319006629205,7
0.5580015633511635,-0.8298398973884406,8
0.5565811983411003,-0.8307932171444256,9
0.5552485031091656,-0.8316844953436554,10
0.5548522541956027,-0.831948902285506,11
0.5532454030090886,-0.8330183215568017,12
0.5528770095852821,-0.8332628710509283,13
0.5477525658927748,-0.8366403806641666,14
0.5357772821419036,-0.8443593452675437,15
0.5233657911742501,-0.8521081202691072,16
0.5162887462459472,-0.8564145786357142,17
0.5130472307656354,-0.8583603782815892,18
0.5087846666137718,-0.8608938163436378,19
0.5075997499550479,-0.8615929977927936,20
0.504080604064325,-0.8636566126685682,21
0.5019331332216547,-0.8649064283344717,22
0.49960995817052434,-0.8662504774583659,23
0.4962701236012373,-0.8681681659798478,24
0.49549059422024355,-0.8686133035127138,25
0.4945895119802867,-0.869126696540327,26
0.48849266284370085,-0.8725680021338569,27
0.4883564382630223,-0.8726442512313107,28
0.4867906538838008,-0.873518665680008,29
0.48103707249787697,-0.8767002537256803,30
0.4788162150084823,-0.877915162327745,1
0.4769535599446276,-0.8789284963272874,2
0.47627675842049605,-0.8792954278218809,3
0.4752862231716228,-0.8798312372627233,4
0.4707799051531967,-0.8822506905091926,5
0.46884932491165127,-0.883278161470037,6
0.46714533728244995,-0.8841805436986646,7
0.4668982455897747,-0.8843110472368817,8
0.4668601853438927,-0.8843311412252008,9
0.4590324172093987,-0.8884195179929899,10
0.45791732119128237,-0.8889947845476934,11
0.4557383131131254,-0.8901138073082581,12
0.45554259203663683,-0.8902139893534263,13
0.4528330375969881,-0.8915953342524201,14
0.4464683964103824,-0.89479940266338,15
0.44444752138514193,-0.8958048898809404,16
0.4441298691749031,-0.8959624207000445,17
0.44207506798580193,-0.8969780567356977,18
0.43864617480668794,-0.8986598540757569,19
0.43741682985267993,-0.8992588709385255,20
0.43241754800077303,-0.9016734798035257,21
0.42995120866454556,-0.902852124197477,22
0.42453587571994694,-0.9054111166904777,23
0.4222329380169164,-0.9064873667369021,24
0.4219013077279955,-0.9066417630670932,25
0.4210279140459324,-0.9070476809926427,26
0.4204968123831104,-0.9072940156176735,27
0.4148460226796569,-0.9098916295179715,28
0.41147710363653905,-0.9114200969821133,29
0.40881742801181986,-0.9126161901663812,30
0.4079737688901838,-0.9129936494289207,1
0.4074945725754521,-0.91320762881261,2
0.4041646144848353,-0.9146862655568435,3
0.40265001040746806,-0.9153540130020001,4
0.40204712125865555,-0.9156189776799233,5
0.3997876178048048,-0.9166078008886676,6
0.39969064450179886,-0.9166500906549546,7
0.3987605840888082,-0.917055067363543,8
0.39727110372001034,-0.9177012968003722,9
0.3968939426201002,-0.9178644770942346,10
0.3870335484790206,-0.922065633429496,11
0.38648109423221993,-0.9222973293906179,12
0.386152186575557,-0.9224350864981862,13
0.38561625090457885,-0.9226592583604724,14
0.3821625065423828,-0.9240951350338574,15
0.38085710573493187,-0.9246339086423399,16
0.37889414864412213,-0.9254400164912072,17
0.3788441590110473,-0.9254604816971994,18
0.3787616671535062,-0.9254942460626628,19
0.37737155221387575,-0.9260619372264957,20
0.3733743894785237,-0.9276807453437522,21
0.36827267528476343,-0.9297178263530301,22
0.3680591963196489,-0.92980235964668,23
0.36623920672664556,-0.9305207377894581,24
0.3604791718394581,-0.932767262863539,25
0.35932358829425753,-0.9332130297500881,26
0.35515663881113685,-0.9348068045903258,27
0.35481896277058556,-0.9349350264368138,28
0.3483656187021075,-0.9373587337334078,29
0.3450893195805707,-0.9385698490317163,30
0.3384109987195899,-0.9409984037954633,1
0.3357552237771603,-0.9419492713019895,2
0.33469321806148483,-0.942327145838242,3
0.3281411276908711,-0.9446287102972064,4
0.3273833336360313,-0.9448916090522548,5
0.3264342798366631,-0.9452199008418725,6
0.32359684037163333,-0.9461950564769908,7
0.3201884055642411,-0.9473538858009868,8
0.3139530807550695,-0.9494384988425532,9
0.31341470313759834,-0.949616356144507,10
0.30965503278164686,-0.9508489683819388,11
0.3065026001591981,-0.9518698209816565,12
0.3063477908866753,-0.951919655758223,13
0.30519745121845077,-0.9522890925395299,14
0.30441690528202353,-0.9525388956775023,15
0.30356414007211197,-0.9528110058465316,16
0.29398898921957906,-0.9558088063089031,17
0.2915719212504737,-0.9565489087016448,18
0.2886024062199347,-0.9574490331730791,19
0.27977702877330896,-0.9600650051797426,20
0.278666076202058,-0.9603880559305956,21
0.27486715115229204,-0.9614822147171642,22
0.2735298886490898,-0.9618635038380532,23
0.26875048912546995,-0.9632098289546368,24
0.2682832941809248,-0.9633400614857826,25
0.2613589309091148,-0.9652416843640999,26
0.2607802250152158,-0.9653981946539021,27
0.25985466871322144,-0.965647736572681,28
0.25654536943081635,-0.9665321895434243,29
0.25537241730395055,-0.966842763059401,30
0.2531761075239699,-0.9674202078616154,1
0.2517981390954462,-0.967779777195241,2
0.24861936889166103,-0.9686012644075539,3
0.24801214303665034,-0.9687569235398362,4
0.24787104030450569,-0.968793036400635,5
0.24703569906482103,-0.9690063794359433,6
0.24552917868803048,-0.9693892006891666,7
0.24509831602258747,-0.9694982287157062,8
0.24407187283553106,-0.9697571453155457,9
0.24287537981990165,-0.9700574982326247,10
0.24273695922122052,-0.9700921444007448,11
0.24068630208063901,-0.9706029589851596,12
0.23563172608312935,-0.9718424201809083,13
0.23524641589471415,-0.9719357611533239,14
0.23311347931340562,-0.9724495389285751,15
0.23055440272195837,-0.9730594367177788,16
0.2292818640767424,-0.9733600704803409,17
0.2264543762578781,-0.9740217736137398,18
0.22521649453791237,-0.9743087450023501,19
0.22357231367703023,-0.9746873450276758,20
0.22355504418211036,-0.9746913061173443,21
0.22080060682689787,-0.9753189693761081,22
0.21826652403180039,-0.9758891968287565,23
0.2181749160818101,-0.9759096812680439,24
0.21710037223462428,-0.9761492859064066,25
0.2080502765525003,-0.9781181331651244,26
0.20677331454248882,-0.9783888778972873,27
0.20514311278801167,-0.9787319874591027,28
0.19951139589048347,-0.9798955061177854,29
0.19655752508519433,-0.9804922943768519,30
0.1945179018980903,-0.9808989682129169,1
0.19078050537256072,-0.9816327209143908,2
0.1861098930903533,-0.9825289347871121,3
0.1846834768235005,-0.9827980532074652,4
0.18317739759446694,-0.9830798751935259,5
0.1820376158978842,-0.9832915673380985,6
0.17408374246794364,-0.9847308518617434,7
0.17129335245079305,-0.9852200705457479,8
0.17109045213572108,-0.9852553258866427,9
0.16644770416586271,-0.9860502835950677,10
0.1649182964344191,-0.9863072318000964,11
0.16475200179692423,-0.986335023155878,12
0.1628890493324187,-0.9866443926803521,13
0.16162871449731225,-0.9868516396348269,14
0.15672088107085788,-0.9876429341803514,15
0.15618839192105757,-0.9877272833272928,16
0.1520996971325705,-0.9883651562718003,17
0.15019589952603485,-0.9886562556144401,18
0.15006486287435647,-0.9886761537179405,19
0.14172958473009892,-0.9899054120532091,20
0.14005288038596495,-0.9901440252284486,21
0.13925107386360516,-0.9902571072341934,22
0.1377726761202448,-0.99046387602712,23
0.13322091700758174,-0.9910863672110817,24
0.13237268854341708,-0.9912000158029597,25
0.13187355219404312,-0.9912665465109397,26
0.13155127912295211,-0.99130936692897,27
0.1307266086318858,-0.9914184554443224,28
0.1271945068786615,-0.9918777935914758,29
0.12570689151920952,-0.992067425845934,30
0.12510509983977852,-0.9921434946589526,1
0.12468135352447393,-0.9921968353523938,2
0.12373807915776563,-0.9923149136067373,3
0.11717916342470423,-0.9931107912308105,4
0.11619983598566215,-0.9932258545350625,5
0.10586023089721591,-0.9943810192850566,6
0.10431271174785561,-0.9945445481062217,7
0.10385264630778773,-0.9945926944507835,8
0.09868367286054855,-0.9951188535600922,9
0.09724639929280132,-0.9952603367082329,10
0.0943646377579997,-0.9955377015165229,11
0.08476856135878383,-0.9964006679068226,12
0.08464866039894166,-0.9964108611876251,13
0.08441179555169481,-0.9964309553459983,14
0.08144270121015387,-0.9966780254523492,15
0.08067167801661362,-0.996740728758479,16
0.08019723340849802,-0.9967790145030256,17
0.0801037082548598,-0.9967865347825583,18
0.08005226434658372,-0.9967906675791988,19
0.07658312611561781,-0.9970632000000599,20
0.07624691217604224,-0.9970889671356408,21
0.07477833556856275,-0.99720018077094,22
0.07260979799390792,-0.9973604249393917,23
0.07130749820141137,-0.9974543802601981,24
0.07124350711455871,-0.9974589528867931,25
0.06767995562433178,-0.9977070830693188,26
0.067655346768855,-0.9977087521183654,27
0.06431363462010314,-0.9979297352028107,28
0.05910257261175204,-0.9982519150548486,29
0.05778221611099939,-0.9983292119843543,30
0.05599676264789194,-0.9984309503280413,1
0.05448781720580229,-0.9985144354370382,2
0.05334009588105873,-0.9985764037725904,3
0.04825492559086954,-0.9988350525268022,4
0.04303147625431922,-0.9990737170256127,5
0.04207899360566316,-0.9991142869047237,6
0.03985672977864737,-0.9992054048549537,7
0.033767043808972566,-0.9994297307727057,8
0.026151440732453003,-0.999657992589274,9
0.024496162274919717,-0.9996999239940957,10
0.023092820782223814,-0.9997333252564506,11
0.022332516151915574,-0.9997505982605484,12
0.014905564981643029,-0.999888905895339,13
0.014546945456832465,-0.999894187590805,14
0.012529042446560857,-0.9999215084672258,15
0.011756302618738407,-0.9999308922864303,16
0.010995025551476823,-0.999939552879634,17
0.00978690341799574,-0.9999521071138792,1
-0.005850978943924225,-0.999982882876201,2
-0.005982541672048933,-0.9999821044374455,3
-0.007993237311726173,-0.9999680535683519,4
-0.00819379185579932,-0.9999664303240503,5
-0.008584403250953842,-0.999963153331574,6
-0.009931890859664108,-0.9999506775556241,7
-0.011594123711299505,-0.9999327858888152,1
-0.01229104145059194,-0.9999244622970577,2
-0.013176437594124936,-0.9999131869779136,3
-0.013388169589223405,-0.9999103744411547,4
-0.014228932531875453,-0.9998987636150989,5
-0.022136007435063953,-0.9997549685672159,6
-0.028873106488612472,-0.99958308495177,7
-0.029822151361617102,-0.9995552207297828,1
-0.03179094417658139,-0.9994945401893707,2
-0.03738422753929745,-0.9993009654409877,3
-0.037398665136107984,-0.9993004252205826,4
-0.04127213386933771,-0.9991479424819287,5
-0.04816927037170452,-0.9988391869524631,6
-0.04839219710535537,-0.9988284113196403,7
-0.04880206516468497,-0.9988084693451802,1
-0.05633732779700454,-0.9984117915452987,2
-0.05813259612956846,-0.9983088706744203,3
-0.05816588386541807,-0.9983069317370058,4
-0.058859429242089784,-0.9982662809036953,5
-0.06025096083903158,-0.998183260587941,1
-0.06299937167827517,-0.9980135666252952,2
-0.06607493587045674,-0.9978146635772172,3
-0.07861085078991485,-0.9969053787286363,4
-0.07940029500275816,-0.99684281266079,5
-0.08119963902210298,-0.9966978572379296,1
-0.08297448090403782,-0.9965516722773112,2
-0.08418618907950998,-0.996450041682105,3
-0.08461781708300906,-0.996413480956629,4
-0.09344725678007268,-0.9956242314248278,5
-0.09791791801873231,-0.9951944942225499,1
-0.09952495304440116,-0.9950350665788165,2
-0.10167858560427351,-0.9948173024377464,3
-0.1022792846658703,-0.9947557227421403,4
-0.1041077448006515,-0.9945660246924396,5
-0.10687406868195994,-0.9942725649656455,1
-0.10856096730614642,-0.9940897929148824,2
-0.11935385633023729,-0.9928517799647141,3
-0.1215565923543557,-0.9925845026269536,4
-0.12263725074065608,-0.9924515629141674,5
-0.12608472148076255,-0.9920194771319354,1
-0.12652044811645105,-0.9919639994518009,2
-0.12765199492909926,-0.9918190198774276,3
-0.1286454911535821,-0.9916906461219919,4
-0.12996349589204687,-0.9915187793156103,5
-0.13351228637520626,-0.9910471580035255,1
-0.13505592388856022,-0.990837977382078,2
-0.13873972612289853,-0.9903288789060648,3
-0.1407434333575112,-0.9900461029501302,4
-0.14171992494682464,-0.9899067950433851,5
-0.14559252569007888,-0.9893446398819694,1
-0.14622750549844574,-0.9892509876849768,2
-0.14682029200338498,-0.9891631826225846,3
-0.14845835630016585,-0.988918660176181,4
-0.14916353467086663,-0.9888125403353728,5
-0.14918483388307624,-0.988809327089545,1
-0.15162255540148092,-0.9884384658103532,2
-0.15329211435362264,-0.9881809184946833,3
-0.15466812274071595,-0.9879664831399205,4
-0.16262157143322042,-0.9866885144282312,5
-0.16459787136495904,-0.9863607558809933,1
-0.16924385085260854,-0.9855742077330251,2
-0.16959450330096332,-0.9855139290999897,3
-0.1715604645051996,-0.9851735923271392,4
-0.17628656237756493,-0.9843388887599133,5
-0.1783295660830154,-0.9839708155533087,3
-0.1812854949573872,-0.9834305106707109,4
-0.18237226382762425,-0.9832295547766998,5
-0.18259886948615597,-0.9831874962907013,6
-0.1840290605390018,-0.9829208029526756,1
-0.18520091984284767,-0.9827006763452252,2
-0.18991309298473816,-0.9818009050275774,3
-0.19056665221061037,-0.9816742591436531,4
-0.19851293801818318,-0.9800982672361935,5
-0.20592505768999966,-0.9785677649582426,6
-0.20659030720209193,-0.9784275369030377,1
-0.2075905023578196,-0.9782158163364708,2
-0.21287013044998715,-0.9770805020888532,3
-0.22081497654017024,-0.9753157161327629,4
-0.22218576872469434,-0.9750043508498907,5
-0.22309149067960668,-0.9747975106586757,6
-0.2248384581782404,-0.9743960528060608,1
-0.22756147567838023,-0.9737637160970201,2
-0.22830911299452214,-0.9735886959715866,3
-0.2314291481590447,-0.9728517612577874,4
-0.23155329857558277,-0.9728222190712787,5
-0.23167162488730628,-0.972794047176521,6
-0.23281430171202042,-0.9725212084671184,1
-0.23383513293779576,-0.9722762624912548,2
-0.23472288553751375,-0.972062326707986,3
-0.23630361948328812,-0.9716792677726007,4
-0.23720897570947114,-0.9714586464913798,5
-0.23770884974532874,-0.9713364518809909,6
-0.23857576099167113,-0.9711238882177933,1
-0.247194717813923,-0.9689658257569742,2
-0.2484348448202602,-0.9686486090833627,3
-0.24981260668438304,-0.9682942019559726,4
-0.2518251036694272,-0.9677727611179612,5
-0.2614059870962169,-0.9652289417077445,6
-0.2620541015534076,-0.9650531839536287,1
-0.2647331995799739,-0.9643216958256978,2
-0.2676826130492265,-0.9635071451064273,3
-0.26987345545528313,-0.9628957981218037,4
-0.2700909174602567,-0.9628348229605517,5
-0.27273872829576074,-0.9620881384195583,6
-0.2728940586096565,-0.9620440908687862,1
-0.2750195839331585,-0.9614386243818335,2
-0.27817349876120173,-0.9605308452032926,3
-0.27872922888391827,-0.9603697293052172,4
-0.2830487814805873,-0.9591055141653366,5
-0.28312109483094644,-0.9590841702695996,6
-0.2874740528161232,-0.957788425988471,1
-0.28892102295065186,-0.9573529351796801,2
-0.2894967711033458,-0.957178990325601,3
-0.2898337703552446,-0.9570770008529426,4
-0.2970162525854989,-0.9548724237823957,3
-0.2971933404617797,-0.9548173219968146,4
-0.29771445658425555,-0.9546549650741578,5
-0.2987177055263924,-0.9543415176995327,6
-0.3009898121355203,-0.9536273554122827,7
-0.3028370360500877,-0.9530423545658387,1
-0.30315227997959326,-0.9529421258099435,2
-0.30395545414910063,-0.9526862452523465,3
-0.3045959426089286,-0.9524816595327064,4
-0.3051599626212364,-0.9523011063802276,5
-0.306403268035177,-0.9519018002595454,6
-0.3092610130559671,-0.9509771952069077,7
-0.30983684451523724,-0.9507897400481563,1
-0.310909476571839,-0.95043952852237,2
-0.31207377826698945,-0.950057870299576,3
-0.3208660747355948,-0.9471245757997053,4
-0.3281259403276062,-0.9446339858824285,5
-0.33190773638242305,-0.9433118543352966,6
-0.3325579232779826,-0.9430828318154432,7
-0.3327235610600684,-0.9430244068503778,1
-0.3336193515900809,-0.9427078700449116,2
-0.33434880135855305,-0.9424494039629389,3
-0.33600586866661714,-0.9418598920336252,4
-0.3395391977494858,-0.9405919057655321,5
-0.3441302483177568,-0.9389219201790738,6
-0.34850893141282235,-0.9373054596690946,7
-0.34955725355721634,-0.9369150049420363,1
-0.3522897614304178,-0.9358909786889172,2
-0.3531721950851218,-0.935558336299109,3
-0.3533200209591748,-0.9355025188578641,4
-0.35616306944986725,-0.9344238160278499,5
-0.356186305454173,-0.9344149591091243,6
-0.35742412259656015,-0.9339421805369319,7
-0.3583640234926906,-0.9335819335581266,1
-0.3611438980542452,-0.9325100990864308,2
-0.36456168302585906,-0.9311792412147906,3
-0.365414723182124,-0.930844820623573,4
-0.36934010633827624,-0.9292942945321632,5
-0.37015910185071166,-0.9289683736904473,6
-0.371550177717345,-0.9284128744466059,7
-0.3746042785505404,-0.9271847898297454,1
-0.37738188903053943,-0.9260577248917811,2
-0.38764998251874594,-0.9218066451557051,3
-0.38825061261355526,-0.9215538301180236,4
-0.39080565172547904,-0.92047321665512,5
-0.39302006232752373,-0.9195298965276058,6
-0.39882044214713636,-0.91702903712236,7
-0.39922088902680736,-0.9168547768129071,1
-0.40250056001259754,-0.9154197393488658,2
-0.40447812695606783,-0.9145476722479321,3
-0.40523441874235466,-0.9142128121321348,1
-0.4067491791101696,-0.9135398761374367,2
-0.40770566110438067,-0.9131134069234993,3
-0.40974436048660406,-0.9122003941291759,4
-0.41491623711950965,-0.9098596134429678,5
-0.416899762759059,-0.9089524673003756,1
-0.41925177572046357,-0.9078700064190016,2
-0.4209741234286619,-0.9070726472579083,3
-0.42109786131571386,-0.9070152100132234,4
-0.4217223131458557,-0.9067250358266881,5
-0.4233173670543177,-0.905981460489231,1
-0.42419223258573996,-0.9055721670932281,2
-0.4246648186706068,-0.9053506457629887,3
-0.42631679783730253,-0.9045739261562586,4
-0.42723500611395204,-0.9041406138155786,5
-0.4279383063506928,-0.903807947496425,1
-0.42940702247031676,-0.9031110723787948,2
-0.4297440285354505,-0.9029507572055754,3
-0.4359248639336748,-0.8999830626208513,4
-0.44068460186144043,-0.8976620085991296,5
-0.44357970104762123,-0.8962349294791534,1
-0.4438442511331841,-0.8961039452742204,2
-0.4473645779519064,-0.8943516838436169,3
-0.45124799568572893,-0.8923985916560001,4
-0.4546844425399687,-0.8906526021475029,5
-0.4549694876178686,-0.8905070271124951,1
-0.45740044270443336,-0.8892608363206986,2
-0.4616304282681636,-0.8870723463714512,3
-0.46365799977711525,-0.8860142545369598,4
-0.4661051569535269,-0.8847293273433,5
-0.46754884381498524,-0.883967238446805,1
-0.4693198492966427,-0.8830282436344697,2
-0.4694022414986254,-0.8829844481507396,3
-0.47180007900524407,-0.8817055548484684,4
-0.4720001567799859,-0.8815984641545541,5
-0.473344326710125,-0.880877487719682,1
-0.47415955695166156,-0.8804389328916594,2
-0.476015244701307,-0.8794370283379901,3
-0.47635243265538296,-0.8792544341106838,4
-0.479120649291839,-0.8777490549252484,5
-0.4828481261004341,-0.875704109343618,1
-0.48326800285443133,-0.8754724652535277,2
-0.4835273575013388,-0.8753292492244118,3
-0.4838975636463805,-0.8751246470629753,4
-0.4888260831984612,-0.8723812586162377,5
-0.49059333099887736,-0.8713886524275066,1
-0.4920748723924959,-0.8705528817710667,2
-0.4923404520606797,-0.8704027109704366,3
-0.4948063958329288,-0.8690032397194081,4
-0.499564449021816,-0.8662767232666069,5
-0.5037029542066918,-0.8638769205873319,3
-0.5060150716098689,-0.8625246357662251,4
-0.5061991429800531,-0.8624166206922613,5
-0.5064795571228707,-0.8622519690998802,6
-0.5065984864595121,-0.8621820999747858,1
-0.507298530293356,-0.8617703877264529,2
-0.5076413817215888,-0.8615684694577652,3
-0.5083495312757497,-0.8611508311856441,4
-0.5094925944520309,-0.8604750410084759,5
-0.5162129857315553,-0.8564602462240224,6
-0.5184269440261546,-0.8551219232996558,1
-0.5226550553135928,-0.8525442470365661,2
-0.5255634152059063,-0.8507544279033192,3
-0.5258437571994545,-0.8505811795556971,4
-0.5289680197501408,-0.848641758389024,5
-0.5297233764915705,-0.8481704689497094,6
-0.5321146774206355,-0.8466722920194879,1
-0.5330933440280121,-0.8460564322508467,2
-0.5472511851996065,-0.8369684225212001,3
-0.5479682461692886,-0.8364991340044255,4
-0.5487353520890432,-0.8359961204262337,5
-0.5549765939293373,-0.8318659628753851,6
-0.555035050098874,-0.8318269610692721,1
-0.5578267156244427,-0.829957441882201,2
-0.560849168474129,-0.8279179972810581,3
-0.5650796263821932,-0.8250363724392767,4
-0.5736284381666106,-0.8191156297657463,5
-0.5822745556911906,-0.8129922150885742,6
-0.5824321126293948,-0.8128793478604682,1
-0.5864514631708617,-0.809984371049686,2
-0.588873209053855,-0.8082254287379325,3
-0.5913007677407254,-0.8064511157343814,4
-0.5916208881119851,-0.8062163014660433,5
-0.5940661294560781,-0.8044162068438666,6
-0.603447441237591,-0.79740277505399,1
-0.6090795913559333,-0.7931091043442191,2
-0.6104220081071126,-0.7920763675419689,3
-0.6105166793521447,-0.7920033991295937,4
-0.6115608828633329,-0.7911973752177272,5
-0.6156180663396437,-0.7880446664981866,6
-0.6184186800572198,-0.7858487998058443,1
-0.6198433438712803,-0.7847255756367763,2
-0.6199746882999687,-0.784621810726261,3
-0.6212639530431825,-0.7836013659056231,4
-0.6227294809266439,-0.78243721382922,5
-0.6288219397709187,-0.7775493348095277,6
-0.631188651879566,-0.7756293481673164,1
-0.6320514063446718,-0.7749264608578821,2
-0.6337715646211108,-0.7735202672701661,3
-0.6339293891572817,-0.773390929325316,4
-0.6421979982098738,-0.7665387994715146,6
-0.6432260512529842,-0.765676333047779,7
-0.6447218490497475,-0.7644172534407335,1
-0.6457320539568941,-0.7635640866964676,2
-0.648369356642029,-0.7613259337285191,3
-0.6508625546870549,-0.7591955840929533,4
-0.6537456983163255,-0.7567143198941725,5
-0.654462295806701,-0.756094639160616,6
-0.6553327466688899,-0.7553403147875855,7
-0.6556398491490346,-0.7550737634217144,1
-0.6580822678880413,-0.7529460330537191,2
-0.6581753949576304,-0.752864628915695,3
-0.6602608688596651,-0.7510363407004219,4
-0.6649181828925768,-0.7469162001582466,5
-0.6699705165715663,-0.7423877066094432,6
-0.6713308166577573,-0.7411578338017002,7
-0.6727333004362904,-0.739885063022694,1
-0.6729160209304745,-0.7397188849658344,2
-0.67544673594946,-0.7374087786941653,3
-0.6793616878716984,-0.7338035820654715,4
-0.6799999895798425,-0.7332121208568595,5
-0.6812435223205888,-0.7320568716269504,6
-0.685383674828476,-0.7281821326279669,7
-0.6901288405331344,-0.7236865229257704,1
-0.6907598882778396,-0.7230842113795506,2
-0.6925693313992858,-0.7213513160763945,3
-0.6930530896112372,-0.7208865479257596,4
-0.69329619635131,-0.7206527486416782,5
-0.6987527579510051,-0.7153632526596988,6
-0.7026192001473283,-0.7115660612932074,7
-0.705827504560374,-0.7083837475592415,1
-0.7059399550836655,-0.7082716850308732,2
-0.7101026667253962,-0.704098148491729,3
-0.7113950782404262,-0.7027923182955956,4
-0.7123346245876498,-0.7018399978724296,5
-0.7141050939719894,-0.7000385094859112,6
-0.7143196387697104,-0.6998195865134887,7
-0.7174774564462965,-0.6965817249191604,1
-0.7194272177262326,-0.6945678357041103,2
-0.7198883078383512,-0.6940899251809056,3
-0.7203537887202344,-0.6936068187931863,4
-0.7208082284801232,-0.6931345452041375,5
-0.7209391983014506,-0.6929983205985869,6
-0.7229139548762067,-0.6909380680243649,7
-0.7269910500046943,-0.6866469349040102,1
-0.727030305528559,-0.6866053705317562,2
-0.7271420297608283,-0.6864870490805364,3
-0.7290302796189971,-0.6844814470813996,4
-0.7328215044349949,-0.6804209304817355,5
-0.733697571768514,-0.6794761755801202,6
-0.7346496060090367,-0.6784467233252491,1
-0.7366543870317075,-0.6762694093827838,2
-0.7373624732900796,-0.6754972856966464,3
-0.737422060158725,-0.6754322358247803,4
-0.7403512584461246,-0.6722202125176241,5
-0.7425142282142141,-0.6698302926110836,1
-0.7444254728708439,-0.6677055603640129,2
-0.7473948801488279,-0.6643800818261479,3
-0.7498579686002003,-0.6615988413886326,4
-0.7503627959323079,-0.6610262282849673,5
-0.7513138391172116,-0.6599450849509803,1
-0.7516087847969166,-0.6596091529201988,2
-0.7519130640552011,-0.6592622726222994,3
-0.7543745803455972,-0.6564442036673064,4
-0.7586301380629323,-0.651521537343637,5
-0.7657443879217711,-0.6431450321399614,1
-0.7678823322187502,-0.6405909177207345,2
-0.7683217269416471,-0.6400638436198416,3
-0.7685628156875329,-0.6397743339197433,4
-0.7721690199137177,-0.6354171894790765,5
-0.7740266895655558,-0.6331529703319623,1
-0.7760922700826788,-0.6306193688096762,2
-0.7793441433225696,-0.626596126918137,3
-0.781935931617101,-0.6233588042581065,4
-0.7857583976052958,-0.618533540394341,5
-0.7858813684949715,-0.6183772915077581,1
-0.7887981377018409,-0.6146523390975646,2
-0.7928138635871532,-0.6094638444600392,3
-0.793524742794382,-0.6085379877814612,4
-0.7956771226591329,-0.6057209889684219,5
-0.7964699947344548,-0.604678052758406,1
-0.8030851422962128,-0.5958642917838521,2
-0.8031560882966584,-0.595768661337612,3
-0.8049617894802039,-0.5933266532668391,4
-0.805340923576382,-0.5928119405116095,5
-0.8079260926571307,-0.5892838270339527,1
-0.8083273864188925,-0.5887332472055596,2
-0.8088837432901531,-0.5879686129725885,3
-0.8102950729773464,-0.5860220940447868,4
-0.8153617033628842,-0.578951891515328,5
-0.8158506120464875,-0.5782627247396912,1
-0.8161705975607296,-0.5778110034235775,2
-0.8190830371011583,-0.5736749762131363,3
-0.8205015395831636,-0.5716443155858878,4
-0.8254299092177879,-0.5645046190853662,5
-0.8257514258777429,-0.5640342034494669,1
-0.8278511033895686,-0.5609479036565461,2
-0.8283867266706115,-0.5601566129895723,3
-0.8287310289366362,-0.5596471045914776,4
-0.8310464216938066,-0.5562030609318145,5
-0.8328544032411683,-0.5534921345437507,3
-0.8356649017978877,-0.5492396306741956,4
-0.836404086347457,-0.5481133134136368,5
-0.8375880653690416,-0.5463023272432088,6
-0.8386225221439476,-0.5447130119181329,1
-0.8467623890863322,-0.531971292861567,2
-0.8474399605561256,-0.5308912442794969,3
-0.848123840138686,-0.5297980292417183,4
-0.8489797476550728,-0.5284253855290536,5
-0.8506009105630468,-0.5258118398717508,6
-0.8511671257422002,-0.5248947742698165,1
-0.8559373522927356,-0.5170795383208482,2
-0.8565327007021034,-0.516092755837515,3
-0.8608612492899733,-0.5088397679730883,4
-0.8610699265812448,-0.5084865598394609,5
-0.8631046286503542,-0.5050251478910076,6
-0.8675882133431989,-0.497283311672487,1
-0.8679362884112339,-0.4966755472729973,2
-0.8743624404409578,-0.4852734515158774,3
-0.8754793778150644,-0.4832554800729608,4
-0.8808176339598606,-0.47345569560979306,5
-0.8828728873078276,-0.4696120365330725,6
-0.8835243706637638,-0.4683851902475143,1
-0.8839025940800669,-0.4676710426983144,2
-0.8845578942554668,-0.46643041464974644,3
-0.8847344837841377,-0.4660953692145155,4
-0.8850152432290883,-0.4655620466190922,5
-0.8852149498269276,-0.4651822144094828,6
-0.8862060203106472,-0.4632913657356079,1
-0.8890490126775554,-0.457812028082557,2
-0.8893213169814324,-0.45728283934826464,3
-0.8895705727968148,-0.45679776270680955,4
-0.8914038797494925,-0.453209800387803,5
-0.8917935042722914,-0.45244264358893765,6
-0.8919755879522987,-0.4520835658339629,1
-0.8922989274526674,-0.4514450399182824,2
-0.896810840630771,-0.4424141906936641,3
-0.8998003529837594,-0.43630187344349325,4
-0.900555429425371,-0.4347412086891298,5
-0.9023888398181112,-0.43092270974238883,6
-0.9037070886949785,-0.42815125579921653,1
-0.9056293894474439,-0.4240700519596381,2
-0.9075680215163995,-0.4199050920396277,3
-0.9092311130699271,-0.41629170424790046,4
-0.9097488100798882,-0.4151591292001508,5
-0.909815339160084,-0.4150133113877451,6
-0.9108291953988167,-0.41278345026071983,1
-0.9144841609996855,-0.4046216989741172,2
-0.9158629874132564,-0.4014909566683479,3
-0.9187560652344096,-0.3948256483499843,4
-0.9262981294965386,-0.37679142146712125,2
-0.9265765791019623,-0.3761061592950916,3
-0.9283990004126428,-0.37158484365324385,4
-0.9301208702147669,-0.3672535456478601,5
-0.9359814577430892,-0.35204930160578624,6
-0.9421197724723385,-0.3352765042717267,7
-0.94376607731895,-0.3306139611419965,1
-0.9441599584237246,-0.32948743968368616,2
-0.9463959644132919,-0.3230087901934483,3
-0.9465529501924026,-0.32254846532274656,4
-0.9486361480599335,-0.3163691808536539,5
-0.9518754564043233,-0.30648509832463516,6
-0.9525159729129342,-0.3044886226868361,7
-0.9538262976158608,-0.3003587754276865,1
-0.9545602705415724,-0.2980179355401283,2
-0.9553070249856149,-0.29561543940250096,3
-0.9557864785591321,-0.2940615707696838,4
-0.9576173982536638,-0.288043258143432,5
-0.9610330812823501,-0.276433385612071,6
-0.9644198059195073,-0.2643755623165271,7
-0.9646463198303296,-0.2635478659329298,1
-0.9670516465813189,-0.25458026797919703,2
-0.9685645732182417,-0.248762271067309,3
-0.968890915208151,-0.24748817027710968,4
-0.9689687191082653,-0.24718337603829194,5
-0.9693160780631944,-0.24581769832171807,6
-0.9719610153843683,-0.23514205190264836,7
-0.9730243304785199,-0.23070251905176078,1
-0.9743523751768602,-0.22502766271552233,2
-0.9746579342627144,-0.22370049436408984,3
-0.9759448572423832,-0.218017512191439,4
-0.9759734666867467,-0.2178894038806241,5
-0.9764429969476894,-0.2157755169425266,6
-0.9774128841582431,-0.21133871836808502,7
-0.977566872270773,-0.21062528394933533,1
-0.979221757215362,-0.20279238199710248,2
-0.9794734307604532,-0.20157330784195535,3
-0.9804516781391205,-0.19676002346559762,4
-0.9809255251685679,-0.1943839347085282,5
-0.9817396777445645,-0.1902293487924477,6
-0.9818407959627806,-0.18970675102160553,7
-0.9818559503470374,-0.18962830160109556,1
-0.9839283625957352,-0.17856365049940964,2
-0.9841919070175833,-0.17710530811100134,3
-0.9855919209158546,-0.16914066756813945,4
-0.9908822558088357,-0.13473067625152432,5
-0.9910366263346254,-0.13359043851744834,6
-0.9912350466890487,-0.13211011397830036,7
-0.9919181380825933,-0.1268794993005621,1
-0.9938631173251313,-0.11061692465790286,2
-0.9951348419903979,-0.09852231349671907,1
-0.995469696501645,-0.09507935289495265,2
-0.9961864438953767,-0.08725003724402325,3
-0.9962495978601755,-0.08652594271915583,4
-0.997706771025263,-0.06768455547865784,5
-0.9987030683794941,-0.05091346785854979,1
-0.9987489724570704,-0.050004899919367726,2
-0.998837916166876,-0.04819561419271195,3
-0.9988636900330748,-0.04765845920200808,4
-0.998939411031434,-0.04604403422998139,5
-0.9992997779056535,-0.037415957527658514,1
-0.9993879948662929,-0.034980504815260854,2
-0.9994045039584715,-0.034505615014393504,3
-0.9994764223205517,-0.032355543965606436,4
-0.9999294628850122,-0.011877257869182431,5
-0.999977485072128,-0.006710391107976777,1
-0.9999923821189508,-0.003903294002032397,2
-0.9999956441971811,-0.002951539710870525,30
-0.9998112611586627,0.01942786813637698,7
-0.9998083651931181,0.019576334944638635,8
-0.9997835103230179,0.020807029729971473,9
-0.9997617884285909,0.021825819527925346,8
-0.9994185731034418,0.03409568500382806,9
-0.9993146769128419,0.037015895323256116,8
-0.9991048809485203,0.04230173595543098,8
-0.9986365366253865,0.052202181150340116,7
-0.998441190888874,0.05581387225777526,11
-0.9979491624559212,0.06401147673289004,14
-0.9979108128907279,0.06460657486484261,14
-0.9974268618193873,0.07169138944900467,13
-0.9931262159359583,0.11704836274260474,13
-0.9921043698609737,0.12541498834971915,16
-0.9899066040781915,0.14172125882302422,15
-0.9879056712129941,0.15505606981090259,16
-0.9847973086830513,0.17370739998808044,15
-0.9839953765296152,0.17819399251473284,14
-0.982537914781031,0.18606247880145893,16
-0.9816560995002287,0.1906601749553304,17
-0.9799880072563316,0.19905653878675797,17
-0.9799588062902393,0.19920024591904764,17
-0.9762064932561849,0.21684299048957564,17
-0.9750533140814975,0.22197079695015853,18
-0.9723776616709797,0.2334131167764094,19
-0.9703268318945446,0.2417971035920325,17
-0.9655481030501971,0.26022463506779286,15
-0.9650466035324357,0.2620783337296504,15
-0.9624259137073443,0.2715443989932096,21
-0.9588177897522604,0.2840219112226909,21
-0.958415638370904,0.2853760048183667,20
-0.958363233881763,0.28555194263686795,20
-0.9568653731055645,0.29053168114948985,23
-0.9549100021201965,0.2968954156783266,24
-0.9548896507909849,0.2969608641088433,24
-0.9513855532710572,0.3080024821768881,22
-0.9452485277482674,0.3263513762644996,25
-0.9444423907185511,0.32867700043329423,24
-0.9392072122781704,0.34335085904169205,26
-0.9385766736155473,0.3450707575915037,28
-0.9366891449930222,0.3501620277132301,27
-0.930740024498825,0.36568156474715363,30
-0.9288716681125941,0.37040170649947973,1
-0.9240858556295015,0.38218494400681474,29
-0.9200082812807238,0.3918989185681542,29
-0.9174810864153329,0.39777940629215636,2
-0.9166073419192621,0.39978867009922264,4
-0.9070449586954481,0.4210337788172972,3
-0.8836143486034646,0.46821542364821234,1
-0.8809003928393497,0.4733016985977118,30
-0.8802421114861408,0.4745248414639854,3
-0.8682678968826156,0.49609561502097516,2
-0.8563580523500381,0.5163824998731554,3
-0.8496682711898066,0.5273175788207001,4
-0.8449088092801398,0.5349103700628886,7
-0.8437428513019696,0.5367476137597843,10
-0.8421954001033018,0.5391724288618988,5
-0.8322492521640596,0.5544016434610952,4
-0.8286890222110543,0.559709303537905,4
-0.8242749156152793,0.5661897769188563,4
-0.8183048559007086,0.574784448997466,7
-0.8174788221851342,0.575958657612511,6
-0.8146548291568836,0.5799461262318845,8
-0.7983367901963316,0.6022112332222128,10
-0.7945835704229522,0.6071547987242737,9
-0.7922814904582254,0.6101557505074363,10
-0.7919468209584615,0.6105900693376748,12
-0.7885861128897124,0.6149243388885285,11
-0.7706956747209164,0.6372034031347223,11
-0.7670042269475907,0.6416420465060942,10
-0.7620026275419054,0.64757393062046,13
-0.7324045052853966,0.6808697677512592,11
-0.7291210888743295,0.6843847147319352,13
-0.7197439275929925,0.694239640681093,11
-0.7154854508134191,0.6986276330594994,13
-0.7140206357010875,0.700124654467342,11
-0.6880596410935542,0.7256541395859389,15
-0.6778827690219783,0.735170015345495,15
-0.6655933901605143,0.7463145710587683,17
-0.6655529224996803,0.7463506597787226,19
-0.6468587582360809,0.7626098261190158,17
-0.6407701664568741,0.7677327619548548,17
-0.6405552799023915,0.7679120609738911,17
-0.6339748847653295,0.7733536354649063,20
-0.6238984565769036,0.7815054164117851,19
-0.6073135701098734,0.7944622253829315,20
-0.5982032872050361,0.8013443873747972,18
-0.5960939655227079,0.8029146805653841,17
-0.5959129645161576,0.8030490263499264,21
-0.5949145820745385,0.803788927539486,21
-0.5837903555236122,0.8119044406810536,20
-0.5799600663945209,0.8146449050891209,20
-0.569314214518748,0.8221200186997645,23
-0.5643739103405544,0.8255192846487064,22
-0.5266950555265605,0.8500543032558998,20
-0.5112662486786435,0.8594223775083283,22
-0.5109468859428465,0.8596122845476952,25
-0.501195130781143,0.8653342942939873,23
-0.49747205426818175,0.8674800027794273,25
-0.48757073384834193,0.8730834894181595,27
-0.4705179331014692,0.8823904320820355,27
-0.45120807981962585,0.8924187742901234,28
-0.44963464825306415,0.8932125632179293,30
-0.44267866632385694,0.8966803211745707,30
-0.43086825167283077,0.9024148434619181,29
-0.4298946200787136,0.9028790703230297,30
-0.4003198688135395,0.9163754703357737,29
-0.38198982866597053,0.9241665276321916,2
-0.37952471445621266,0.9251815989939112,1
-0.34127794680056284,0.9399624263913916,3
-0.33947936184149796,0.9406135034559568,3
-0.3050459650690897,0.9523376287824963,2
-0.29544604168125466,0.9553594278882049,3
-0.28657462704539316,0.9580579226402722,6
-0.27667257527552974,0.960964248081273,6
-0.27076029879847474,0.9626467995036189,1
-0.2331058889123829,0.9724513584516029,1
-0.23128926785634998,0.9728850263903097,27
-0.22142895843263735,0.9751765052376095,22
-0.2084624254386054,0.978030376409779,11
-0.20830391724979522,0.9780641482328194,6
-0.2010024662745839,0.9795907352315735,1
-0.19278490966225167,0.9812410400133688,10
-0.1790321099965075,0.9838432312061706,9
-0.16169127766620203,0.9868413908661671,15
-0.1597494845641227,0.9871575873088841,24
-0.15747759449533505,0.9875225603660722,2
-0.14606123078456654,0.9892755515333923,10
-0.1064750223096233,0.9943153773447161,14
-0.10555734639715172,0.9944132172399921,9
-0.10201676954122767,0.9947826791477483,22
-0.08224788474633005,0.9966119031271674,10
-0.0352229817530221,0.9993794782545948,19
-0.027813760307419274,0.999613122531693,11
-0.02607847913767303,0.9996598986284615,1
-0.016427711381124564,0.9998650560444536,23
-0.00981590374254293,0.99995182285634,1
0.013872554413229569,0.9999037714870627,4
0.015034297491774816,0.9998869785625417,19
0.04040516492840308,0.9991833778877172,17
0.04208924454822562,0.9991138551203059,14
0.043390696567491206,0.9990581802134387,20
0.04876075370935736,0.9988104869782333,14
0.05200711115524219,0.998646714503826,17
0.05528446650409532,0.9984706444174298,2
0.08048834363542057,0.9967555500416471,13
0.10496347118324582,0.994476078001459,8
0.10661179031619976,0.9943007221990612,20
0.10873764435646123,0.9940704827625694,19
0.12333056338901881,0.9923656443741627,10
0.12468248477591569,0.9921966931965172,27
0.14502789494326873,0.9894275666709131,28
0.1536994876393529,0.9881176384921991,7
0.1629151042693402,0.9866400908137222,10
0.18548639922508306,0.9826468316249298,9
0.19309831852755782,0.9811794124327262,22
0.2153824669691151,0.9765297706277561,27
0.22149116897691948,0.9751623772814647,10
0.2262756901500453,0.9740632998153255,4
0.23629036072997658,0.9716824920858138,9
0.25480915658588255,0.9669913617607921,2
0.25955225316297853,0.965729065461955,28
0.2627314850401429,0.9648689894325556,2
0.2669658169108811,0.9637059990480011,5
0.2741337074900573,0.9616915879936538,5
0.27454846118580917,0.9615732642188551,9
0.2836373165381179,0.9589316308616874,6
0.2928857068464201,0.9561474586720778,29
0.29969623500225306,0.95403467794702,4
0.30512281289674176,0.9523130100182292,9
0.30831199572392676,0.9512852954254729,3
0.3245408547951819,0.9458716792297001,1
0.338505661726472,0.9409643547866855,20
0.3446079759488965,0.9387466872976995,12
0.3492435086991405,0.9370320013913683,4
0.3518091636100298,0.9360717453272539,1
0.36690235669365795,0.9302594587816024,3
0.3880188215155595,0.9216514493829413,6
0.4106057169708493,0.9118129990249397,5
0.42439588452181765,0.9054767436002672,2
0.44949118853971165,0.8932847650246574,10
0.4515543104337528,0.8922436352973878,3
0.45245013770406545,0.8917897021672611,29
0.48233316342246735,0.8759878534904896,6
0.48715373870560164,0.8733162284448597,11
0.5130877875613512,0.8583361359370801,17
0.5162141166254713,0.8564595646010291,30
0.5268512863160008,0.8499574825290824,16
0.5298743827142575,0.8480761395907708,2
0.530397802603608,0.8477488843951752,30
0.5304362541209896,0.8477248258215002,20
0.5462165978416467,0.8376439746349859,5
0.553069699986505,0.8331349872360645,30
0.5546386078069416,0.8320913499910798,6
0.5578360231767314,0.8299511860623907,11
0.5712087112149198,0.8208048539282589,1
0.5719654704436967,0.820277697258752,7
0.5729774741197333,0.8195711159816276,14
0.5980479619687225,0.801460314167244,9
0.6126713106515077,0.7903378170785982,2
0.6166732761836776,0.7872192010113128,20
0.6350466314940145,0.7724738026807805,1
0.6366412380155545,0.771160122191249,9
0.6428320650516267,0.7660071384402767,28
0.6512072517752744,0.7588999375644292,11
0.6585226554636877,0.7525609026790147,1
0.6589553242444095,0.7521820794528046,1
0.6606912337600861,0.7506577739773134,18
0.6719774466433194,0.7405716111239512,22
0.6731771804024999,0.7394812261209477,5
0.6745539384018536,0.7382255645712551,11
0.6768914634179283,0.7360828395988698,4
0.6806757629206617,0.7325848113170073,7
0.6860913555672566,0.7275153962741161,1
0.7198856161293782,0.6940927169262228,1
0.7210430352826256,0.692890280831257,1
0.7284108764756753,0.6851405658928236,10
0.7417209330503685,0.6707086233789534,12
0.7471100731335637,0.6647003374621989,3
0.7484475218358464,0.6631940191661715,1
0.7511776881723065,0.6601000536222589,3
0.7575207623592691,0.6528110711336257,29
0.7583841623049282,0.6518078415952452,21
0.7585391311660383,0.6516274905878907,5
0.7692479503277841,0.6389503822023296,2
0.770238078713687,0.63775645986493,15
0.7782850763332262,0.6279110923984257,27
0.788338272346919,0.6152420404629994,2
0.7959114453183931,0.6054130583421427,21
0.797680697570698,0.6030800151912883,3
0.8092061919580199,0.587524755986333,17
0.809666739138737,0.5868899143216251,26
0.8128031985529406,0.5825383767805422,1
0.8191166776718647,0.5736269418008593,4
0.836278946366669,0.5483042256483658,7
0.8385822628411889,0.5447749888239649,10
0.8388752172379284,0.544323773046905,7
0.8396072579841128,0.5431939362146814,26
0.8419975617647557,0.5394813305223882,21
0.8500627877231436,0.5266813618577725,6
0.8509520569696646,0.5252433690577127,2
0.8534331106505154,0.5212023845353982,17
0.8617757119905165,0.5072894856225965,6
0.8628523468312277,0.5054560589881605,14
0.863420419934835,0.504485062652556,30
0.8640760644412024,0.5033612568124437,7
0.8716508954239917,0.4901272452195996,2
0.8758503286531508,0.48258284449218425,11
0.8872398239252395,0.46130845953776956,6
0.8881110781453025,0.4596288860326213,15
0.8963571711703299,0.4433326309798592,24
0.9008742822662216,0.4340800934750637,26
0.9101535552120081,0.4142710537014892,11
0.9105519985651287,0.4133945547646338,19
0.9158605402979608,0.4014965388706699,2
0.9194228680991872,0.3932703772422539,15
0.9253243231483032,0.3791766039593354,1
0.9298473489637951,0.3679455226320907,2
0.9320004924407954,0.36245700722998164,1
0.933401455786148,0.3588338366658024,11
0.9351191222777417,0.3543334970765618,15
0.9382996144733785,0.3458234137231158,3
0.9440241997124843,0.3298762045937892,23
0.9444170992269867,0.3287496656845205,29
0.9449360282894181,0.32725510300164895,1
0.9504117895688371,0.3109942607968199,30
0.952382890451462,0.30490462439149485,5
0.952669365677383,0.3040083546546915,6
0.9554654589956061,0.29510295943334053,1
0.9622992440521386,0.27199295008636265,13
0.9642345736906583,0.2650503478579012,5
0.9667166567393689,0.25584938065716945,1
0.9689122147151563,0.2474047699131343,8
0.9728806512436275,0.23130767050786544,1
0.9761186648373457,0.2172380080836632,1
0.9784503722042357,0.2064821278788861,8
0.97886878198452,0.20448938274673875,1
0.9791410239120852,0.2031818281549642,9
0.9801339269639028,0.19833679742881505,9
0.980287525943536,0.1975762295406542,3
0.9805519594334026,0.1962596618037307,5
0.9858405257111749,0.16768559230152857,9
0.9920311861602863,0.12599256202417397,3
0.9932497778061052,0.11599516752055959,7
0.9936613493401095,0.1124149582021578,2
0.9947467297510051,0.10236671162873641,8
0.9950591154358326,0.09928422225136435,3
0.9950771501238781,0.09910330620792149,6
0.9962354221531424,0.08668900534295093,8
0.9968069836999081,0.07984883998588391,8
0.9972496266775319,0.07411600428735551,1
0.9975160540056881,0.0704394917707467,4
0.9986177958107922,0.05255947003152523,9
0.999116153633585,0.04203464700019171,1
0.9992519948081007,0.03867105987727222,5
0.9995977079260387,0.028362339625105697,9
0.9996786311812835,0.0253502339144078,6
0.9996961814685723,0.02464842301558733,9
0.9998557224097729,0.016986299315362573,4
0.9999095635337552,0.013448596719925621,8
0.9999507495430986,0.00992464045672744,1
0.9999661497448518,0.008227962351437799,10
0.9999862805177204,0.005238203540800877,8
0.9999884238012638,0.004811679900404247,6
0.9999898292211931,0.0045101501271144736,5
0.9999978745906426,0.0020617502752375305,7
0.9999999917397414,-0.00012853216405359346,1
0.999999299606333,-0.0011835484119096008,4
0.9999959762081623,-0.0028368234849092213,8
0.9997812410502945,-0.020915784564122582,1
0.9997628176630439,-0.021778622969585236,6
0.9995370419881404,-0.030425346236295257,4
0.9990380139202784,-0.04385255684935232,7
0.998362623760275,-0.057202023377670594,8
0.9982205875726571,-0.05962934299570441,7
0.9977862218995401,-0.06650304795602675,7
0.9974036820917158,-0.07201315817187487,8
0.9965282693669347,-0.083255080040452,10
0.9961492734530558,-0.08767339960871265,9
0.9956230092770907,-0.09346027711295377,7
0.9936931309280346,-0.11213367712886209,9
0.9934979657923225,-0.11384986590469566,1
0.9929623448961882,-0.11843049277218828,2
0.9922682989893554,-0.12411133236240415,9
0.9914561505327953,-0.13044041387043775,8
0.9910317339095395,-0.1336267278064222,4
0.9903381689004935,-0.13867339766089826,5
0.9876896558517629,-0.15642616061076917,8
0.9872219683240733,-0.15935113823987113,9
0.9861363730898445,-0.16593689664811442,5
0.9860887527538335,-0.16621964893594607,8
0.9850377142568171,-0.17233891461798537,10
0.9812082739626202,-0.19295160820085328,5
0.9781066157117131,-0.20810441682237105,9
0.9778300122436583,-0.2094002558631842,7
0.9762971508281192,-0.21643445493935748,3
0.9742824665858701,-0.22533014734684942,7
0.9663093966473257,-0.257383274419845,7
0.9657384899114612,-0.25951718460158013,8
0.9642715394385634,-0.2649158323482823,1
0.9633180736722794,-0.26836223455681835,10
0.9611677606086573,-0.2759647368171138,8
0.960086751626539,-0.2797023942536072,10
0.9590018202524899,-0.28339990958433803,2
0.957906116677101,-0.28708164628306726,8
0.9539009956758071,-0.30012145949382524,3
0.9537798833563007,-0.300506129895617,8
0.9523145020645579,-0.3051181560601287,5
0.9515598525392328,-0.30746357025754045,4
0.9508452687843039,-0.3096663928011966,7
0.9507466285703031,-0.309969108561163,9
0.9497252830884119,-0.31308447208802276,4
0.9489658170647511,-0.3153789435625488,9
0.9444370638422257,-0.3286923066350592,6
0.9415984095717875,-0.33673793236266136,4
0.9316425490968581,-0.36337605963011427,6
0.9315058091052684,-0.36372644611457555,9
0.9294771923318147,-0.3688795859558601,2
0.9290835287965953,-0.36986997244824593,6
0.9279487355639154,-0.3727078536405298,10
0.9243449891571853,-0.38155778201997537,10
0.9238731212728274,-0.38269891009722445,5
0.9187423921670761,-0.3948574639475851,4
0.9150966774322427,-0.4032345111129131,9
0.9131085185937198,-0.4077166090209993,6
0.9052988267542728,-0.42477527503061807,4
0.9044990393302454,-0.426475659153794,4
0.9044446896346348,-0.42659090870728733,7
0.9043602442381783,-0.4267699012834228,2
0.9039622455392385,-0.42761227606285745,8
0.8948882643809998,-0.4462902578739109,6
0.8933969349736256,-0.449268201166888,2
0.8909313647879115,-0.4541379781929159,8
0.8750629995377321,-0.4840090359074168,7
0.8734945052796417,-0.4868340058441625,7
0.8667990861373283,-0.49865754207822094,3
0.8666163504668652,-0.4989750505821823,4
0.8658736033887738,-0.5002628338728957,1
0.8646607163853138,-0.5023562934213485,3
0.8561193860304817,-0.5167780924756691,4
0.8512543643480298,-0.5247532821988173,1
0.8510880303188185,-0.5250230134461096,7
0.8468136154583328,-0.5318897448479214,6
0.8460827857146771,-0.5330515169449308,9
0.8413592719073479,-0.540476248854228,2
0.8376217206182152,-0.5462507237053154,1
0.8334091350760878,-0.5526565059525919,9
0.8330344551308163,-0.5532211100138027,5
0.8307668533376034,-0.5566205488441269,3
0.8268194025939293,-0.5624674883886338,3
0.8248134834909002,-0.5654049145980308,6
0.8232247214844804,-0.5677156488390994,2
0.8228606357664074,-0.5682432349848995,7
0.8207843295425458,-0.5712382028343287,6
0.8202365321789225,-0.5720245023415479,10
0.8192413863176218,-0.5734488215563627,7
0.8154669844125991,-0.5788035913269906,4
0.814709078812017,-0.5798699137748695,4
0.812894666487852,-0.5824107323836022,9
0.8114535260882929,-0.5844169530385614,10
0.8109668436216407,-0.5850921111640058,4
0.8062378385394259,-0.5915915378935661,1
0.8055366424077286,-0.5925459625535248,8
0.7925579530186051,-0.6097965981431501,3
0.7925262227385338,-0.6098378360447898,4
0.7872771668987611,-0.6165992722018574,7
0.7846590103625116,-0.619927606625906,5
0.7832875669733894,-0.6216595430176457,4
0.7831157323694239,-0.621875992232777,2
0.7782096614156325,-0.6280045564160874,2
0.773029528445264,-0.6343700403957401,9
0.7722708149701255,-0.6352934663172433,7
0.7717241330703656,-0.635957437598455,2
0.7685262899879333,-0.6398182098044594,7
0.7580168475615037,-0.652234972086686,7
0.7577914653041703,-0.6524968161701316,3
0.7360103926632777,-0.676970237079628,8
0.7357336676793571,-0.6772709725383786,2
0.7295899010213596,-0.6838849145343409,8
0.7287075379750212,-0.6848250317405046,10
0.7273910067077667,-0.6862232314346853,7
0.7271294747401086,-0.6865003473882397,8
0.7203412108316657,-0.6936198814751274,7
0.7180183447007858,-0.6960241782245381,4
0.7138018267160667,-0.7003477366114681,1
0.713099586500618,-0.7010627502104555,7
0.7103422724531036,-0.7038564171520786,3
0.6971732160569442,-0.716902717816593,9
0.6931239347736091,-0.7208184313986079,5
0.6893309922136504,-0.7244465357593646,11
0.6883943311530107,-0.7253366424195038,7
0.6837512497851295,-0.7297151693758829,13
0.6790090535264135,-0.7341298967002803,14
0.6777048233848793,-0.7353340549443291,15
0.6754433463298799,-0.7374118834807952,16
0.6742492670071639,-0.7385038428744309,17
0.6732246720221265,-0.7394379899495969,18
0.673134888225858,-0.7395197240460607,19
0.6719851021539264,-0.7405646646196247,20
0.6692164995906913,-0.7430674778750462,21
0.6692110081731484,-0.7430724234823133,22
0.6680691333112244,-0.7440992091897353,23
0.6607277153436434,-0.7506256631482628,24
0.6576270210426595,-0.7533436806627886,25
0.6544002703379285,-0.7561483228716745,26
0.6526198125715106,-0.7576855417910033,27
0.6487226176488142,-0.7610249439741581,28
0.6479956169512819,-0.7616440641217704,29
0.642082848125324,-0.7666352562615889,30
0.6416538488695198,-0.7669943534543989,1
0.6379573062278112,-0.7700717339511656,2
0.6365122074817889,-0.7712666268720955,3
0.6317350344328223,-0.7751843950120261,4
0.628964951829469,-0.7774336559283717,5
0.6268740692379812,-0.7791205948484579,6
0.626229605874042,-0.7796386860122079,7
0.6227075290535296,-0.7824546844770294,8
0.6098416488259828,-0.7925232888421682,9
0.60373938999424,-0.7971817540369216,10
0.6035235058772314,-0.7973452062022167,11
0.6018758333550074,-0.7985896826426042,12
0.5927714872915626,-0.8053706996496389,13
0.5903247178658946,-0.8071658611936905,14
0.5865241632793659,-0.8099317291534144,15
0.5779641197118897,-0.8160621767522745,16
0.5706895895429317,-0.8211658738569938,17
0.5682432858485538,-0.8228606006414688,18
0.5662220979013608,-0.8242527135825406,19
0.5647646983382214,-0.8252519830396882,20
0.5603007598998903,-0.8282892359892199,21
0.5591122808239585,-0.829091947513562,22
0.5581019515590839,-0.8297723854563623,23
0.5565538005231225,-0.8308115713705896,24
0.555868285121035,-0.8312703829660959,25
0.5516876186750358,-0.8340508206342514,26
0.5483163772999936,-0.8362709790400543,27
0.5459951727705974,-0.8377883213027056,28
0.5442534766673758,-0.8389208265000186,29
0.5357913794824366,-0.8443503998176987,30
0.5356873142088374,-0.8444164265312005,1
0.5305165222933803,-0.8476745953334553,2
0.5223135460855068,-0.8527535163079559,3
0.5202281650030505,-0.854027315920023,4
0.5174051250707096,-0.8557405778333544,5
0.5071767359217648,-0.8618420728531094,6
0.5063346947096553,-0.8623370436976949,7
0.5037419042501093,-0.8638542087079704,8
0.501468366405155,-0.8651759806507259,9
0.500413050941142,-0.865786797339725,10
0.494376620344082,-0.8692478111891703,11
0.4889574586826516,-0.8723076312853184,12
0.4853683680507771,-0.8743097547755746,13
0.4848565621240735,-0.8745936851848546,14
0.4846429072505701,-0.8747120968934381,15
0.4824518710764072,-0.8759224806424789,16
0.48231344472115084,-0.8759987106390154,17
0.47968065767818163,-0.877443141547888,18
0.47789968301501246,-0.8784144198350518,19
0.4753378608062607,-0.8798033405734078,20
0.4732358060646923,-0.8809357932666267,21
0.4719413891398437,-0.881629925318302,22
0.4714131700817906,-0.8819124803932853,23
0.4705536261691679,-0.8823713985046472,24
0.4688018024427616,-0.8833033850418655,25
0.46631461091783255,-0.884618948273521,26
0.4627498336881304,-0.8864889121819898,27
0.4593131106044949,-0.8882744319335231,28
0.45081036437014815,-0.8926197484799753,29
0.4500170263051464,-0.8930199751603953,30
0.4498432218634779,-0.8931075387339902,1
0.4488436816579238,-0.8936102894639029,2
0.4456369514885594,-0.8952137775235496,3
0.44427824423531087,-0.8958888556619005,4
0.440262261833175,-0.8978692225516681,5
0.4383833958540865,-0.8987880719276593,6
0.4321140954535975,-0.901818944417514,7
0.4251413875544397,-0.9051269527465667,8
0.4249721563552224,-0.9052064219407595,9
0.4235354133194428,-0.9058795469952552,10
0.4213175071086327,-0.9069132032359917,11
0.42062106742845107,-0.9072364177188603,12
0.41938919976575356,-0.9078065317675572,13
0.4167198744841914,-0.9090349532388069,14
0.4161139889447655,-0.9093124590615019,15
0.4139423787486322,-0.9103030852830962,16
0.4111239369579729,-0.9115794581166125,17
0.4109004618897658,-0.9116802128042361,18
0.40927851069457016,-0.9124095027363726,19
0.4085592308025075,-0.9127318088716222,20
0.4055210260008662,-0.9140857166979499,21
0.40502588073051216,-0.9143052203386312,22
0.3997713646534888,-0.9166148896909144,23
0.39844304243085327,-0.91719307778594,24
0.39792327285299706,-0.9174186988076706,25
0.396565489909952,-0.9180064336443834,26
0.39532743163778516,-0.9185402668335626,27
0.39400758734442354,-0.9191071869564651,28
0.3919321137075991,-0.9199941403317162,29
0.3901971320131593,-0.9207313387567,30
0.3898149927792502,-0.9208931921805662,1
0.38965525644713556,-0.9209607923919004,2
0.3865748078635816,-0.9222580538684576,3
0.384642266310885,-0.9230657219110816,4
0.3835948439281934,-0.9235014865779616,5
0.3797013780895288,-0.9251091089579179,6
0.3785448116829964,-0.9255829652429245,7
0.3747996675280132,-0.9271058241759086,8
0.37394043597205723,-0.9274527213529689,9
0.373762384497177,-0.9275244902076626,10
0.3674033147076544,-0.9300617207163341,11
0.3662220344798554,-0.9305274963489448,12
0.362515814097117,-0.9319776201870432,13
0.3617454436707542,-0.932276908425522,14
0.3592981101627013,-0.9332228394298498,15
0.3544319480627451,-0.935081811496966,16
0.3543318752591629,-0.9351197368119898,17
0.35015082111059687,-0.9366933342751911,18
0.34815747476578063,-0.9374360632943,19
0.34595694300197277,-0.9382503896022265,20
0.3442145725686642,-0.9388910096658567,21
0.3393293791234566,-0.940667620609793,22
0.33922496426932414,-0.9407052798918882,23
0.3385135864479535,-0.9409615038832055,24
0.3336052043660625,-0.9427128765535547,25
0.3303220060498174,-0.9438683024231846,26
0.33028015877895267,-0.9438829465124104,27
0.3285689695288541,-0.9444799798104494,28
0.3267958931900046,-0.9450949392490403,29
0.3255915875317992,-0.9455105066198486,30
0.3247619510622334,-0.9457957893447462,1
0.3220701615675748,-0.9467158026714438,2
0.32152275959439924,-0.9469018508075703,3
0.3177506927385704,-0.9481742968801457,4
0.31393089247568734,-0.9494458356059172,5
0.31267012094011687,-0.9498617770345813,6
0.31188676720050623,-0.9501192790619593,7
0.3111023557562943,-0.9503764118720982,8
0.30955562140199266,-0.9508813371070158,9
0.3065678584124115,-0.9518488053196409,10
0.30552377247118795,-0.9521844487571585,11
0.30331153559304014,-0.9528914483697458,12
0.30217943860508295,-0.9532510618322525,13
0.3013266434288841,-0.953520977199706,14
0.3012675384006913,-0.9535396532425844,15
0.3012583305973356,-0.9535425623671481,16
0.3006531221709272,-0.9537335582482529,17
0.29942835796416745,-0.9541187863399831,18
0.29495143993488315,-0.9555122438149807,19
0.2911891664278719,-0.9566654950164353,20
0.2904595972902668,-0.9568872568604809,21
0.28980142316040053,-0.9570867960296007,22
0.2891961640359762,-0.9572698567837999,23
0.2882236541988339,-0.9575631181077678,24
0.28660517331099494,-0.9580487850998897,25
0.2852499807437374,-0.9584531540381603,26
0.2846721636306809,-0.95862493147937,27
0.28434419306474434,-0.9587222641987404,28
0.28431449616611726,-0.9587310714010508,29
0.2839222119722597,-0.9588473171202907,30
0.2810540137802631,-0.9596919512729091,1
0.2803989083960754,-0.959883561777307,2
0.2789154804517562,-0.9603156537120313,3
0.2768160169965115,-0.9609229379789969,4
0.271701596898034,-0.9623815471231035,5
0.26654622562761204,-0.9638221358755329,6
0.2633344684868583,-0.9647045960845961,7
0.2632505754500175,-0.9647274923651936,8
0.2612439317270124,-0.9652728153925252,9
0.2576220800856443,-0.9662457574821977,10
0.2575812122650731,-0.9662566528040339,11
0.25571113047227667,-0.9667532351911683,12
0.25113835756337866,-0.9679511998858045,13
0.24963248200284466,-0.9683406548984193,14
0.2496228429602995,-0.9683431397352994,15
0.2495968997683445,-0.9683498270904121,16
0.24833415504820358,-0.9686744279872855,17
0.2479395938363727,-0.9687754940171921,18
0.2453808254189183,-0.969426763874781,19
0.24249010080131442,-0.970153880069223,20
0.24203137316174275,-0.9702684238938425,21
0.23688995686701597,-0.971536488422099,22
0.23552419928499305,-0.9718684846990168,23
0.23516332081566874,-0.9719558696478698,24
0.2317789886962723,-0.9727684721448024,25
0.22812449678827548,-0.9736319704924937,26
0.22573729306724322,-0.9741882130875293,27
0.2212405950943775,-0.975219256927531,28
0.21811118715214153,-0.9759239263585474,29
0.21310474042919963,-0.9770293596441222,30
0.21177377493672853,-0.9773187137515826,1
0.20855273174532227,-0.9780111237003205,2
0.18910269669443402,-0.9819573158253331,3
0.1860858086943923,-0.9825334965295351,4
0.18580252477672726,-0.9825871064626248,5
0.18409560265398547,-0.9829083421578362,6
0.18202730947851373,-0.9832934753185406,7
0.18158014131438843,-0.9833761499447944,8
0.17388016936315812,-0.9847668184409136,9
0.17342926469540693,-0.9848463281889264,10
0.17297275717724545,-0.9849266090803425,11
0.1672086889787855,-0.9859215254420586,12
0.16574726882903176,-0.9861682629631298,13
0.1655948808619688,-0.9861938630068179,14
0.16346589443762877,-0.9865489857861626,15
0.16131583154510826,-0.98690283335945,16
0.1611601951304223,-0.9869282605668581,17
0.15276440469536384,-0.9882626354659327,18
0.15093155350891171,-0.988544215579347,19
0.14901668800991494,-0.9888346811750464,20
0.1473033788326528,-0.9890913580577296,21
0.14510176155254242,-0.9894167366657738,22
0.14438566940746803,-0.9895214896452514,23
0.14359568053701768,-0.9896364385627233,24
0.14192497412140373,-0.9898774175223106,25
0.13809027529360482,-0.9904196463466062,26
0.13797096964509364,-0.9904362733337226,27
0.1358135494225375,-0.9907344143579812,28
0.13197852425587747,-0.9912525758530167,29
0.13158046885783192,-0.9913054928805515,30
0.13154517124916376,-0.9913101774525611,1
0.13067063336629678,-0.991425834631946,2
0.12860178442433545,-0.9916963149285555,3
0.12825474762564673,-0.9917412564330889,4
0.12695974783449923,-0.9919078699303683,5
0.1250856437791895,-0.9921459477921309,6
0.12295553052886399,-0.992412181259564,7
0.1222076618078868,-0.9925045528336125,8
0.12101656968363798,-0.9926504872622615,9
0.11750358033242086,-0.9930724588916271,10
0.1108953043561557,-0.9938320942049294,11
0.10628042205119782,-0.9943361966098887,12
0.10434428753222186,-0.9945412357762714,13
0.10311356419913968,-0.9946695898026389,14
0.10217005025573589,-0.9947669479987463,15
0.10185902337030966,-0.9947988436654149,16
0.1015965013852202,-0.9948256887044499,17
0.09887953694105155,-0.9950994106994151,18
0.09817861886332052,-0.9951688091967568,19
0.09749381348781316,-0.9952361309415989,20
0.08276574835444811,-0.9965690296709647,21
0.08228091113861162,-0.9966091769907599,22
0.08190770179337346,-0.9966399191217096,23
0.08166571172387428,-0.9966597772202072,24
0.07964620152996915,-0.9968231952467035,25
0.07734385994063867,-0.9970044770859772,26
0.07628539178105773,-0.9970860238719679,27
0.07450001390322053,-0.997221012578666,28
0.0708829319392608,-0.9974846414655687,29
0.066913783385035,-0.9977587612209179,30
0.05953567977689371,-0.9982261781948534,1
0.055487062938511356,-0.9984594062086138,2
0.05354996356442335,-0.9985651713344748,3
0.053088950752336675,-0.9985897873040841,4
0.052844289772959886,-0.9986027643855145,5
0.05271380057283062,-0.9986096610934464,6
0.05015714463287994,-0.9987413383065088,7
0.046320869843694656,-0.9989266124280219,8
0.04466656690324726,-0.9990019508494854,9
0.044535592576727644,-0.9990077982647781,10
0.042750819466494824,-0.9990857658053903,11
0.036360718727417515,-0.9993387304280894,12
0.03424182879903829,-0.9994135766340666,13
0.030383323844903946,-0.9995383202419683,14
0.02663557866927312,-0.9996452100365174,15
0.020374284479223494,-0.9997924227218167,16
0.01695158731187384,-0.9998563115206144,17
0.013746643960905238,-0.9999055104257663,18
0.013125970987414847,-0.9999138507319706,19
0.012982162434960805,-0.9999157281783861,20
0.011285694128042903,-0.9999363145261043,21
0.010976451276135292,-0.9999397569440784,22
0.0033540359322030222,-0.9999943752056636,23
0.002557269277801688,-0.9999967301815745,5
-0.0019036743959584155,-0.9999981880102554,6
-0.003044908914170954,-0.9999953642541072,7
-0.003953343093844145,-0.9999921855086581,1
-0.010319752676195766,-0.9999467499345663,2
-0.011370430697999144,-0.9999353545633548,3
-0.012521819890170344,-0.9999215989399559,4
-0.012782814526705969,-0.999918296488656,5
-0.015365948761367805,-0.9998819368398766,6
-0.016159177535514376,-0.9998694319666822,7
-0.01820923468697398,-0.9998341981409291,1
-0.020291807734736177,-0.9997941000720381,2
-0.023247550460386044,-0.9997297391783401,3
-0.02642981749982375,-0.9996506713582131,4
-0.02811120859802231,-0.9996048018848042,5
-0.029046689877944898,-0.9995780558851493,6
-0.03327469015442271,-0.9994462441748067,7
-0.03413784811429432,-0.9994171337965572,1
-0.03578628114246716,-0.9993594658990289,2
-0.03698005428891227,-0.9993160038670396,3
-0.04147538042808047,-0.9991395262015941,1
-0.042791581933886234,-0.9990840207488034,2
-0.04392725870336721,-0.9990347321003447,3
-0.04665188958127305,-0.9989112078650918,4
-0.04879891193344711,-0.9988086234079638,5
-0.049062987228382,-0.9987956864565584,1
-0.05071477365369775,-0.9987131779110828,2
-0.05381017457199104,-0.9985511830209465,3
-0.06506840834387187,-0.9978808056253989,4
-0.06737781232702364,-0.9977275331502206,5
-0.06845466550407418,-0.997654228062371,1
-0.06905162069343346,-0.9976130881657529,2
-0.0738526643711455,-0.9972691632479583,3
-0.07777601719182384,-0.9969708577234226,4
-0.07839657390727792,-0.996922252334454,5
-0.07891807597945441,-0.9968811048884922,1
-0.08184222915157156,-0.9966452977501583,2
-0.08272318896121734,-0.9965725633430246,3
-0.08357526614581604,-0.9965014675797803,4
-0.08396006765667088,-0.9964691199626244,5
-0.08467390356337963,-0.9964087163686092,1
-0.08597293219171703,-0.9962974731125029,2
-0.08904685834579887,-0.9960274378844908,3
-0.09000171314563894,-0.9959416105529731,4
-0.0909297066160562,-0.9958573133008152,5
-0.0917108682416259,-0.9957856780685125,1
-0.09322641072483379,-0.9956449348755633,2
-0.09369051827866251,-0.9956013694168342,3
-0.09523916024060317,-0.9954544200296992,4
-0.09807630658376025,-0.9951788975289259,5
-0.0981467683710012,-0.995171950900109,1
-0.09816966494267924,-0.9951696925072839,2
-0.09835161144021821,-0.9951517273899053,3
-0.10013877524546112,-0.9949734798939814,4
-0.10462819664439243,-0.9945114079119165,5
-0.10463960636275194,-0.9945102074791633,1
-0.11106703229635757,-0.9938129171714765,2
-0.11132889649103749,-0.99378361669233,3
-0.11562794647261675,-0.9932925943519995,4
-0.11716486120321819,-0.9931124786746115,5
-0.11967476076469359,-0.9928131504144742,1
-0.12134075897076675,-0.9926109107864965,2
-0.12285188510455634,-0.9924250169792461,3
-0.1270499937923088,-0.991896314680811,4
-0.1303371702331418,-0.9914697282598279,5
-0.13187718209208094,-0.9912660635991994,1
-0.13215322013537534,-0.9912293006201194,2
-0.13243916970368547,-0.9911911351138076,3
-0.13620943843369848,-0.9906800638357353,4
-0.13796712150960727,-0.9904368093837957,5
-0.1394993148378932,-0.9902221675764274,3
-0.14216069182013547,-0.9898435925444082,4
-0.14672631968301597,-0.9891771262581224,5
-0.1490384735656078,-0.9888313978617557,6
-0.15239526593714434,-0.9883196258903023,1
-0.15577636506280698,-0.9877923486683925,2
-0.1568042208486828,-0.9876297060761374,3
-0.15755175670683352,-0.9875107310599671,4
-0.16132051928967375,-0.986902067104994,5
-0.16242566440214082,-0.9867207829692872,6
-0.16787732324563664,-0.9858078942369451,1
-0.16804598074873378,-0.9857791580035542,2
-0.16818602198613672,-0.9857552749077627,3
-0.1742937533992363,-0.9846937023897361,4
-0.17673460856494058,-0.9842585423227971,5
-0.1778494593018871,-0.9840577065528354,6
-0.18113411038670332,-0.9834584048420236,1
-0.18373976200672665,-0.9829749233107178,2
-0.18550929983524364,-0.9826425085831763,3
-0.18575252793226132,-0.9825965593094526,4
-0.18965805421080023,-0.9818502036833181,5
-0.1943528532786473,-0.980931683871231,6
-0.19479442681580256,-0.9808440912201607,1
-0.19923431597133112,-0.9799518801142411,2
-0.20414655509199772,-0.978940337326065,3
-0.20601018195814963,-0.9785498479533733,4
-0.2085059007888539,-0.9780211088397983,5
-0.20963209678849043,-0.9777803352471663,6
-0.21040609605741423,-0.9776140724958281,1
-0.21339877644543717,-0.976965179631081,2
-0.21802656791366612,-0.9759428342294376,3
-0.220509246781657,-0.9753848840759151,4
-0.22218552623831378,-0.9750044061080974,5
-0.22259047120649003,-0.9749120381491208,6
-0.22271902336019198,-0.9748826783944221,1
-0.2240994111543837,-0.9745662901620692,2
-0.22421783527806738,-0.974539051215095,3
-0.22618867454761699,-0.9740835095136311,4
-0.22731756007721352,-0.9738206851779965,5
-0.23062892875992666,-0.9730417756802884,6
-0.231482664281003,-0.972839028892945,1
-0.23358623062557368,-0.9723360904862764,2
-0.23539190099014043,-0.9719005365510649,3
-0.2354029595773842,-0.9718978581220397,4
-0.23557887789788734,-0.9718552321659705,5
-0.23638184174754723,-0.9716602414898109,6
-0.24138677997878188,-0.9704289888762986,1
-0.2417591340103924,-0.9703362927988137,2
-0.24466413719523378,-0.9696078898041784,3
-0.2531461365291867,-0.9674280508442715,4
-0.2568072035624062,-0.9664626532869529,6
-0.25745934450528635,-0.9662891316406846,7
-0.2630556143578131,-0.9647806713211213,1
-0.2632846871120093,-0.9647181834776057,2
-0.26476433505974833,-0.9643131477276297,3
-0.2698829807061348,-0.9628931284027175,4
-0.2722858491109687,-0.9622164082855368,5
-0.2735374127087499,-0.9618613641521334,6
-0.274349785361065,-0.9616299679566656,7
-0.2754522048466322,-0.9613147678284824,1
-0.277119719888645,-0.9608353973750337,2
-0.27802084644545005,-0.9605750407655591,3
-0.2861561183634564,-0.9581830075320473,4
-0.2924948423946117,-0.9562671003294797,5
-0.2972916582730441,-0.9547867143615183,6
-0.29857753287081706,-0.9543853817325453,7
-0.3013356182511125,-0.9535181409775169,1
-0.30680416362622026,-0.9517726646534956,2
-0.31126270141611095,-0.9503239083108164,3
-0.31251903696314814,-0.9499114966856789,4
-0.3127990611330006,-0.9498193235317511,5
-0.31298378621977396,-0.9497584690664963,6
-0.31500446484755257,-0.9490901891422685,7
-0.3174206993749285,-0.948284819876566,1
-0.3218718344243726,-0.946783249854099,2
-0.3226848474325069,-0.946506465502196,3
-0.32311551976763386,-0.9463595304562066,4
-0.32423488502773196,-0.9459766061225052,5
-0.32526001522600967,-0.9456246202881861,6
-0.32559395908877514,-0.945509689958224,7
-0.32821456227912993,-0.9446031977015106,1
-0.3298844450327964,-0.9440213201646475,2
-0.3328843956690587,-0.9429676447896002,3
-0.3339066476790564,-0.9426061482059909,4
-0.3348329425490482,-0.9422775072047225,5
-0.3363365650585273,-0.9417418515732594,6
-0.34126667571649943,-0.9399665185768106,7
-0.34136335796338435,-0.9399314112423109,1
-0.3452026999839273,-0.9385281540389754,2
-0.3462853439553693,-0.9381292344670384,3
-0.3508168037474658,-0.9364441094952822,4
-0.354625872069623,-0.9350082838450468,5
-0.3556346586419049,-0.9346250529344138,6
-0.3584181320198491,-0.9335611617025432,7
-0.3588273083511683,-0.9334039654841068,1
-0.36415338373217376,-0.9313389893676782,2
-0.3653728974176295,-0.9308612387636765,3
-0.3668036246801879,-0.9302983934853783,4
-0.3696810619552778,-0.929158712186254,5
-0.37372471267323015,-0.9275396698456145,6
-0.3743593455975233,-0.9272837108263005,1
-0.3769068438906981,-0.9262511705948624,2
-0.37807793334944384,-0.9257737716711429,3
-0.37916058495001054,-0.9253308872075793,4
-0.3819164422601317,-0.9241968573476992,5
-0.3830691141542519,-0.9237196835518212,1
-0.3840691381580693,-0.9233043361289482,2
-0.3883203242126442,-0.9215244575177519,3
-0.38857175896944485,-0.9214184652650454,4
-0.391223319106328,-0.920295775600121,5
-0.3918967056309898,-0.9200092239296176,1
-0.3919334899305384,-0.9199935540376729,2
-0.39236309606158126,-0.9198104157101997,3
-0.394559438297067,-0.9188704204895829,4
-0.3974657699962263,-0.9176170016304771,5
-0.3975158962783692,-0.9175952878072144,1
-0.3976032886288431,-0.9175574232011471,2
-0.4030800768719619,-0.9151647128407505,3
-0.4032593992220899,-0.9150857101600042,4
-0.40854324113924145,-0.9127389660354397,5
-0.40915324817048143,-0.912465681278778,1
-0.4123242870599387,-0.9110371464987107,2
-0.4131973536400072,-0.9106415029773762,3
-0.41780302631210736,-0.9085376333451711,4
-0.42064109399379274,-0.9072271325548554,5
-0.42185137776589604,-0.9066649960580894,1
-0.42203837108777875,-0.9065779686985419,2
-0.42514444403450685,-0.9051255171005788,3
-0.427403621290997,-0.9040609185820069,4
-0.42741049171974554,-0.9040576704878319,5
-0.42743279134723805,-0.9040471275774888,1
-0.431326811944999,-0.9021957555305631,2
-0.43203422669311864,-0.9018572098540206,3
-0.43441474567965055,-0.9007129557945109,4
-0.43584094349838903,-0.9000237063380242,5
-0.44052599251825403,-0.8977398564817133,1
-0.4463797818994974,-0.8948436122090592,2
-0.45986880834516414,-0.8879868687718298,3
-0.4602618540281985,-0.8877832087432862,4
-0.4649375332451694,-0.8853434871166653,5
-0.46566589543334,-0.8849606058069849,1
-0.4677694602466067,-0.8838505145445118,2
-0.46942865124206296,-0.8829704079939812,3
-0.46947140474965715,-0.8829476768882648,4
-0.47581780388447603,-0.8795438690062902,5
-0.4760098758840069,-0.8794399343109752,1
-0.47875215654677444,-0.8779500968744253,2
-0.48236772556548924,-0.8759688221236969,3
-0.48609794470954104,-0.8739043358109398,4
-0.4864406752376244,-0.873713608383413,5
-0.4878370929018899,-0.8729346887305103,3
-0.4919949323487963,-0.870598062565673,4
-0.4928432230176181,-0.8701181284892335,5
-0.4943267764983619,-0.8692761575223024,6
-0.49507627266496534,-0.8688495176059919,1
-0.49654121123941597,-0.8680131482534661,2
-0.5016808422016871,-0.8650527917808287,3
-0.5031086756584869,-0.8642231543283039,4
-0.505017023431192,-0.8631093824334775,5
-0.5062337435846059,-0.8623963107854274,6
-0.5076828578325653,-0.8615440301359875,1
-0.5077188190173495,-0.8615228382437855,2
-0.5085034796406945,-0.8610599347277202,3
-0.5098521506181236,-0.860262044094748,4
-0.5122125670112674,-0.8588587114279786,5
-0.5136177788879657,-0.8580191007257314,6
-0.5145865927148209,-0.8574384167963033,1
-0.5157408633080083,-0.8567446305138482,2
-0.516392950933022,-0.8563517502911322,3
-0.5224529358550131,-0.8526681240766993,4
-0.5241849953169359,-0.8516044214801752,5
-0.524216712008963,-0.851584898204819,6
-0.5242628478732163,-0.851556496270133,1
-0.5327190881599002,-0.8462921322510829,2
-0.5333066694167751,-0.8459219800641112,3
-0.5371463771707221,-0.8434890452711098,4
-0.5372872832474801,-0.8433992976405317,5
-0.5432357405011048,-0.8395802107257033,6
-0.5480931600805046,-0.8364172929064573,1
-0.5500762156803751,-0.8351144573905768,2
-0.5500974033601959,-0.8351005010274931,3
-0.5507960598672739,-0.8346398627160617,4
-0.5520195276457153,-0.8338311826130043,5
-0.5534629837503893,-0.8328737753213966,6
-0.5542906736949946,-0.8323231638340657,1
-0.5543691641544927,-0.8322708872925023,2
-0.5564570241364941,-0.8308763929064041,3
-0.5581953382523193,-0.8297095662660392,4
-0.558974170314911,-0.829185067955735,5
-0.5590648242781253,-0.8291239486680316,6
-0.5712273397139439,-0.8207918898011424,1
-0.5727641270599142,-0.819720229562071,2
-0.5760566980836931,-0.8174097384989446,3
-0.5774624530503837,-0.8164172433976596,4
-0.577565530154229,-0.8163443258684808,5
-0.5784305986727915,-0.8157315995589701,6
-0.5793313532848676,-0.8150921316643438,1
-0.5835790084311436,-0.8120563656043361,2
-0.5860546295323759,-0.8102715416474096,3
-0.5868059430778758,-0.8097275993619611,4
-0.5947867009299075,-0.8038835614670303,2
-0.5956899442537743,-0.8032144734222206,3
-0.6103518033106525,-0.7921304666501816,4
-0.6231898356956679,-0.7820706033892378,5
-0.6236811510613044,-0.7816788482560126,6
-0.6245491698281147,-0.780985489280699,7
-0.6260888534067143,-0.7797517217934602,1
-0.6286101565700748,-0.7777205610352256,2
-0.6303451410166814,-0.7763150154393899,3
-0.638374441444361,-0.7697259723502905,4
-0.6413392964603033,-0.7672573928062233,5
-0.641888431351558,-0.7667980449225442,6
-0.6421442977795696,-0.7665837859159189,7
-0.6448273874357202,-0.7643282281931132,1
-0.645224537018435,-0.7639929952750525,2
-0.6487853713687995,-0.760971446177745,3
-0.6496418528917193,-0.7602403981448327,4
-0.6505515981975852,-0.7594620583561549,5
-0.6505765555534777,-0.7594406792924466,6
-0.653347568010454,-0.7570580924703368,7
-0.6536236282090104,-0.756819762325806,1
-0.657021149239901,-0.7538721439683786,2
-0.6585728774112115,-0.7525169533893022,3
-0.6620824959742344,-0.7494309631477257,4
-0.6640884190007672,-0.7476540454976898,5
-0.6642852911708106,-0.7474791314372004,6
-0.6675992618376276,-0.7445208026602445,7
-0.6677646401554114,-0.7443724775662477,1
-0.6692523104023871,-0.7430352246166173,2
-0.6696843471239545,-0.7426458612401761,3
-0.6728661345802851,-0.7397642630831701,4
-0.6783816972246004,-0.7347096520875921,5
-0.6802185218742046,-0.7330093877292925,6
-0.6819206505135474,-0.731426159228107,7
-0.6851962248726848,-0.7283585198377384,1
-0.6852077855959826,-0.7283476440262919,2
-0.6908588452535113,-0.7229896651647139,3
-0.691356901102212,-0.7225134153068344,4
-0.7006795844119319,-0.7134760822818957,5
-0.7036787404773175,-0.7105182828050634,6
-0.7070222611659593,-0.7071912911057191,7
-0.7094184425045769,-0.7047875377972999,1
-0.7108495526850173,-0.7033440932058155,2
-0.7127490738416069,-0.701419102775175,3
-0.7128555675424201,-0.701310872455129,4
-0.7150442619644162,-0.6990791825192361,5
-0.7172431216519757,-0.6968230079747146,6
-0.7221851689928138,-0.6916997771337078,7
-0.7237543807936878,-0.690057676054651,1
-0.7239332244869132,-0.6898700504326742,2
-0.7247471102330272,-0.68901496805866,1
-0.7271165558847175,-0.6865140305619009,2
-0.7277243460599339,-0.6858697224339632,3
-0.728455766219636,-0.6850928379872052,4
-0.7322602648012869,-0.6810248927852411,5
-0.7342031901076073,-0.6789298016995665,1
-0.7357739541938263,-0.6772272058400941,2
-0.7366213687308726,-0.6763053741683972,3
-0.7395166489758417,-0.6731382665452482,4
-0.7402648121909784,-0.6723154079982516,5
-0.743203759633993,-0.6690651475498466,1
-0.7433637111126641,-0.66888742924412,2
-0.7477472381619692,-0.6639834845996905,3
-0.7492642534562561,-0.6622711517895364,4
-0.750527899679855,-0.6608387638464813,5
-0.7525919220263839,-0.6584872048116297,1
-0.7547278452438644,-0.6560380168965466,2
-0.7550368924145621,-0.6556823095775582,3
-0.7581093280710279,-0.6521274773322273,4
-0.7588119160905646,-0.6513098156783497,5
-0.7639102480363651,-0.6453225030517835,1
-0.7675888674629214,-0.64094253295205,2
-0.7685066126450324,-0.6398418447717046,3
-0.7720551962816045,-0.635555484513015,4
-0.773002983839468,-0.63440238569482,5
-0.7732318297004495,-0.6341234403001478,1
-0.7802106130911286,-0.6255169056228339,2
-0.7824649732375605,-0.6226946006320785,3
-0.7837619435656221,-0.6210613623614325,4
-0.7848408572963442,-0.6196973686553295,5
-0.7856754704691121,-0.6186388729324559,1
-0.7940778137132238,-0.6078161118039127,2
-0.7943827917834666,-0.6074174677421663,3
-0.795178732145476,-0.606375118176458,4
-0.7965757708323243,-0.6045387012614563,5
-0.7979403835839193,-0.6027363803902563,1
-0.799276539447101,-0.6009634044511087,2
-0.7996815757987363,-0.600424331059335,3
-0.8000095020033227,-0.5999873304532319,4
-0.8006249499629307,-0.5991658280450035,5
-0.8057430117277999,-0.5922653113696719,1
-0.8059925643420305,-0.5919256593740111,2
-0.8089289326582656,-0.5879064397575171,3
-0.81185597417242,-0.5838577542523101,4
-0.8152696493563814,-0.5790815131208412,5
-0.8197224227591837,-0.5727609882191821,1
-0.8203460108831223,-0.5718674867730706,2
-0.8208652541817296,-0.5711219085949727,3
-0.8221421026212012,-0.5692823228395469,4
-0.8227693307974919,-0.5683754290071372,5
-0.825458995045633,-0.5644620868563748,3
-0.8275034137362578,-0.5614606845139201,4
-0.8316862720064765,-0.5552458419078607,5
-0.8318598594527713,-0.5549857423675094,6
-0.8367832900395991,-0.5475342231408957,1
-0.8374752566860141,-0.5464752459523622,2
-0.838817170997218,-0.5444132195678426,3
-0.8399632861560986,-0.5426432326214417,4
-0.8427868139084354,-0.5382475139766725,5
-0.8438623824622201,-0.5365596699950395,6
-0.8494835108417033,-0.5276151673407938,1
-0.8539985644179926,-0.5202753616807236,2
-0.8579573758785125,-0.5137208786643355,3
-0.8580994377504295,-0.5134835488429952,4
-0.8617780042982767,-0.5072855914646892,5
-0.8646664252477216,-0.5023464671412811,6
-0.864873554116895,-0.5019897761799638,1
-0.8650888531896974,-0.5016186560395596,2
-0.8652908433727513,-0.5012701431117484,3
-0.8653124259090598,-0.5012328855605724,4
-0.8668148622670676,-0.49863011797616535,5
-0.873578514257774,-0.4866832434214066,6
-0.8746500637236435,-0.4847548514746669,1
-0.8760894078054754,-0.4821486799018032,2
-0.8823731565246857,-0.4705503295553649,3
-0.8829087011953102,-0.4695447000591216,4
-0.8864364664290076,-0.46285029003432065,5
-0.8878554502118217,-0.4601224831815584,6
-0.8893620084116024,-0.45720369420432383,1
-0.8901114680062787,-0.4557428820329588,2
-0.8915763238819608,-0.4528704656887318,3
-0.8917110777336793,-0.45260507492408886,4
-0.8942630167973947,-0.4475417933427251,5
-0.8948521354929463,-0.4463626951299959,6
-0.8986606142105487,-0.43864461750569733,1
-0.899455790857143,-0.43701176219130705,2
-0.8997226456538133,-0.4364620956024734,3
-0.9017732885144626,-0.43220936607367944,4
-0.9020822824123073,-0.43156408070853425,5
-0.9044752225287191,-0.42652616781579056,6
-0.9102608336923401,-0.41403528188516253,1
-0.9127679390726607,-0.4084785054333306,2
-0.9128054764103697,-0.408394615825476,3
-0.9143135265423435,-0.4050071297911967,4
-0.9162566182881381,-0.4005918239844458,5
-0.9190799892629867,-0.3940710257508769,6
-0.9191728441961496,-0.3938543925010368,1
-0.92022335410645,-0.3913936363267486,2
-0.9214480927665829,-0.388501495926112,3
-0.9217433671730847,-0.3878004191235797,4
-0.9223623191232362,-0.3863259663310316,5
-0.9232814528845632,-0.38412414498358494,6
-0.9260898054636736,-0.3773031569126544,7
-0.9301731462702326,-0.3671211216448005,1
-0.9316801076746198,-0.36327975027987564,2
-0.9324408703143796,-0.3613226029012887,3
-0.9328833261715176,-0.36017870529941914,4
-0.9388221899877783,-0.34440222935769715,5
-0.9446255390886935,-0.3281502565919997,6
-0.9482061657911892,-0.31765557944977424,7
-0.9502949278612267,-0.3113511684275905,1
-0.9508250188367802,-0.309728564317269,2
-0.9530794678777357,-0.30272021391029086,3
-0.9537699439467606,-0.30053767488252286,4
-0.9542872001328581,-0.2988911836481474,5
-0.9560529655079659,-0.29319400939211576,6
-0.9561595730155623,-0.29284615573829476,7
-0.9562234635570976,-0.29263746811177116,1
-0.956982560977823,-0.29014544281157917,2
-0.9577311160970444,-0.28766492532025817,3
-0.9605436946767706,-0.2781291257971717,4
-0.9607095592638422,-0.2775556570114798,5
-0.9608711227412026,-0.2769958221382784,6
-0.9610666469171688,-0.27631666649587017,7
-0.9611036086074558,-0.27618807635690296,1
-0.9611946811290072,-0.2758709570964406,2
-0.9625026890084372,-0.2712721394679662,3
-0.9631811027176093,-0.26885342357442715,4
-0.9648882370415767,-0.2626607888871085,5
-0.9704181334072435,-0.24143041721042807,6
-0.9715843140758066,-0.23669372750845014,7
-0.9716400134095047,-0.2364649748727656,1
-0.9717586698539377,-0.23597687929902336,2
-0.9739983803011532,-0.22655497163101557,3
-0.974770043642503,-0.22321147375794292,4
-0.9765224122739237,-0.21541582654651234,5
-0.9784117292638957,-0.20666515922823847,6
-0.9808550536318019,-0.1947392198940801,7
-0.9834802485138169,-0.1810154711155958,1
-0.9841630075410666,-0.17726583028808035,2
-0.9845100793421405,-0.17532798884870665,3
-0.9870993637739461,-0.16010885683518813,4
-0.9876977824166179,-0.15637484007760125,5
-0.9877473836543326,-0.1560612254341889,6
-0.9885036378789053,-0.15119708297506967,7
-0.9891371861111544,-0.1469953300350299,1
-0.9906770461054021,-0.13623138522335843,2
-0.9913622322803027,-0.1311522947119684,3
-0.9916334208080662,-0.12908585800347333,4
-0.9936246077229087,-0.11273925193780482,5
-0.9944883323244951,-0.10484730263790566,1
-0.9949909655911608,-0.09996488579480955,2
-0.9951608536071793,-0.0982592257644551,3
-0.9953856613715293,-0.0959551204259739,4
-0.9958979079062973,-0.09048401531685163,5
-0.9959314522822337,-0.09011405192865835,1
-0.9960633218478901,-0.08864456480431529,2
-0.9965962207321211,-0.08243769054536566,3
-0.9968602507550103,-0.07918106127514295,4
-0.997060992229293,-0.07661186445151785,5
-0.9971237313663879,-0.07579092522176764,1
-0.9973411306567516,-0.07287433773498331,2
-0.9978530099789825,-0.0654932857313229,3
-0.9979531118420877,-0.0639498754079596,4
-0.9979548596224719,-0.06392259503409177,5
-0.9982957742132474,-0.058357066307113285,1
-0.9991936554374353,-0.040150204651729506,2
-0.9993741149801186,-0.03537482590352384,3
-0.9993970962476946,-0.03471950477291274,4
-0.99946407538158,-0.032734721957630004,5
-0.9997503676341787,-0.022342838121523833,1
-0.9997800137364894,-0.020974368478336468,2
-0.9998698564804023,-0.01613288882561908,3
-0.9999094191876554,-0.013459324641513346,4
-0.999924983334294,-0.012248579669164808,5
-0.9999938104541841,-0.003518387886685879,7
-0.9999935979009367,0.003578289694789131,5
-0.9999002657807987,0.014122977429996896,8
-0.9998754507431954,0.015782363609159914,6
-0.9997449929717656,0.022582051011466955,6
-0.9997061312273359,0.024241517825266342,7
-0.9995481974720961,0.030056628724520234,6
-0.9994379413983174,0.0335231456384006,7
-0.9989525426226962,0.04575825157991125,5
-0.9988341548805935,0.048273502503658396,9
-0.9985183165600674,0.054416647214331405,10
-0.996977263314928,0.07769386354839662,8
-0.995745663364782,0.09214431013486554,11
-0.9951814525543784,0.09805037731573202,11
-0.9950743596822339,0.09913132049454536,13
-0.9942485653284907,0.10709710706754799,13
-0.9931038973282738,0.11723757550970394,16
-0.9922830964972498,0.12399296917902099,13
-0.9922381503170367,0.12435213329664199,15
-0.9915056767805737,0.13006341880750547,16
-0.9913024446972485,0.13160343132782892,14
-0.9899974086089882,0.1410855447857363,15
-0.9862133685197116,0.16547867461701357,14
-0.9859000714995888,0.1673351398155976,15
-0.9855142000281312,0.1695929289295773,16
-0.9846193270801595,0.17471342461360465,17
-0.9838660752879,0.17890652838167842,20
-0.9835301413432328,0.18074418682037996,18
-0.9832675995485233,0.18216703235790194,20
-0.9818765542368697,0.18952158779392755,19
-0.9816922970317192,0.1904737093369756,18
-0.9796810534953069,0.2005617945230988,18
-0.9778873209692851,0.20913246397323004,20
-0.9768692699649417,0.21383739008452635,21
-0.9766263926599394,0.21494392096552492,21
-0.9764712414561514,0.21564766311991979,23
-0.9756089270267515,0.2195158798486131,21
-0.9738599897469762,0.22714911483432979,23
-0.9714957138120077,0.23705711979372748,26
-0.9700088282390376,0.24306968782291477,25
-0.959854760899852,0.2804974830152455,25
-0.9568400836762462,0.29061495878642285,25
-0.9559541725310509,0.29351596212211994,25
-0.9497127534337281,0.31312247757918427,27
-0.9487345446866601,0.3160739845640506,30
-0.9481424387820915,0.31784574211454825,27
-0.9458594868007837,0.3245763873558244,27
-0.9448741760228884,0.3274336444000031,25
-0.9396704126061872,0.34208115363538794,28
-0.932255331803102,0.36180104522332174,29
-0.9282056753932846,0.3720674994778453,27
-0.9269355740298194,0.37522052395625843,30
-0.9227002015363721,0.3855182720504157,2
-0.9207831646490562,0.39007481807836447,1
-0.9174716728357385,0.3978011180778552,1
-0.9147037880888315,0.4041249559925026,29
-0.9004635376662916,0.4349315087844372,28
-0.8965723713042081,0.4428972601111336,3
-0.8940932157266885,0.4478809234512107,1
-0.8921531835888453,0.4517329930526307,3
-0.8842834022497923,0.4669506017830281,3
-0.8788464219129221,0.47710477538047563,5
-0.8771175642308368,0.480275731760167,6
-0.8761569602706158,0.4820259131720561,8
-0.8755635308091902,0.48310299472984464,9
-0.8745592995138874,0.4849185824793462,7
-0.8719483314315628,0.48959790370641243,8
-0.8688331621069993,0.4951049751549187,9
-0.8650952554695276,0.5016076145396048,8
-0.8632227342766808,0.5048232473132461,9
-0.8576063447283211,0.5143066764895514,9
-0.8558501973058106,0.5172237811350181,8
-0.8547888314321545,0.5189759663595723,9
-0.8535460859206212,0.5210173502001516,11
-0.84362880810565,0.5369268424415382,11
-0.839581532334105,0.5432336979270673,9
-0.8381447033719132,0.5454479408794277,11
-0.8379447628928944,0.5457550497616773,13
-0.8322037598438262,0.5544699289427689,16
-0.8317585236246146,0.555137603101971,14
-0.8236812196032672,0.5670531266758647,14
-0.8212431438759229,0.5705783895634238,15
-0.8101901402871174,0.5861671575425742,16
-0.8013756484883768,0.5981614079910483,16
-0.7947414097610225,0.6069481786866673,15
-0.7933558055959749,0.608758216147562,17
-0.7896640803914128,0.6135394364990602,17
-0.7876452063384594,0.616129068403728,18
-0.7741430840122974,0.6330106519450752,19
-0.7457352391029444,0.6662424132101425,19
-0.7439030786823906,0.6682875201040799,17
-0.74176028276445,0.6706651048870838,15
-0.7281059949154184,0.6854645579227483,18
-0.7096287946489531,0.7045757402899094,21
-0.6915615426907339,0.7223175428239385,24
-0.6850536430799032,0.7284926259770599,24
-0.6703569782620215,0.7420387602379082,22
-0.662481364277353,0.7490783950864003,23
-0.6596063972980962,0.7516112031119719,21
-0.656171028456604,0.7546122059801329,19
-0.6487915678917271,0.7609661631324973,18
-0.6429264934647486,0.7659278843344995,25
-0.641630572718584,0.7670138252683728,27
-0.6348560964004804,0.7726304012030228,26
-0.6297083754455319,0.7768316174652967,24
-0.629221429465473,0.7772260885362938,27
-0.624148792524332,0.7813055002944869,29
-0.6180950889193185,0.7861033399330013,27
-0.607974483709329,0.793956565032606,27
-0.5927918984633124,0.8053556761557356,29
-0.5729132220952486,0.8196160320225808,2
-0.547273295167508,0.8369539655181147,5
-0.5358390215581562,0.8443201661547578,7
-0.5327467850750899,0.8462746971239044,1
-0.5320103640492192,0.84673784168668,2
-0.513311952395242,0.8582020971357416,3
-0.48263079474079557,0.8758239069401269,5
-0.47539588128269844,0.8797719909496133,3
-0.47402062946338014,0.8805137380206745,2
-0.4725883899370042,0.8812832766464765,30
-0.4699550537573994,0.8826903462981114,3
-0.46440628938542416,0.8856222661943757,5
-0.4419290624044882,0.8970500007258737,6
-0.4332061429656977,0.9012948672309099,8
-0.43050507083480893,0.9025881585670821,7
-0.4302620931044823,0.9027040108680973,26
