timestamp,request
0.0,26
0.021899177532253424,8
0.08334694922578671,1
0.09126210352540956,20
0.09405429475183917,12
0.13694015175219953,27
0.13791056337432644,2
0.22125787146363607,1
0.2306172813122677,7
0.2475347727952946,20
0.2739067175116603,9
0.2899557131702886,3
0.2969594470923818,5
0.3182294139778712,2
0.38991085666906655,8
0.4235429087672269,9
0.4257576867277348,1
0.4344632084282519,27
0.5729150554714667,5
0.6497146765410545,1
0.6665807314428142,5
0.7200839608683487,6
0.7261193002863824,23
0.7277418342221459,11
0.7416262212338869,6
0.7589414165047411,1
0.7956057503401871,15
0.9573451989824766,6
1.0867888884330017,8
1.1903802346699577,1
1.307307188053005,1
1.3172759479178258,4
1.3352546062699584,18
1.3497083365053133,2
1.3698445966233246,1
1.4055273213763355,1
1.479341993229093,1
1.676252060949064,2
1.742958147500423,17
1.74320711791282,13
1.7983785335835885,1
1.8645468018638536,1
1.8843977413886546,9
1.9732438774616645,1
1.9911215091385175,3
2.0076797664031547,13
2.06577164967767,21
2.1107192042184297,1
2.13895709255531,15
2.19406994128512,15
2.2303143326932244,6
2.260205750813229,1
2.284656441206456,1
2.2896539204136523,3
2.3339281722707117,15
2.36493949760364,2
2.4686983016610915,14
2.491575687323833,1
2.5028109354443124,1
2.517596557971176,17
2.632225820422829,20
2.6752390765890115,2
2.744823893997426,7
2.839735062299174,1
2.909366937976159,3
3.0046041600927422,2
3.0094743194472464,17
3.0327347343135718,1
3.1149076548875376,4
3.144521618283735,1
3.15490258724178,25
3.1719134345971436,6
3.188014013258038,17
3.238023454548183,27
3.2565672144078577,2
3.391023074340605,3
3.418886398681323,1
3.4324387000989347,6
3.47041416979845,2
3.47254132746873,2
3.568671035114044,6
3.574917662320675,3
3.7441900152771974,11
3.755076421974753,2
3.811343719022653,3
3.862197521589725,10
3.9010656103439114,1
3.9307667535262465,3
4.000375836556346,1
4.008288774128105,11
4.042522267916267,3
4.043160771288975,2
4.07055252338569,1
4.109992935015168,4
4.154512381394396,1
4.258695519419939,1
4.274270172694537,21
4.370673917403556,10
4.381680896542538,7
4.444310092360253,4
4.471918127547023,1
4.482021671912516,22
4.564950960611917,3
4.601162704039856,13
4.616613418933016,21
4.698265038662317,10
4.752103328329117,1
4.755210180716009,9
4.836066618215311,3
4.83639000799499,11
4.840134797015628,1
4.840312318340414,12
4.8681479875679265,2
4.904947728322813,2
4.948179756193325,14
4.9617726195302305,19
4.997928621616304,1
5.034715804844156,3
5.061436790215659,6
5.095883114540266,1
5.105367250796902,3
5.227708874426809,2
5.301940790187478,1
5.316173074204288,1
5.344530560734264,3
5.351665203153318,1
5.379513667480321,1
5.380971330139777,5
5.551355145287332,9
5.620048292138316,1
5.716885655456884,3
5.742018901904779,4
5.8643001821311715,5
5.874969931800517,3
5.8814408750646345,3
5.890981283625682,9
5.896641173474342,6
5.911928058820564,8
5.948110404215084,2
5.9503174832108945,6
5.979160322845371,8
5.992525959498731,2
6.001332994976908,8
6.013013349728358,6
6.048767781341449,7
6.062037758054141,2
6.0782208965551145,7
6.138070713612252,7
6.158536921980827,1
6.205458284259208,3
6.207599838672232,2
6.219600857855173,7
6.222467221609602,3
6.254830320892334,6
6.272932317384917,7
6.2986779789032195,4
6.29956690430522,6
6.3007034516368385,5
6.32280012150119,5
6.343920587343343,5
6.352950584865613,6
6.370344785896915,5
6.371851123367916,3
6.393360620753399,4
6.422058509411961,2
6.426069441741513,3
6.446510741245724,3
6.4909981084338435,7
6.507102756475555,3
6.515130454308235,7
6.520786374163053,5
6.536294667204475,1
6.537953496336769,6
6.554107988345344,8
6.58870259133607,1
6.66354771446254,6
6.7475660101668895,5
6.783396658415426,7
6.80856646162619,3
6.8098620169265836,9
6.847433519919735,5
6.858450237206722,4
6.861049616324376,9
6.866114650798399,5
6.866569094624822,1
6.883407955203931,5
6.89976708589648,6
6.91303987290982,2
6.939305230167605,3
6.9471480535607375,6
6.9652701851870695,5
7.015420870360001,8
7.044934110194477,2
7.118378229085518,4
7.119055049690171,2
7.140634615532379,1
7.162012752176042,4
7.177341314329111,5
7.197017369655156,1
7.221465217560791,2
7.30191508082659,2
7.302885937659148,1
7.3309468432980225,2
7.356868196360761,2
7.364178652674313,5
7.380743541811207,8
7.391066263814391,5
7.423029800911879,4
7.505097687578764,9
7.50970782658944,3
7.529530014834412,4
7.638984036793037,2
7.651256988573857,8
7.65787917443604,5
7.704281790097519,7
7.710499063722458,9
7.742163215540067,1
7.748329208654133,7
7.765628566074603,9
7.781116433369773,3
7.7897981799930465,9
7.800877198619151,9
7.843006575041068,4
7.851571571335474,5
7.8705146150276,9
7.87264614023024,4
7.893079817560712,4
7.917721435878227,9
7.981953854210578,5
7.984571486204681,7
7.999389037536754,5
8.118664125047394,5
8.14701160203796,2
8.163683253658531,9
8.236591781995198,1
8.266391653005495,7
8.26859643984331,8
8.280075929078357,2
8.281634571043822,7
8.32752071525459,5
8.330764478368062,8
8.336195188127009,1
8.345773617999283,1
8.389079743388017,9
8.448635531204086,4
8.466589141213646,1
8.476015409907667,6
8.477753814180014,3
8.502091070593014,3
8.504430608329786,2
8.510235470061614,4
8.522767836334268,9
8.525269239095383,2
8.552219290576831,9
8.574700718100578,1
8.583907483515778,1
8.585600514777108,6
8.590550857978691,5
8.622211951457484,5
8.623074349894319,6
8.719401763137132,3
8.720866887198067,9
8.743580897311544,9
8.757673008909615,1
8.762312724932428,6
8.78104946509526,7
8.790217427584077,1
8.79109554447257,8
8.797321895536658,8
8.806782898939316,8
8.82500505777632,4
8.828494665345657,2
8.840180589265104,5
8.845967525206564,4
8.91450074366208,6
8.993673480997794,9
8.994272475228625,8
9.001025442347498,11
9.031637659030965,10
9.052551432528535,13
9.055755518565153,14
9.099391643563266,15
9.13036183329702,16
9.183673470535854,17
9.2065211476368,18
9.223243726484387,19
9.23274877424665,20
9.280033133037177,21
9.314980429667337,22
9.315780221041248,23
9.316242009083789,24
9.324404488325712,25
9.353115171919248,26
9.428081563026517,27
9.430847966133596,28
9.446144168928086,1
9.45425773030602,2
9.513470023610132,3
9.544373835946688,4
9.574732382929467,5
9.585218770179775,6
9.594089192654954,7
9.599369188967776,8
9.60032767844071,9
9.633365802535874,10
9.660906634188173,11
9.794623347913125,12
9.88594034855052,13
9.898766056837438,14
9.921906019155239,15
9.967490668314381,16
9.997120524811967,17
10.00154549711248,18
10.007758474235327,19
10.009192086104541,20
10.041115999910485,21
10.05073104057028,22
10.053406143005226,23
10.064879436535646,24
10.074780044463404,25
10.079334231241198,26
10.080571467956071,27
10.091998112791899,28
10.099525293685074,1
10.11467263504638,2
10.122173663074356,3
10.14168280504801,4
10.149853310554674,5
10.158221918733618,6
10.17947532865078,7
10.184707506557512,8
10.186163681751218,9
10.18645918588948,10
10.200695612729795,11
10.21047548265601,12
10.222757014604287,13
10.225168605305164,14
10.22664453991268,15
10.226792006753813,16
10.231136848247031,17
10.240103536939191,18
10.24510701632604,19
10.250883829187899,20
10.274413263058337,21
10.278695805457565,22
10.285909691937494,23
10.30120155164405,24
10.306237084588819,25
10.31593244940489,26
10.335667494272936,27
10.365311543487126,28
10.366885015121234,1
10.392711894011398,2
10.399390808771015,3
10.402333417465915,4
10.408385093100394,5
10.446893868509092,6
10.45353954064392,7
10.457440855078108,8
10.467257644285255,9
10.46994117545612,10
10.47071186031988,11
10.472059543806138,12
10.473397672448966,13
10.475006476073277,14
10.476465611912406,15
10.486461762461436,16
10.488419000661306,17
10.492553345624332,18
10.514679403007447,19
10.52092232430996,20
10.5316175324916,21
10.533452046557755,22
10.53552302720144,23
10.535927596429447,24
10.53772165497013,25
10.54088694534086,26
10.542774622419207,27
10.543674473285195,28
10.544919762144605,1
10.550901736423725,2
10.553138459899742,3
10.557521738173428,4
10.564292052610252,5
10.575623338552141,6
10.576010459379225,7
10.59151649678766,8
10.601042341756852,9
10.601863378335457,10
10.62176905672919,11
10.646132373683852,12
10.64673610408379,13
10.649841375185188,14
10.665554661245363,15
10.678741423572536,16
10.680688819146962,17
10.682930951699483,18
10.68734725646132,19
10.693668095784089,20
10.70284778398969,21
10.707231544608451,22
10.713141932847709,23
10.726234696218109,24
10.726589775848643,25
10.729353860198152,26
10.741221549604418,27
10.762621535103243,28
10.769407146820287,1
10.776592708900358,2
10.777664420684118,3
10.783271381984955,4
10.790457476309221,5
10.793079261832062,6
10.79604001884191,7
10.800509649838762,8
10.800700892056417,9
10.804367373362922,10
10.806607246985047,11
10.810347315476031,12
10.811549399111136,13
10.83239243884308,14
10.840859760773393,15
10.851540225643259,16
10.866153581896706,17
10.872622554708018,18
10.873474528344486,19
10.880690785146758,20
10.888966546671487,21
10.901767044338374,22
10.907047286727332,23
10.90832214131365,24
10.911439345638403,25
10.915651424779035,26
10.925341804418705,27
10.93322934944938,28
10.93733181138652,1
10.9774488237258,2
10.986091287966905,3
10.98860372866437,4
10.989599455098771,5
10.991138128880824,6
10.993756296683708,7
10.995380461466787,8
10.997294841606545,9
11.000405750136432,10
11.002170244789948,11
11.023210706704345,12
11.023984354971661,13
11.030860655531374,14
11.035744632864159,15
11.073065926759298,16
11.074160855181518,17
11.078834569687633,18
11.110970303441507,19
11.129404646495669,20
11.144991990307908,21
11.147726005815201,22
11.149443396018079,23
11.1595647192322,24
11.183833650713389,25
11.191271691285749,26
11.199017378433702,27
11.2020171070044,28
11.215415839341501,1
11.217304899641553,2
11.220872144185012,3
11.2259255171026,4
11.232384253254903,5
11.23491399749792,6
11.236025390990449,7
11.244618306967327,8
11.247719289918988,9
11.25564361785455,10
11.257169232125536,11
11.263138845187314,12
11.27005601786986,13
11.270539800480506,14
11.274270551490881,15
11.275582518335622,16
11.27617753757914,17
11.317992271309347,18
11.321519940803077,19
11.336566341352732,20
11.339227817000962,21
11.349587704846403,22
11.362511104788288,23
11.370699305237324,24
11.376465109025725,25
11.381261356613896,26
11.385137481450549,27
11.409096777093861,28
11.425115552558266,1
11.455342739656436,2
11.456537516087327,3
11.468352001977216,4
11.493416950811453,5
11.495213846063152,6
11.495832159877875,7
11.507975150367876,8
11.515648710950936,9
11.532205014147038,10
11.533555839280295,11
11.547785294935272,12
11.549804406548006,13
11.551406762182712,14
11.553015559937517,15
11.568122306033406,16
11.577926278798525,17
11.58455756929338,18
11.588537517782298,19
11.607314385145244,20
11.6117730648639,21
11.62694660958611,22
11.632117450091357,23
11.63634731964388,24
11.641900005927464,25
11.645105463219238,26
11.65740946413162,27
11.663650466941846,28
11.666010664886997,1
11.686537911469639,2
11.690861193160526,3
11.697861115900778,4
11.719005619484394,5
11.727735471992657,6
11.728843998199363,7
11.753905911903527,8
11.762711595521525,9
11.766345459170136,10
11.767681703214128,11
11.7817586205618,12
11.79037861621679,13
11.797168381445099,14
11.817143989042314,15
11.830977014620839,16
11.832440948763042,17
11.83576549772867,18
11.838307716757955,19
11.850431215499313,20
11.850734684128335,21
11.858241517041732,22
11.871029525370353,23
11.889653160795223,24
11.893376653762033,25
11.908689066347952,26
11.909731606418468,27
11.92639292160684,28
11.927605466334816,1
11.932107051212212,2
11.946296566707012,3
11.94774049431425,4
11.950055369739031,5
11.961443636241816,6
11.97276076729296,7
11.981870783134132,8
11.992395390945267,9
11.999350689074797,4
12.00192921089256,5
12.005699728771866,6
12.007481075913217,7
12.02873335921342,1
12.036516826071864,2
12.041070380914057,3
12.046581068007484,4
12.07274193254735,5
12.07422199727645,6
12.082067800346302,7
12.088336225518258,1
12.096742094872742,2
12.09690461493622,3
12.115193688735783,4
12.139118288582186,5
12.14652633976739,6
12.157139385949613,7
12.179896489652624,1
12.190830712650865,2
12.192304211721174,3
12.199949208797232,4
12.208258708608527,5
12.213173371547285,6
12.225049686578792,7
12.249312658934857,1
12.272466355494915,2
12.277810973597674,3
12.278882758951662,4
12.316243867319484,5
12.332541958316106,6
12.333731080838001,7
12.356383534196455,1
12.374610305047387,2
12.381152043014094,3
12.389154506581356,4
12.3937097516727,5
12.394213678535975,6
12.397866836822564,7
12.412398472160959,1
12.412440041721878,2
12.416072640792475,3
12.420619662418089,4
12.427523835190108,5
12.450134200589583,1
12.453946318125078,2
12.45776732627438,3
12.469762888344242,4
12.475163423652727,5
12.477446442463277,1
12.482852272755881,2
12.484215243130095,3
12.485957473545989,4
12.492151763519304,5
12.497027329051992,1
12.519154645880004,2
12.523201067569195,3
12.531015070426646,4
12.540014670813141,5
12.540133295931042,1
12.549936482893157,2
12.551701764886475,3
12.580930631891787,4
12.582381913367868,5
12.587210947161797,1
12.58801564585473,2
12.640045389704902,3
12.646354359653355,4
12.654540790485619,5
12.655169263145837,1
12.667716476515306,2
12.669850619405425,3
12.690535862180006,4
12.692618224139927,5
12.694537390676127,1
12.694875182893265,2
12.700670400044345,3
12.70822145074708,4
12.708838544956667,5
12.722403580608972,1
12.727890631809547,2
12.73464595082802,3
12.739931075936802,4
12.744589484550513,5
12.752052419439822,1
12.753588216048536,2
12.755416431272069,3
12.77343569605108,4
12.800062407169161,5
12.80432968507356,1
12.807213676041727,2
12.816649627335982,3
12.821453582588587,4
12.82168873435431,5
12.823241402961283,3
12.834753257881838,4
12.844598853860768,5
12.844850461455568,6
12.847149448426128,1
12.849556616741383,2
12.859767529158782,3
12.85995006330451,4
12.860958098647412,5
12.87571270527196,6
12.877518131048113,1
12.887228665788115,2
12.889728052004703,3
12.890690503304839,4
12.89325090524471,5
12.905025862191245,6
12.922834224663548,1
12.939168683454914,2
12.943836863685545,3
12.954012411467238,4
12.956130549155539,5
12.959334540241803,6
12.980272207991602,1
12.980393300886059,2
12.981220388548955,3
12.983376915100203,4
12.983625789085055,5
12.985478720283536,6
12.993576135733054,1
12.998644541830473,2
13.019326035801043,3
13.035112198234895,4
13.038999784191684,5
13.041792040985486,6
13.04623296861619,1
13.054534275355518,2
13.057439457741596,3
13.06655177781744,4
13.07145961617919,5
13.078946746439906,6
13.084291691084868,1
13.087547236520834,2
13.115231611675588,3
13.12872983875644,4
13.130144355490275,5
13.149154860958264,6
13.155429011126689,1
13.176559747844399,2
13.191700701524205,3
13.196920007249238,4
13.197134308199548,1
13.200085001791704,2
13.207443399363958,3
13.216917716280248,4
13.219735631329355,5
13.221153922618834,6
13.238180421636033,7
13.277571350796421,1
13.284660786083386,2
13.286452303723241,3
13.289476299689355,4
13.289652935108435,5
13.313033170455569,6
13.314228216544638,7
13.32242545325283,1
13.325483551026384,2
13.333199336041092,3
13.34327328631358,4
13.360214433834994,5
13.362430735047766,6
13.362536749430898,7
13.363948229008754,1
13.38603126580932,2
13.40593469734424,3
13.414699303368662,4
13.423546906370003,5
13.434103221810561,6
13.435966431767687,7
13.459724625619156,1
13.4649827351973,2
13.469667037034277,3
13.47676559115509,4
13.477232639236115,5
13.478998427310351,6
13.492007292319295,7
13.49284787618446,1
13.501837340018751,2
13.504578226558744,3
13.509381321493887,4
13.512701026812328,5
13.51698612651678,6
13.529369049834935,7
13.532812851592759,1
13.540978406543157,2
13.547300372822122,3
13.55796614431319,4
13.585034021023597,5
13.598001320772648,6
13.600384283415519,7
13.600696326656262,1
13.603692491293348,1
13.612600986004521,2
13.613121782858872,3
13.619888299851414,4
13.628857366062643,5
13.632878462573865,1
13.647451048929822,2
13.648567689654767,3
13.649341591103079,4
13.66224915773823,5
13.669039198012022,1
13.680621303913336,2
13.686297378282063,3
13.689113378317888,4
13.706139258962526,5
13.722170698770496,1
13.73403424717363,2
13.737215323685755,3
13.746153307952918,4
13.750644753945497,5
13.751608678486296,1
13.776627452821659,2
13.778108945672264,3
13.808327429586017,4
13.814298965875206,5
13.81637060705392,1
13.824272264219474,2
13.845176390804204,3
13.858563653042456,4
13.875284710889943,5
13.886253496055058,1
13.898294012843863,2
13.917652512724194,3
13.920599581899507,4
13.927499290886173,5
13.930067872549424,1
13.97524279199785,2
14.00506268055645,3
14.005480412895952,4
14.01817906263095,5
14.045162822067761,1
14.047242744948102,2
14.056009848751259,3
14.081855074911767,4
14.082217654710565,5
14.094768622944803,1
14.098480470353433,2
14.12565582718479,3
14.163083537215952,4
14.193755102989236,5
14.200615435027798,3
14.22177527363234,4
14.241722491597779,5
14.24585341937079,6
14.264841984749518,1
14.265248703912002,2
14.275031849266338,3
14.277855261697345,4
14.27924368374504,5
14.280109216482751,6
14.292991725137927,1
14.297490333363678,2
14.311474005289623,3
14.312208166378596,4
14.316322717429587,5
14.324751586019463,6
14.34177524524265,1
14.345963754309745,2
14.356699840810332,3
14.380449037090607,4
14.390951938809138,5
14.393868111354282,6
14.394139860011654,1
14.416592522410571,2
14.416829856474246,3
14.439760127857513,4
14.448100290564264,5
14.479140861200142,6
14.497015509539724,1
14.566130468434213,2
14.571012157823636,3
14.587500016377332,4
14.593330467316008,5
14.600751680359057,6
14.61197639521761,1
14.635535143447848,2
14.682861823009816,3
14.699704510487344,4
14.705951986129836,5
14.712277368347115,6
14.72776164913841,1
14.730927480199195,2
14.732286594771443,3
14.737371863257026,4
14.741307195156892,5
14.745393998142287,6
14.74849025737411,1
14.74899097620387,2
14.749200987982503,3
14.800437376671299,4
14.806992934458517,4
14.81269527300378,5
14.826090706253414,6
14.828994640391846,7
14.864333651940107,1
14.88265252183143,2
14.883767646683781,3
14.890204613584027,4
14.915392367600822,5
14.950055630434708,6
14.957641436769517,7
14.9690999743061,1
14.971307736255124,2
15.02846053727353,3
15.031676234110071,4
15.066593178363503,5
15.079474091933564,6
15.090992581352312,7
15.099857914903534,1
15.103096862608435,2
15.105497134353453,3
15.108576626464242,4
15.111128916114536,5
15.129843092965858,6
15.13519357728253,7
15.13593396759308,1
15.179146387354447,2
15.206093977140773,3
15.239145663022216,4
15.305939488103899,5
15.308384157214062,6
15.31484405284921,7
15.333041388622556,1
15.34835176057554,2
15.350506085738806,3
15.372325425754392,4
15.375615709120689,5
15.378897472766825,6
15.388876286640865,7
15.400544827537713,1
15.411832624531868,2
15.413083215463356,3
15.44045246660996,4
15.44449626777353,5
15.446314493466508,6
15.475109570238956,7
15.516170092798896,1
15.542470286786987,2
15.56458124153273,3
15.578836141647265,4
15.589577185829159,1
15.590800705597552,2
15.597860797497212,3
15.604139232424703,4
15.608193283040114,5
15.625529259245567,1
15.634795900596663,2
15.635941241291695,3
15.639312051116654,4
15.654903775562003,5
15.655980604655737,1
15.68189414568636,2
15.691232809150234,3
15.700197629446544,4
15.712499562368803,5
15.73641700788614,1
15.742312892290283,2
15.757961335272977,3
15.769510413930014,4
15.773820429101288,5
15.803102095569997,1
15.825384984775908,2
15.840436015237007,3
15.867140278739551,4
15.895643541392523,5
15.913121289016233,1
15.938930372286563,2
15.956016779684123,3
15.972355753935163,4
15.986212291864602,5
16.00634588447635,1
16.008843117969384,2
16.039621770142187,3
16.06950360741414,4
16.0699375935791,5
16.09549090741528,1
16.097517143694663,2
16.103513594267532,3
16.123525103045086,4
16.126111650301024,5
16.15126501159249,1
16.177730061257265,2
16.18828077418843,3
16.188376390931538,4
16.193426115329693,5
16.207760171595034,1
16.267261411786315,2
16.282379553424143,3
16.286943391415292,4
16.30220368192999,5
16.314023775582175,3
16.337108648641717,4
16.338841404337842,5
16.360768818159055,6
16.372751658766624,1
16.42354735081657,2
16.43005001183818,3
16.445631929695153,4
16.487581186320494,5
16.48928076843116,6
16.532795425758806,1
16.551234936114852,2
16.55235089252836,3
16.558040004399693,4
16.5776277531147,5
16.578740400890283,6
16.592668804200528,1
16.599459559882455,2
16.614995665152225,3
16.615747562181987,4
16.648706408843452,5
16.707336679231904,6
16.763933720954903,1
16.78673871165652,2
16.78904232594835,3
16.812522139125484,4
16.812935411566592,5
16.813306836983582,6
16.819798495759162,1
16.83094619444871,2
16.855449059997287,3
16.87467374716859,4
16.884577194905685,5
16.889948416965527,6
16.988349188094883,1
16.997842527129748,2
17.00811962751725,3
17.011183408045987,4
17.038354841303704,5
17.058742746474945,6
17.063055616675005,1
17.0645431042826,2
17.08428916158291,3
17.10274114052452,4
17.10829941628373,5
17.16081762401641,6
17.16369635567306,1
17.17365434706247,2
17.224307381303632,3
17.233972886675257,4
17.252071932834827,7
17.261112787035948,1
17.266838243896697,2
17.340751673052043,3
17.350277104685187,4
17.390959134088696,5
17.395724272690533,6
17.400097962744958,7
17.400675576258166,1
17.419936483310625,2
17.428357775369598,3
17.465003004312614,4
17.476827845810085,5
17.540558433351784,6
17.54438907960695,7
17.58229918409778,1
17.61045727950363,2
17.638264123120035,3
17.673565438859345,4
17.70083574278859,5
17.71966200602199,6
17.722361256963467,7
17.722995913292774,1
17.771681623010583,2
17.79022136261677,3
17.821095663112867,4
17.833891118562363,5
17.83632642865972,6
17.838937646775022,7
17.861535325929474,1
17.87256186494423,2
17.87695491073149,3
17.89024234610482,4
17.891548422167453,5
17.908717410646243,6
17.91490087514944,7
17.94645165090949,1
17.95382553997258,2
17.96589143212688,3
17.96612404414749,4
17.967620737880846,5
17.97754164606358,6
17.99057511080087,6
18.00887683056064,4
18.04454434428251,7
18.136641954937698,7
18.209582946466785,5
18.229828594658517,3
18.23842027728645,9
18.264682155833444,12
18.265259701098397,13
18.295255370105604,12
18.308542127531435,11
18.32092990295664,9
18.343826227098326,12
18.41128283397866,13
18.412356318956146,13
18.426437309011437,16
18.43882157425759,19
18.465571115729244,18
18.503411584124166,15
18.50476536085094,15
18.540497546637294,15
18.54478852782836,18
18.545827436256907,17
18.576863558575784,15
18.607719219440597,14
18.648018489594083,15
18.68023006133391,19
18.693894853281407,19
18.749566510018013,20
18.824446395424623,23
18.854994611022892,21
18.875283790736134,19
18.910138550343,22
18.9162169701697,25
18.919108790170053,23
18.949670720611802,21
18.985499550429626,20
19.055855414739717,23
19.069640722029497,25
19.08385784315023,27
19.090826998217757,27
19.128124899310208,2
19.13427077293982,27
19.178568423165185,25
19.187661911363907,26
19.211521915441324,26
19.219356013147504,1
19.228134794584662,27
19.24724846399804,25
19.31212288837539,24
19.3843117197588,3
19.4330593346318,4
19.453071541351783,7
19.501178530496354,6
19.66104691242041,5
19.735742894163625,6
19.76799672736503,5
19.769113808645212,4
19.794084209013075,7
19.82827191261433,6
19.887605334184485,5
20.071259927012605,6
20.165236563980134,9
20.184098368688456,11
20.20856366141382,11
20.260223427529123,12
20.319015411308477,11
20.413726965397984,12
20.421618810929015,11
20.440222054370512,13
20.448195370557315,13
20.45105846367931,16
20.474035319232375,19
20.55598995003539,17
20.585164135232834,15
20.62910232240876,13
20.63316546523918,11
20.653306310373402,11
20.67401615836449,17
20.717575215677947,18
20.73365522642845,20
20.739397099948977,20
20.750476612964906,19
20.838674797257248,18
20.862757455404434,19
20.88738869006151,17
20.960534208923118,21
20.985398859904446,22
21.022399318004737,25
21.07374677519586,23
21.081454231186317,23
21.120555386611382,24
21.13915221180994,22
21.166318620770806,23
21.217996964745417,25
21.302732853273678,25
21.337593246285483,24
21.342670856255197,22
21.527516072232046,27
21.560312870561496,1
21.67997449567098,1
21.724606463467616,3
21.75096476858332,1
21.75503168782573,1
21.759815445503765,28
21.761678733226447,27
21.78390557143909,3
21.931357839022215,2
21.931577131776635,4
21.948859446438753,4
22.038579766328027,5
22.068454605057266,6
22.11745802717134,9
22.12346251236101,8
22.139913508480394,7
22.149998301937046,6
22.20007861630817,8
22.209438190939146,10
22.23575541624717,9
22.38427335364213,7
22.39759685398099,6
22.47993934688438,9
22.5012097107214,11
22.53242279115561,9
22.576144245864516,7
22.577548980300094,5
22.630796819821665,13
22.672655939894643,16
22.801816915497724,18
22.824773486940284,21
22.864271412489806,15
22.913536726597975,1
23.255833684499365,4
23.431035511193812,16
23.526139469285077,14
23.565094826258758,4
23.663239239230837,11
23.68169636543022,1
23.7585756690049,16
23.825573081141783,17
23.852254726869578,7
23.8582297752537,3
23.858499223220647,4
23.879794283627167,4
23.935270042035107,2
23.96305696437016,2
23.98485975220396,7
23.98840701970389,11
24.03157126315117,5
24.07666208714694,20
24.098952699809747,5
24.13311131517805,3
24.134323291502593,4
24.156641426174016,7
24.197131780666396,15
24.240802734555412,20
24.318987178469808,26
24.37800691672767,2
24.378864122298552,10
24.379217775957635,2
24.485574233916033,1
24.607384737438743,3
24.733965836769826,6
24.738923588671526,2
24.752680063722725,10
24.769695025302063,7
24.844965677988228,9
24.862219040853315,2
24.920454470361303,1
24.945101902404,11
24.954326962421696,7
24.963566333221678,1
25.020529344349573,2
25.059128453893614,2
25.210791204823064,17
25.241078400938868,1
25.2776688324515,26
25.32354013476466,17
25.365577154290836,2
25.463916057423315,9
25.474749233749908,19
25.498804048172932,3
25.603351883964855,26
25.615576045469666,2
25.6841196663138,4
25.762069850563275,1
25.811543665277707,5
25.85537532051927,1
25.894895843407035,20
25.95451911071226,1
25.96539783658224,10
25.96646259306645,1
26.008039772071776,2
26.04318165369327,8
26.06516397717788,29
26.095577651090004,12
26.102064463057282,4
26.124965343354262,12
26.18079397436943,1
26.389437458621458,13
26.394220900347072,29
26.431789063544255,1
26.445696097149035,22
26.449579511674525,3
26.458815455201446,3
26.46995294777506,6
26.473068582533728,17
26.476099442298086,7
26.487622000826494,10
26.579363291203368,3
26.612107507135217,3
26.628934207991964,29
26.676398867483996,7
26.72273909305186,5
26.778630958528748,7
26.78126387042714,1
26.915426293805407,2
26.964667168702228,1
26.996820498703876,7
27.021835244822647,3
27.080709417547336,16
27.126120521810048,2
27.2345503874014,1
27.255467748117752,24
27.455843499361396,19
27.487132454185748,9
27.516711340868127,14
27.520453522038498,2
27.52592927358026,16
27.595990828772702,1
27.645099356556823,2
27.65941425343641,1
27.677089194819693,7
27.78632696058101,4
27.8005926984832,9
27.82375502410362,24
27.85202325053669,2
27.878741604098227,19
28.06679246498854,24
28.075696967300498,17
28.08040370361675,21
28.09862054703498,17
28.175499900402478,3
28.234281854064584,4
28.23744049412665,12
28.244572297749873,17
28.26045673740307,10
28.399087030739224,1
28.46267216892604,24
28.535020211668616,9
28.55921178305547,1
28.611517383545863,4
28.636604140985646,3
28.64227363101972,1
28.6448013911765,24
28.649998729082007,7
28.768033515425323,5
28.88715437001767,6
28.900154358568006,1
28.92026288809026,2
28.955741448328165,10
28.98908560295515,1
28.994751642277553,5
29.046859446994898,6
29.048903800889796,1
29.228714589729673,28
29.268310829535785,1
29.277378984300704,3
29.28166683541768,12
29.28519444477686,6
29.28732336831637,17
29.47637186413258,3
29.507199630389866,1
29.538633179779044,4
29.562599242197802,21
29.56706836963472,2
29.58611790764221,4
29.600698822923714,13
29.656482773931096,1
29.702677901529263,6
29.71951884476186,2
29.72012390504212,2
29.764716340770217,7
29.769291669678612,1
29.77680532552099,28
29.785354548157436,26
29.83538291894295,1
29.855937771156324,5
29.880256247270555,1
29.93703372851987,1
29.95731482252235,28
29.969164813329,5
30.009453487489733,4
30.02357681873428,16
30.04196840021531,26
30.108352960214795,3
30.15400242629746,5
30.188175196706673,19
30.196751829442505,22
30.197893728575043,16
30.215927319037412,10
30.245389792780998,10
30.310624586873423,1
30.3378884301661,1
30.35873235461459,6
30.39675983397112,1
30.428993960287535,13
30.43148657444967,1
30.4335904524372,1
30.433932925515258,14
30.522060653104756,3
30.53414495809535,15
30.54605507807618,2
30.575969315395238,1
30.581229175729668,15
30.61089252455928,1
30.619313615949697,27
30.621655271522357,15
30.631215235745888,9
30.671184223783737,2
30.684217389814002,9
30.687715406438674,10
30.727969214763736,1
30.748253417660308,16
30.84075981489993,28
30.849893202984564,8
30.87413606873869,9
30.910282110274792,10
30.95381405200241,3
30.957361750701505,2
31.025448408942538,5
31.03735503855563,9
31.052130183595303,2
31.125119642831795,2
31.12837907710226,10
31.183193846520787,2
31.191585285950527,20
31.233703329348046,23
31.280013638477488,14
31.28714063978229,19
31.302255193719045,15
31.33410247188833,1
31.36004104269119,28
31.379091314208114,1
31.44590210833753,14
31.45019585302196,13
31.453560914103015,2
31.4940984435442,19
31.5107668372124,7
31.541884969581453,6
31.56281594901206,8
31.57106959532267,21
31.598317224186133,15
31.621809835061157,19
31.62584533953701,1
31.640157221858953,13
31.64668966813266,1
31.757371251156478,16
31.768972106880597,7
31.77411903323202,9
31.803881721568132,3
31.808551147914333,7
31.842857454801674,1
31.8429742100084,1
31.874843780501415,2
31.905167171196098,3
31.975034954990967,1
31.983650387977608,21
31.991575067160444,3
32.113276574088694,13
32.12592244363906,8
32.17198600277307,3
32.18243145402688,12
32.19359838876939,9
32.1936659076149,16
32.202866793615,8
32.20490787627541,10
32.21861718095848,8
32.22001553156478,7
32.23720308405177,11
32.25643203630154,16
32.29029838637406,18
32.29677473800661,1
32.3109621717481,3
32.31220027760344,12
32.34372605879252,6
32.37543426912935,1
32.38720628685625,5
32.395260930119065,2
32.39713684708163,3
32.415568977783096,29
32.442377448694195,10
32.49662022038827,10
32.507484389375435,1
32.53802267025359,19
32.54842591759349,8
32.557959173271804,1
32.57537646154842,3
32.58419003855204,10
32.58470941088576,18
32.58518849930592,6
32.591427215893376,25
32.598361252041926,5
32.604219346820216,19
32.64441142084475,17
32.64839831969807,6
32.66025546994247,1
32.663021773714185,25
32.68814394247798,5
32.70132742168819,15
32.72639436935875,9
32.72969772771689,14
32.73247229100585,26
32.75287358653811,1
32.754231259480534,2
32.76052965406642,23
32.765912536281846,9
32.771355174479034,15
32.77736677315644,15
32.78866974338089,6
32.78994635140485,1
32.790591903178104,1
32.83531710843042,4
32.84955827323044,22
32.85753254834026,11
32.857944338235555,6
32.919667363864214,25
32.93483409852021,4
32.93582262611964,13
32.94137126781132,2
33.01457495851495,2
33.03386825531659,5
33.048957654997714,9
33.113552733176626,1
33.12123717099454,13
33.124163816379635,2
33.128717904317945,7
33.162606504965574,1
33.175741043166425,13
33.21053005221479,12
33.2117620738386,1
33.22554917118015,6
33.23630192602012,25
33.23947542827402,1
33.27267151491976,5
33.29191556241889,10
33.301121724507716,1
33.314779613952695,17
33.32719821746146,1
33.337803050740185,2
33.36437499076794,1
33.36950579872022,14
33.376372165910844,1
33.38891047556518,21
33.392825860046884,20
33.428953643992216,5
33.433583552328116,15
33.504781437702,1
33.505243193996215,23
33.51569513905739,6
33.52864385596562,10
33.53050544733008,5
33.5593333965037,15
33.5672903050893,2
33.62269644749715,2
33.63489098019192,8
33.660753283632964,16
33.677225430167965,23
33.68545341847715,1
33.69786613751907,16
33.71723368566288,2
33.72341287536831,23
33.754954291440484,28
33.76018391932293,2
33.76262815305773,22
33.76590874811598,1
33.7830135228638,9
33.79233623109326,21
33.79373421632773,6
33.819836464219804,2
33.87439326054155,28
33.88296505070288,10
33.90041385156358,21
33.903278935380406,1
33.91208086608441,7
33.91228084734116,13
33.924094101636136,1
33.95886182908861,2
33.97944885616622,21
34.00994044614143,7
34.02765724665414,3
34.04046245895276,18
34.04703665035324,3
34.05337539581218,18
34.060396822399504,1
34.064598385809475,18
34.077401503273876,2
34.07849050416877,18
34.0800623233748,5
34.08445106973116,10
34.09862228951829,3
34.108552762897,5
34.12738110896031,10
34.166827943004094,11
34.16819717289242,11
34.17218507961498,1
34.172916812380564,3
34.19254120327287,18
34.195146584202156,10
34.19845640347338,6
34.210423823386535,2
34.2140981302378,3
34.21443840311426,25
34.225113098238275,15
34.24574566270254,11
34.261340959954836,6
34.26436197835466,11
34.28817337403498,1
34.29638180066316,5
34.302292445501315,7
34.32222181217755,28
34.32698164272218,4
34.32814777440371,14
34.32857437203539,2
34.35343337507735,5
34.37279175651132,23
34.37620714858554,17
34.390058539332394,27
34.3902377253736,3
34.403028323440196,2
34.420439863138306,1
34.4406963376237,7
34.45261876344534,2
34.45361243571274,27
34.453734594030124,3
34.459925376073755,3
34.46884648195436,14
34.47232995757286,22
34.47281180218113,11
34.491486057312315,22
34.50025081246448,1
34.50224609406254,16
34.50491069051771,14
34.50525399111649,29
34.5137589946462,6
34.53257418018839,18
34.533211935721056,1
34.54207347048376,23
34.54302835022474,18
34.55374498863155,8
34.57417838096906,5
34.58121292348178,18
34.58489003364853,15
34.5903884523357,22
34.59926513969911,9
34.60490571553675,8
34.6145062538151,2
34.62616340135351,1
34.63305787798229,6
34.63771364118303,26
34.64784054221332,9
34.65663221913921,6
34.66965554606274,1
34.679263208400535,3
34.68206562722908,1
34.68816974137757,2
34.689608518609916,3
34.723548322878344,2
34.72980031461486,2
34.738762340939424,3
34.740963080283,1
34.7478587702113,2
34.747931709378925,1
34.748286398819204,17
34.75220919926717,6
34.7602523299877,24
34.763542016539276,1
34.76833049474342,1
34.77741256594531,1
34.781415622708494,21
34.78810666917472,12
34.79453126294602,1
34.84111556315464,4
34.844133799653605,4
34.849280481245984,13
34.871643393680294,3
34.88041622913319,26
34.89667075063984,1
34.912765194351394,10
34.912779817558395,2
34.913269853550524,9
34.91384277517365,1
34.924673735286284,5
34.9291899589984,1
34.93348334788605,14
34.93854287508465,1
34.93922898031728,9
34.94331017643966,11
34.969778571283875,3
34.98032604079933,1
34.98868550436253,23
34.99806234787058,21
35.00685143642271,1
35.01877445914428,1
35.04031124495016,1
35.04736425782912,1
35.04747297858128,3
35.05253465427028,8
35.05867682824041,1
35.059089392772876,3
35.066633937987525,10
35.07867645113653,12
35.095883918325946,11
35.10105356442435,3
35.10401541774778,1
35.11831839662214,16
35.123749086326455,20
35.13961526656838,5
35.16239733412514,8
35.16591281569138,9
35.170158755805964,12
35.18134717050256,1
35.185637924066256,1
35.190784439760776,5
35.21096103328617,1
35.2148342822897,10
35.21506944220852,3
35.22431146158751,4
35.22498990173456,11
35.22838892038761,3
35.23687340214025,29
35.239112279701736,12
35.24462425657948,3
35.2460034230033,1
35.2520556006628,27
35.258463928317674,1
35.26287484909695,4
35.26316084622137,1
35.26474685709771,5
35.27758283941768,22
35.28068539391462,26
35.28180702641222,1
35.28523041113881,9
35.305147908668715,28
35.32104946729369,26
35.32413344981145,4
35.32860525230131,7
35.332375174399004,7
35.333891579904034,15
35.3409585494964,5
35.3571981086917,26
35.360454739079,2
35.36316988899773,3
35.36370682308276,27
35.36655572523871,3
35.373931518756756,1
35.38178188573216,9
35.38708549575442,4
35.393147393645066,21
35.439113494111965,27
35.44791104554058,9
35.455497753132,4
35.45752117585396,5
35.457883538764484,2
35.46493214471842,23
35.49484992131742,7
35.50635772456812,1
35.52467993399268,1
35.538708257459014,5
35.55288865819519,21
35.55578112648046,1
35.58162556583763,28
35.58718828632682,20
35.5931022217906,4
35.601056041120394,2
35.604068145819255,4
35.616906032606124,6
35.62331006415873,28
35.631010263595016,28
35.648952129681945,18
35.65363042645343,8
35.666551221510055,2
35.69445798322129,19
35.69549060458488,19
35.700651469552966,1
35.72060122642043,5
35.7397723065762,8
35.74613945310847,24
35.75491992815945,5
35.75509193539052,13
35.765463943771266,1
35.775972066589595,3
35.779141636526546,2
35.793677482157754,26
35.79578456179054,29
35.795863839109806,13
35.80592220096739,3
35.82161852980181,14
35.82174687095594,14
35.83773872790507,14
35.83911043015985,10
35.85214711973736,19
35.865074143093814,1
35.87353311460593,1
35.879481222062964,14
35.884137246176245,1
35.888786499967054,1
35.8926015867243,26
35.907288712519204,26
35.90795619937335,3
35.914530598120564,6
35.91524172390088,12
35.92931169572841,1
35.929769849145025,26
35.93435415911053,2
35.93746557432991,17
35.940398511580504,4
35.96394247228554,3
35.984971572903866,2
35.990723609762156,28
35.99981674960951,3
36.00803952140632,1
36.01731604147669,4
36.0368288115314,5
36.04304547655142,9
36.050882211947005,11
36.05154434748054,13
36.05400668782392,17
36.069377325465105,6
36.07652618489753,15
36.077896952097085,6
36.08071229051203,11
36.08368608008385,9
36.08496354937351,14
36.08546026967397,1
36.08885795390898,1
36.095221500195905,12
36.098095488070506,19
36.09867119909099,2
36.0987052331647,3
36.11071519286448,1
36.11167094226472,2
36.11564330892242,3
36.1320942927941,22
36.14593197960885,23
36.1509929354995,27
36.15520788660531,11
36.15604012432972,4
36.16209844616352,12
36.17101165403274,22
36.17105057219876,13
36.172676298638905,27
36.18244670569424,26
36.195188844141136,3
36.20598400474087,16
36.20697548645717,1
36.21617672573718,26
36.22015236382912,5
36.226333609664444,26
36.23178496640654,4
36.233872505316114,1
36.23798646628907,4
36.25098819954765,19
36.26638056792145,10
36.26850477720483,21
36.27420403118376,11
36.27637112378379,3
36.284717097339254,4
36.28602721328194,14
36.295433542582344,10
36.29881727546271,13
36.303303188535075,22
36.30528574977685,3
36.30830975493179,1
36.30884389876407,2
36.315318097664914,1
36.33142837852619,13
36.33568452722615,1
36.33935996423521,4
36.34054631609824,4
36.34661163211274,8
36.35337530225289,5
36.35346442849449,6
36.383047776579346,3
36.39317125039428,15
36.40647810700292,4
36.41307261323347,1
36.44647275885544,15
36.44662599183735,1
36.46138082776754,1
36.4641496225108,15
36.46726394312241,3
36.47381101675144,1
36.47798225402281,10
36.481181128632514,1
36.51401126322917,1
36.53089068169103,16
36.55147625195968,5
36.565125608458814,3
36.56969838178563,2
36.57031078336047,6
36.572862799075324,5
36.585266647741456,26
36.58580404758034,5
36.6115981587116,29
36.62548785045163,27
36.632594246145075,3
36.633305005508575,2
36.63561400099061,9
36.63698624351777,8
36.65073304419746,17
36.652171518362785,4
36.66131678842591,3
36.67146977653876,3
36.6741966634474,2
36.696803202432434,22
36.702563413843535,1
36.71372770371216,1
36.71517497677405,5
36.724228502811215,26
36.725538882802034,2
36.73239449974717,22
36.73870793037192,1
36.74906146766448,17
36.75198475706642,7
36.7575885679742,1
36.762752725952836,5
36.76440360009986,1
36.76654179201854,28
36.78345029853652,19
36.79782374286256,7
36.80035323876461,2
36.82989198417154,29
36.857568719393264,28
36.86897185912463,2
36.87670561858394,8
36.881979394445985,9
36.88267634823592,2
36.91916275233016,23
36.9336493289444,28
36.96017366960416,6
36.98994130720306,14
37.02499707841416,5
37.0266347149583,2
37.03840257903963,11
37.04791671515497,8
37.04956892283292,6
37.06331136316752,1
37.06342481133984,5
37.06753959798608,2
37.091830503021654,2
37.101227348323704,19
37.104855298042416,1
37.11705882951374,1
37.122299334873595,11
37.12843943514355,2
37.12962133377136,24
37.134374674715524,19
37.1812412757867,15
37.18167394964502,4
37.18605044328239,23
37.199271759156,8
37.227704476674546,16
37.23188296147652,8
37.23461757384417,10
37.23882035117533,2
37.24142373026556,23
37.26513759958117,6
37.26615680843186,1
37.26852602508521,1
37.26887437166106,2
37.28801594462301,8
37.31660698112454,8
37.32208233788329,14
37.329024696804574,3
37.332196632969385,1
37.35365595585354,22
37.38169717793746,16
37.38692173513841,6
37.39314062975274,8
37.39534365711303,3
37.397325430094455,2
37.41591177652054,1
37.41662363468026,6
37.44388397875096,6
37.44897830170187,18
37.46509703477096,12
37.469011925045194,10
37.48331601043067,21
37.48491332659701,2
37.492440490912024,1
37.4978267295363,15
37.49915822956847,4
37.49915834281875,10
37.50635364097049,27
37.50690096775037,3
37.50939837911399,2
37.512929276780646,13
37.512943655852546,2
37.546154848145996,14
37.55680104906697,4
37.57528866403055,3
37.578832584450794,2
37.591083422335004,1
37.607780796496264,22
37.61235061218218,28
37.62856214669444,4
37.64243308163654,11
37.651275606519874,7
37.65208538644189,1
37.66433208650139,8
37.679391447115925,28
37.7096378997292,2
37.71007066321606,3
37.719257697555584,15
37.731784557731665,6
37.732867392957765,4
37.739987381482216,18
37.767065971472306,13
37.779080972450814,24
37.78531953840818,15
37.79727633476025,20
37.81045776986255,17
37.81369725126227,3
37.815895018918056,28
37.82003336228281,12
37.83969581978374,7
37.85287925213884,6
37.88277274390442,1
37.88766276238427,3
37.90342693799722,4
37.91700462081772,19
37.91726639316876,12
37.91738420907754,5
37.953448382476964,12
37.9562099964539,7
37.97373391520044,1
38.00901564039374,13
38.016318019387676,12
38.036966229849504,16
38.0390269470778,4
38.04742214478496,20
38.04889765945027,3
38.05068568216178,20
38.054266081670974,16
38.065945808003775,9
38.06896576834169,18
38.0778526761369,20
38.102672016917154,11
38.102800815656195,7
38.10336132765826,3
38.106933152118245,9
38.111520282238146,13
38.11580675439903,1
38.12127604207759,2
38.13744527923816,11
38.14344601355162,3
38.147727122071544,4
38.14834453968238,10
38.1789845863613,10
38.190837777509145,4
38.19320460841928,1
38.20803751041346,2
38.211518750793495,28
38.217571236665194,6
38.21831970262975,10
38.220436929988146,1
38.25825039569942,14
38.26381930315702,4
38.27696772565078,4
38.28156482095688,2
38.284883268010745,2
38.292021004499965,10
38.2956914965999,9
38.33317254261493,4
38.33404551720755,26
38.33490213798706,1
38.33874811775908,9
38.34871640377085,2
38.36013814614794,27
38.36030476833527,11
38.363466066585225,9
38.376892885770886,2
38.38101036776051,9
38.39100611371431,25
38.41311412918988,1
38.414349253467066,14
38.44630412733595,2
38.47009965155449,12
38.47995982037566,4
38.492667952392246,8
38.492841281694716,5
38.496101650145185,14
38.53142611329477,19
38.5371501997138,11
38.539500803562525,1
38.581962445123416,5
38.582057122120645,14
38.583158621019265,5
38.61103882241907,5
38.61444718602641,1
38.62908938530906,1
38.6392549434073,10
38.65012140316548,13
38.65329629888764,2
38.65439496664546,14
38.67846562096658,2
38.6786249365949,2
38.681402673303126,1
38.684678215268335,13
38.69175543073246,2
38.70252107900328,1
38.7154335720327,19
38.75047546952416,18
38.76952108818512,7
38.80105268705404,9
38.80367762336845,14
38.8196366833972,1
38.828319314489654,24
38.833791354148154,18
38.84416136240678,2
38.853304368821846,22
38.85874914970645,16
38.87176942641759,9
38.87896837370679,12
38.882365684293724,5
38.88900775061841,25
38.901496799863224,18
38.90228680719091,16
38.90641796805667,1
38.913432578355454,6
38.91771888703039,6
38.918411278653096,1
38.94977743419026,4
38.96718570052155,2
38.98004324970551,1
38.98214601656281,2
38.983031008162556,6
38.99624490717435,17
39.022147632314955,1
39.0362332882762,3
39.04040390726486,6
39.043920637254196,3
39.05330309751891,18
39.058653405468235,3
39.077753242993246,26
39.10791171653326,3
39.112804966120514,6
39.11822204635019,21
39.15331427175913,4
39.15466319166874,6
39.16471252885923,20
39.16740398343476,19
39.181522355941546,14
39.20603855457674,9
39.21331395468673,4
39.21551524819656,1
39.22962303502332,2
39.244576402478245,1
39.24615985427291,13
39.246185110908165,6
39.262881733625974,1
39.26511702089484,1
39.26536244864645,2
39.29351081942652,1
39.29909592012446,2
39.30051877243904,9
39.30988197369861,1
39.31348685922056,2
39.31984238230417,26
39.323022285118476,7
39.33531684099967,4
39.34222995156141,12
39.35225526315784,1
39.36787932871543,6
39.37031596233939,20
39.37718689643036,7
39.39011831378463,9
39.39171048103507,3
39.393329681720175,12
39.395332251709,4
39.39833442185188,2
39.427726128115516,7
39.43699148829176,1
39.44410635561907,1
39.46473618991718,7
39.47319398367755,12
39.486236641423176,1
39.49009301047785,7
39.507076402363715,18
39.53104465022641,6
39.55571193768908,7
39.56113700479593,5
39.58211488302076,19
39.584835973334194,5
39.61360802679696,4
39.61467081174439,22
39.63664505354475,1
39.639728867983166,4
39.66818958489355,27
39.6788263858685,5
39.67976705662358,1
39.694040238172285,17
39.700485954225925,29
39.7082751048669,3
39.71951493762585,3
39.72293410464516,1
39.72934794171337,5
39.73570415946414,10
39.75339701491208,29
39.77046451133808,2
39.77058105872199,6
39.78562046875545,17
39.78569459447046,7
39.80631408424539,15
39.807274449632594,16
39.8195141838791,17
39.83901510262182,1
39.849264769298,17
39.864912134467744,14
39.878580101324154,2
39.88121303994954,14
39.91249419096534,14
39.94647108618531,10
39.9594819306918,8
39.991026924353534,1
40.005459398120614,13
40.01474596431808,14
40.01932220311062,3
40.0225971607334,2
40.02660555928904,23
40.034632302009825,2
40.0449117013567,12
40.04607772674164,18
40.0531042481581,16
40.068810987844984,12
40.0734506670267,23
40.07793651392063,10
40.11890468046915,2
40.124690071603254,12
40.12781751817448,8
40.13146286505794,11
40.136005709961246,15
40.16095839784714,2
40.18221062264063,12
40.1835903201114,12
40.19044166349387,1
40.19889619193687,1
40.20339000027641,2
40.23501738242793,1
40.24727958778941,3
40.26385328420893,21
40.29836121415838,22
40.30434682376808,18
40.389039817309175,2
40.41783387603832,8
40.422280535125125,1
40.423362497628396,3
40.52914341442085,17
40.550968919534064,29
40.58197851397449,1
40.586392536627436,1
40.59485705108826,3
40.595220044462316,3
40.61972819285629,3
40.63315015809566,2
40.65026210121556,15
40.65049611987474,15
40.66628795429442,18
40.666931309539834,7
40.682586467273424,20
40.69850168660662,8
40.71290183740735,15
40.789236112165774,5
40.81261214567526,4
40.83301423133473,8
40.8373437195373,24
40.88124606387094,7
40.88827194659264,29
40.89226965984359,10
40.95904814100834,13
40.98680321569569,8
41.00217023609773,5
41.003109384685594,11
41.022354384017525,25
41.030380830376565,6
41.03353279017421,12
41.053748046081296,2
41.07181723267643,10
41.074760099674016,1
41.090613624453844,25
41.11183851642248,11
41.12242936258911,1
41.154158780357136,15
41.15449821640944,12
41.17101978040871,17
41.20308504369963,7
41.260466686184074,4
41.27244148943588,8
41.275427874498675,15
41.28123557573545,8
41.32679578954991,3
41.343016270771884,1
41.343982531867674,1
41.35394707362495,21
41.370872128114556,10
41.40986171392816,20
41.4142016592403,2
41.45396191871125,1
41.47858960708901,17
41.4848311551436,1
41.593863984098476,9
41.636711181887705,5
41.70540874455365,1
41.741396555105936,1
41.74925734016858,17
41.82061259819633,25
41.85789905133246,9
41.85964118063538,1
41.86918445012657,2
41.87382892208321,2
41.88626047472208,1
41.888354218962995,27
41.891488861960056,27
41.919522843908325,2
41.93097433144168,3
41.962671702271884,2
41.96974895817993,1
41.97501816446734,3
41.98092336669139,1
42.0032779722785,17
42.01037228001906,3
42.01514659775835,1
42.07527748904392,6
42.077896679213076,7
42.08882319851659,1
42.138313716318265,8
42.14282810174805,1
42.16439365197474,2
42.1944399368686,1
42.2150805783595,3
42.23412030555034,1
42.28772801392804,5
42.30467810118873,8
42.345122745522005,2
42.379784859070305,20
42.42729191902665,7
42.439293657597354,29
42.497797582960956,4
42.568656330362145,6
42.575706663505876,6
42.61969576492453,19
42.64127457898494,20
42.65597807457184,29
42.673132445731945,5
42.68623022852361,1
42.73363186468354,26
42.740887898472785,8
42.74729684778931,6
42.77607830080501,2
42.8106063727722,4
42.83756356595975,1
42.87400420741975,26
42.90258283043736,2
42.909529255775944,1
42.91790376220432,2
42.97724490663889,27
43.066860742339216,1
43.09615925020396,16
43.112451524712185,1
43.128379957276955,19
43.15673918678692,2
43.212316806654485,11
43.21909381506423,2
43.22786975586497,2
43.300942011762196,1
43.31180793732645,16
43.384648003563555,14
43.42009350802507,5
43.426040056954356,1
43.44164990578867,2
43.46571280809831,1
43.55758077999131,2
43.570194565364574,23
43.58016611078174,5
43.60333254697935,1
43.655927686015474,5
43.68064433178263,29
43.71435225430473,4
43.76898162173073,23
43.834798586577044,1
43.84185567762133,3
43.85048498549579,9
43.8774673687202,6
43.968902598372445,1
43.99548922205924,7
43.99685081133141,19
44.01894584821466,1
44.02567294224226,9
44.048580805873094,1
44.05902350494147,1
44.10874159109384,2
44.14505369251594,4
44.15246140645817,4
44.2153550607263,1
44.269726181398106,2
44.328006730374916,8
44.372739788477645,2
44.47783013454479,1
44.49746065661362,18
44.498236964007084,15
44.52809641115074,3
44.538846480855646,27
44.54007769042101,24
44.58447984058193,9
44.596956775899244,3
44.6428898932145,15
44.7194674281326,21
44.83970090225608,2
44.89516064249792,27
44.90887267332447,13
44.90930169630476,9
44.96014217059542,3
45.15245641822844,1
45.17000847503039,2
45.19474540095576,27
45.21256893175751,25
45.28889603355421,4
45.297657541503206,1
45.41029298997127,1
45.41445816032137,1
45.45333989839616,5
45.60178577845923,2
45.63206172579597,11
45.65979943534757,1
45.72049678514403,8
45.781879689363706,17
45.88500135960948,1
45.947506139603,2
45.94781200935281,4
45.99608498876392,21
46.01895704580946,23
46.11943347983922,12
46.13626715373473,1
46.15044174955121,1
46.15990536598521,5
46.17865113299442,1
46.2582991210219,7
46.31799969119189,6
46.33330777683943,8
46.349391897039766,1
46.37506832065892,7
46.38066889113867,1
46.485829454616294,13
46.50495605110929,24
46.55376233528307,8
46.63201064172369,22
46.680817653584285,3
46.70411684898283,18
46.704613786904034,1
46.778417830622764,5
46.8178265047453,8
46.82362358965669,2
47.004439411291614,8
47.00764828444604,1
47.06955776369123,7
47.11919758721187,1
47.1242359326026,3
47.16303583488014,17
47.29192627579252,2
47.482482031809354,1
47.645159285648745,3
47.67145207813616,1
47.67385975500833,5
47.72874721258185,9
47.74072310926836,8
47.754315262753934,18
47.775068996165174,5
47.85522410848306,3
47.87538098457544,5
47.95182636492271,2
47.970388160575425,5
47.97451768047124,19
48.00522574045483,4
48.01689476894084,18
48.094005349989295,5
48.11665960429927,24
48.133521201324335,25
48.13941360665522,19
48.19314171572529,1
48.228516310230546,4
48.258620082733984,10
48.266817621615466,7
48.432138421582664,1
48.49054347268599,1
48.515702524624785,25
48.5598361024772,1
48.61023148671994,10
48.630577950102726,4
48.66772921749365,17
48.7509761317213,4
48.79483363631675,1
48.808486028643586,4
48.82877915053136,10
48.880907338219096,4
48.8842673236546,1
48.89354051422415,4
48.97469983883135,4
48.976674950294836,21
48.98516964702903,2
49.02272034723233,13
49.05487980165626,2
49.20094462933626,25
49.3005829538561,10
49.41403284136913,4
49.459286662011266,2
49.522752855937384,11
49.557125532402694,13
49.582467625142066,1
49.66121222067117,7
49.74193863455254,5
49.82566845188394,23
49.84701466541652,19
49.85995995227597,6
49.8895569487372,1
49.90603280935417,3
49.94401978996823,2
49.945804692525336,28
49.946089792629785,4
50.09640068553722,3
50.154031914684886,17
50.203054772574816,4
50.33201497315981,2
50.39877487226552,28
50.600508430812106,9
50.60162977292357,12
50.64790008520668,25
50.6533927591331,9
50.66194917671358,3
50.67272553704692,4
50.70652693423653,1
50.7139754212458,14
50.737063028405025,25
50.83422132814691,4
50.83793729144979,1
50.84240287748219,9
50.8882088227445,2
50.89570512445418,18
50.896715301721514,1
51.05149720745034,20
51.0624563823006,4
51.171007555956336,9
51.17315022680045,8
51.174807566644,1
51.19538535834954,1
51.23141789911787,3
51.294971842283175,8
51.296650023080154,27
51.31735241998975,2
51.349382546803966,2
51.39963516261118,1
51.49462224856634,7
51.513481907136345,4
51.51556292975914,17
51.587165658966896,2
51.59728597550371,24
51.664953741194864,5
51.668918987776436,20
51.6852010068986,2
51.6886456237499,17
51.74376950709625,6
51.74583795175991,3
51.768758141983824,7
51.78842514550828,8
51.79530951704538,15
51.859306204759534,1
51.86580026262561,3
51.87792511491212,11
51.89829073476755,7
51.9005497421847,4
51.90191561148496,2
51.948146605545915,2
51.987670648470036,22
52.07104373848499,2
52.08447279089807,2
52.1046133345131,18
52.14694542366728,18
52.18917746292619,2
52.2082008125273,14
52.21458088564996,11
52.23134883125715,1
52.243166024219946,1
52.42656004853681,28
52.5900684792492,10
52.64693325175844,20
52.677787098457785,5
52.68997035814821,1
52.72436376666665,4
52.74314690118047,8
52.75733309037024,2
52.824488247259545,12
52.91998446851212,7
52.980037982752236,1
53.03204504862404,1
53.09034803715013,29
53.16521790513219,2
53.17692332190187,15
53.18484855390744,20
53.194630056516296,1
53.198264318505075,11
53.32781921976874,3
53.389592174272614,8
53.426440245863986,11
53.456470400613085,4
53.48419019880341,1
53.49460034259148,2
53.54172413906356,2
53.579439831451445,14
53.61068897393629,1
53.618511924322455,9
53.62295666777836,1
53.68286970527787,3
53.72444565293568,24
53.74476082558738,14
53.75731251494554,1
53.776758636241766,2
53.779395128872174,10
53.780269728049916,7
53.797476932810014,3
53.803404799404,27
53.83704315805106,22
53.83863189313386,8
53.865040380803066,10
53.88625993139809,1
53.88845320014533,3
53.91645742025972,4
53.99213028283644,13
53.996774968206374,7
54.007196593109356,22
54.04306225486896,11
54.08990115793574,25
54.12360334421854,4
54.1339360354016,2
54.133968766649396,11
54.141197985791315,8
54.170709392259965,13
54.1711885023078,11
54.182622674686904,3
54.206371932459504,1
54.21057792660555,23
54.262370253710706,8
54.292646550013195,4
54.29578277362071,15
54.33326206128301,1
54.3368536813022,3
54.372383874984074,1
54.38071771113425,19
54.402744197411174,8
54.49203963597398,1
54.51216766486859,1
54.534274292033516,9
54.54750365988962,2
54.561098139283956,3
54.563848184433795,1
54.56664821741612,5
54.686955699961494,21
54.70746326187616,8
54.85340377131515,3
54.897437773770164,3
54.90696938141342,11
54.92040933660604,3
54.95023934554373,10
54.95394145967533,8
54.95749591597627,12
54.988076567814055,21
55.024115050471906,13
55.04184698381555,2
55.066474810156684,10
55.06713603321157,5
55.07564211848937,19
55.099995715645434,1
55.105515461994855,1
55.1890682399964,8
55.205275670429245,1
55.224629487741396,1
55.22608260692567,7
55.2478773314752,1
55.25444040385569,18
55.27944610187776,6
55.280487469410765,2
55.30914674604658,9
55.31812161374957,17
55.37371949325981,13
55.39483663985782,10
55.405750951175484,2
55.420818113883016,2
55.449783349371785,3
55.46915247970778,1
55.526688764251396,1
55.535611716566834,12
55.56976589981554,11
55.57916091712686,14
55.59090804356911,4
55.604989714686575,2
55.66831085220077,1
55.671256279627805,27
55.691404669462486,1
55.7022524115524,6
55.71170878534664,10
55.715732542201074,5
55.854507885044214,4
55.864243148397364,21
55.866957079072996,4
55.87883910641118,6
55.90269152457635,10
55.91554916964061,17
55.91694353000013,10
55.978974637701874,1
56.04620299261339,9
56.06015110228396,4
56.07883951030649,1
56.08765736684308,1
56.09826552886019,10
56.1264990867257,1
56.13146348515136,8
56.14848346490778,8
56.19186964149179,17
56.20075043277868,1
56.21700805336232,23
56.23441338339966,3
56.24490966547318,1
56.24812450992062,8
56.259888085249315,1
56.27863714696654,14
56.33654926542623,18
56.35459610588719,5
56.35629826862388,18
56.37654486252758,2
56.40758378906323,1
56.464647668490166,27
56.50620959405974,18
56.51007664555173,1
56.53545250092575,6
56.54571110070263,25
56.5628280818975,6
56.58473424777654,26
56.61718999311617,28
56.61762405591903,17
56.6193760546225,1
56.625773108646264,25
56.63703059572453,4
56.65705082954838,9
56.658134832378884,4
56.70308009669997,5
56.707752122709614,18
56.708701421706536,8
56.74222136114064,16
56.750513027321475,18
56.76589106689707,4
56.78481586041881,8
56.81381080803982,26
56.82386438626856,9
56.83848584912763,9
56.84314964897345,1
56.85900924298344,9
56.860155509288354,6
56.88706637365742,11
56.89184184068654,9
56.8933909745263,1
56.90420649173995,2
56.90798158767236,1
56.91702753939774,6
56.92639653660889,4
56.93857487429766,1
56.97220731081837,1
56.98510226985298,8
56.98645018534444,1
57.00169007981243,7
57.04000339651013,1
57.09814538128347,1
57.09999340365147,7
57.10366337812253,1
57.12222957176084,19
57.17430211625199,1
57.180526140620344,1
57.18381641680855,1
57.18614018925522,2
57.19904544499923,29
57.20685656979927,26
57.22714288598428,4
57.22983981902247,1
57.24402095066293,11
57.24409432835882,4
57.262047875043244,4
57.27377529757854,26
57.27419810903107,1
57.281306470876075,26
57.28310720063646,13
57.298999560864026,4
57.305565109956305,1
57.31024591224,16
57.31365821775398,7
57.33322461262322,24
57.3443317013613,13
57.345630709450184,3
57.35129473497428,29
57.37750153156759,21
57.382212129900864,2
57.41256922655937,4
57.42124105157501,1
57.48625614183173,3
57.51324664886194,4
57.535222005822966,21
57.5496307446181,17
57.5793857734978,1
57.61274137561228,1
57.63215629634795,7
57.64099049927525,6
57.649449292368246,1
57.74226221404171,4
57.76044869546434,1
57.7627490214179,1
57.810781759298834,23
57.844645712944356,2
57.920594594592785,11
57.927508522927525,4
57.937908241935865,8
57.94486294591739,1
57.95830858481207,7
57.96830103093572,2
57.98150769642045,11
58.002668088042235,3
58.0029328437998,8
58.01864927456316,12
58.02178213051613,16
58.03045123541199,9
58.0441753848412,1
58.05108339870857,4
58.054204582001354,6
58.063624010264306,12
58.06712069883863,6
58.06718737699644,13
58.070645467724766,8
58.07089454332516,1
58.10006092616192,1
58.1065909879783,7
58.11663978779449,6
58.121982665564445,2
58.14513687868297,8
58.14536906601821,8
58.16549219996788,8
58.187947910492845,5
58.20475626968315,23
58.21874339171526,1
58.22729650464234,2
58.23044723231988,3
58.23329925386992,8
58.241444696277036,5
58.24703011842212,1
58.25662303211423,1
58.25754427444647,2
58.264862287570956,4
58.26819827910973,1
58.28492341748848,11
58.29539367037002,24
58.31138428121494,1
58.3115868415167,2
58.333223593540076,8
58.33931514689344,11
58.3501084552146,29
58.37670958600391,2
58.38928852894283,1
58.4101786812409,22
58.412763672623164,2
58.4156743914865,20
58.417135729370116,29
58.423950042260664,2
58.43498533546286,15
58.448903486156,4
58.452574056201826,28
58.454877529834306,25
58.4650285052684,16
58.46856204398053,12
58.482746447813646,4
58.515625488810315,4
58.516986764349824,13
58.5278088227036,2
58.536113579473536,3
58.542920380464025,10
58.54832296882562,2
58.561561091981076,2
58.56658567589487,16
58.56872520142626,4
58.59190567780544,3
58.60531252077111,19
58.62718167622897,26
58.62911955915982,3
58.63365588038377,6
58.634274244347736,2
58.635381362531206,17
58.63903701448722,3
58.65900961407318,20
58.677730098543186,3
58.69154306334231,12
58.69305559182161,11
58.720709389013095,6
58.72453939747243,6
58.73440006786933,3
58.73561311159937,20
58.751004429675994,26
58.75240416267162,11
58.75618257355831,6
58.769384055332175,25
58.78519291840901,20
58.788738074484144,12
58.7900714359371,11
58.802862149126206,21
58.805604179443925,1
58.80734787752388,5
58.81926204833539,4
58.83706798160043,12
58.838799982816674,7
58.85581657353677,13
58.857784596573424,9
58.86449857386332,18
58.87029169247497,12
58.886873180847786,19
58.88791540426743,12
58.898317354218015,21
58.90253284321333,9
58.91460889584014,4
58.91572388443978,1
58.936023406001965,11
58.966350144468784,2
58.97562459518437,25
58.97828108108236,15
58.98156957290471,1
58.98620500187774,7
58.98630495431003,11
59.02082352879458,3
59.02508559145378,6
59.02898614159318,21
59.03435811433736,6
59.04086683530487,28
59.04224256301663,1
59.04489935988058,8
59.054947401853184,4
59.0598968205627,21
59.07407749837493,18
59.076084238935394,4
59.08572264086655,2
59.09136149525718,6
59.10419602932127,8
59.10775300258918,5
59.157908061449675,3
59.181117693663076,2
59.18163234449844,2
59.18659219935823,1
59.18885882685136,19
59.21138629012646,1
59.22375894619857,1
59.224928239101594,24
59.236665818487815,1
59.241795300425245,3
59.24833640722383,9
59.25261245610151,1
59.264156026381755,1
59.265222004627134,2
59.31226094772148,2
59.312762740385644,4
59.31312308513499,3
59.327827110758896,11
59.333148486388964,20
59.339589435930996,1
59.357790719453455,2
59.37140688195955,29
59.37698887878292,28
59.38295433175319,2
59.39564413029541,29
59.40262293503596,1
59.42020831782207,3
59.431257687255155,4
59.43132083090487,17
59.4337320148563,2
59.43743975543027,1
59.453273340186534,2
59.45658543620528,1
59.4589798159252,7
59.46084444149301,4
59.463943914225275,21
59.46819998405238,6
59.48940477889073,1
59.493006368056044,1
59.52056129031029,3
59.521118869838766,3
59.5242956554295,16
59.525906387214434,10
59.527079120080565,1
59.52826559569082,2
59.54981663109798,7
59.565253948824925,26
59.56598025980166,16
59.568521813454815,1
59.586114932516146,1
59.60334035662395,15
59.60975651830352,23
59.63418338529423,21
59.6494947380545,2
59.65147995596206,4
59.654527172423364,7
59.65899213455309,15
59.66054837884288,1
59.671046241865525,6
59.67436385869447,14
59.6885773999307,1
59.69783473564989,1
59.70490192804725,4
59.70912911392174,2
59.709491538478375,26
59.73728610579136,14
59.7411585782056,1
59.74155131504721,26
59.74599009629898,15
59.74734688456174,28
59.74837238777883,15
59.75265638455054,9
59.75639458831112,1
59.75829463232049,23
59.783082320879316,15
59.802539458518744,17
59.81128279693417,3
59.811919639507195,10
59.81527088662939,1
59.819187633645946,17
59.82726557037123,1
59.83155074319733,2
59.833499885506946,10
59.83667279201424,10
59.844847963889926,3
59.855445459576956,2
59.870901573437756,17
59.87653287944958,1
59.87829976065682,3
59.89743584290481,1
59.907676918941675,3
59.91809258031776,9
59.91860254576862,17
59.9210520857282,1
59.925400588102725,3
59.926815922163726,23
59.92765208221453,6
59.9277060089747,3
59.92887543064024,1
59.95203151728078,2
59.9820475875529,7
59.9940754456627,23
60.01326036863621,7
60.02043750007292,1
60.02237070895592,3
60.044440326320746,15
60.048577086038925,26
60.052255097147146,8
60.06415991277915,1
60.08307659156586,5
60.08571864899977,3
60.08800780008456,24
60.100120328831,3
60.10502242032461,5
60.13399979860229,3
60.139973103880884,8
60.161350505641174,17
60.17413112684832,5
60.17785436427363,3
60.19465027365811,5
60.208713628356335,9
60.23391689445129,17
60.24597487894055,4
60.26259191830261,4
60.263061069557395,5
60.27304710964703,3
60.28537215706954,2
60.29435588183111,7
60.30670173765851,4
60.30873868139608,14
60.3118195207117,2
60.317701160005505,13
60.348228056949424,4
60.3763706839288,22
60.38213473854331,12
60.38879427492487,5
60.39139394982123,2
60.39257284100739,13
60.392581286218,28
60.39293969456043,11
60.395423007105634,7
60.411771419223285,13
60.41325969801313,13
60.42146966190059,28
60.43462289358434,3
60.44226005255668,1
60.45163066896624,7
60.47204633332249,3
60.47318715258055,8
60.488366167952115,5
60.49285841850055,3
60.51017342213734,1
60.52848642905453,19
60.5419761532114,5
60.54378229373229,12
60.545410828013914,5
60.55231052916912,2
60.561394109198574,1
60.56353758665442,7
60.56703968403729,11
60.584624565924166,26
60.58977998096253,24
60.6012392127405,2
60.60800803102823,13
60.60849808282656,7
60.609665744214404,7
60.61292243204591,9
60.62042833801552,4
60.62207117974887,27
60.6307477110304,24
60.64250515905858,8
60.655498194255884,11
60.65742830177185,9
60.66626876963706,4
60.67236377952968,3
60.679178862396746,2
60.685818641283234,2
60.700649907154,5
60.70145574184995,5
60.71120164614384,7
60.71414392253339,24
60.71801472576185,6
60.74126545615783,2
60.744880097306705,1
60.757037970077754,3
60.76290173587457,1
60.78597176954224,14
60.793314028750174,1
60.799371360880244,6
60.832172556344695,2
60.84088848428197,4
60.846938326409735,1
60.84765149288739,18
60.84867966183112,2
60.85119188636467,15
60.857634088279056,8
60.8582203527283,1
60.85938412802708,18
60.85988095371393,1
60.86103198733231,19
60.86631459251694,15
60.86910666490924,1
60.87413181367631,8
60.87960373814819,3
60.887372624250595,1
60.89085569655897,1
60.89505508485592,27
60.90843008649298,20
60.94071903804761,12
60.94918933025699,3
60.952288463658476,5
60.961487050429355,14
60.967564616723195,3
60.97062579134423,1
60.99453055373216,23
61.00068904396557,7
61.00942451168159,3
61.0120894903017,7
61.029815957439034,3
61.03653351568409,1
61.037508553088706,4
61.068330535244606,1
61.076946131961755,24
61.08766553581394,1
61.095668927709625,15
61.10381225196632,21
61.10868879362714,22
61.11847333420197,1
61.12761845426335,3
61.12893715741795,23
61.131049208157926,11
61.14444042255849,1
61.1478003814259,5
61.16105860956584,9
61.163463730494655,3
61.16385074106863,1
61.16979347153999,11
61.20908120353464,1
61.21129585331513,15
61.21344479355105,8
61.21867974710994,1
61.21888039085504,17
61.22445838209759,1
61.2449273348199,23
61.25225037653289,18
61.25690517660941,8
61.25826645826271,14
61.28425377793792,11
61.311226052636066,25
61.31553322039666,3
61.31860903235017,15
61.330125983851275,2
61.35545621112418,14
61.37078105772249,4
61.371413677293695,25
61.374603387701015,28
61.37808948049825,13
61.38797602220882,4
61.424085533143234,5
61.43970936624652,1
61.45940131147583,2
61.48799177820211,14
61.49183027850547,9
61.496697662837896,4
61.50241967543085,2
61.51562579102005,3
61.51621322466042,1
61.52248468350996,4
61.526761372071306,8
61.52733851168761,1
61.548403678946514,11
61.55732009505742,12
61.56264698667188,1
61.56783300661789,1
61.57472545088587,11
61.586280889147815,3
61.586665938969546,4
61.624671044762074,23
61.63155708552046,8
61.64404690610848,20
61.659875914157425,5
61.66593244270975,3
61.67077624433779,12
61.70457881502162,20
61.705445728836196,1
61.71198142578586,4
61.71994931316592,2
61.7409585571665,7
61.75851282612398,27
61.75907697450497,2
61.766297374895004,1
61.772670339559,3
61.79230464556344,1
61.79446416928166,16
61.7980331403618,2
61.80447474910865,3
61.8063114227655,3
61.83473742158043,6
61.87971803007595,22
61.881733286398635,16
61.88803134414777,28
61.900669361339,1
61.9011963041956,2
61.91424439984883,1
61.91633349115417,15
61.91656008170843,5
61.91804110319696,4
61.92759510516889,16
61.92787744091146,2
61.9279860289445,22
61.94273012276246,7
61.94856871953784,4
61.95524689421513,22
61.97777198789368,9
61.98200526155292,27
62.009084917043545,5
62.016475096800804,26
62.0198732016899,4
62.021476855281215,2
62.03050234552547,4
62.03391172399901,1
62.10397794118034,1
62.113078189474486,5
62.11484837972479,2
62.12238331815441,1
62.12640119142456,27
62.13021873842258,1
62.16082719294971,8
62.165157818348845,1
62.190698490211716,26
62.208451506040745,1
62.20947573682872,7
62.244107830395116,2
62.244261565583066,12
62.2506885187535,29
62.264907019272975,26
62.268563244949135,7
62.27690152442078,1
62.28252321774976,19
62.32353457446486,9
62.33104117672064,7
62.33384992824151,6
62.346791012714014,9
62.397399207300246,15
62.402501614710566,19
62.40456021240712,3
62.40990810715381,16
62.41614211237912,16
62.42344948936591,3
62.43294439772318,2
62.45132344204637,6
62.45414378104352,1
62.4575001226357,6
62.469109998016066,16
62.47567391337185,8
62.5136716313434,1
62.535988416808756,20
62.54546156504547,13
62.55531852239999,1
62.5605687194254,4
62.56748368112935,2
62.59029725616685,26
62.628914722057054,20
62.63216354052535,22
62.63705071629898,5
62.67592230922158,7
62.68037651870351,2
62.69377905854334,1
62.70916787516415,4
62.70975266798602,3
62.71479859542784,3
62.722618471829435,7
62.72509391900824,28
62.729388837380164,5
62.735534897365,28
62.745518802515484,11
62.748737144152464,9
62.76339351471205,11
62.76447608509451,8
62.7652493857002,2
62.78095840352576,28
62.80252964760715,19
62.8028917608458,2
62.81013816403897,26
62.81182744029666,2
62.81271507162847,9
62.81774500711075,1
62.827014115643564,2
62.83104948364517,4
62.8338848958252,26
62.848262516319906,3
62.851165068723475,28
62.85703692534409,16
62.893712095431695,1
62.89701156134974,2
62.901559963934545,15
62.90998089820809,19
62.93335377159793,11
62.93870642359863,16
62.94321540822678,12
62.943971196214356,4
62.944089995202795,12
62.94889624172398,3
62.96639451368864,3
62.986550754747974,13
62.99371327899367,28
63.008034934418376,11
63.011136900534034,12
63.022582778208815,1
63.05264614248417,8
63.06971986536433,5
63.07366581179891,8
63.07865968332476,8
63.10571266244444,6
63.11806296724454,2
63.118713691413255,3
63.12710596495265,5
63.12959526024585,3
63.13830323052079,5
63.14201506280841,24
63.14379463728408,12
63.168966165237606,15
63.1703695916969,15
63.190997351578154,10
63.19251538817561,8
63.215075141968754,24
63.22817200236938,7
63.23591395661618,10
63.23635623579221,5
63.23743043041135,7
63.24180911018212,12
63.24362141214061,1
63.263684993083494,1
63.265084511310356,7
63.29172607937781,5
63.29976489606469,10
63.30120745105618,18
63.32709964312174,1
63.3397336230976,1
63.34126838351454,1
63.34510151031642,4
63.34898183679659,9
63.38591212912958,12
63.4092899039382,1
63.410844867823094,2
63.42819716469356,3
63.44151930931814,2
63.520953807094386,24
63.525301766732014,12
63.5256335071031,18
63.54281330832372,28
63.59170951949952,18
63.592617429091476,2
63.6065982328226,1
63.62065264030078,28
63.63485110461547,5
63.667758620867836,3
63.66831426686875,12
63.69218115341571,1
63.70059880021454,5
63.70822986829422,10
63.74445141561648,5
63.749610265469364,1
63.7599122072631,3
63.80972111873637,3
63.818800717667465,11
63.83485668797207,2
63.85248864862222,1
63.857828262802556,1
63.872844072049524,20
63.88570712527029,3
63.91706756466678,5
63.92555399419973,11
63.92669595287191,2
63.951250504329344,19
63.959084296230735,2
63.98915238164983,2
64.0006828724868,23
64.0022351159757,15
64.02705488269483,2
64.02778045469971,5
64.0547218599763,7
64.06083428197836,14
64.06223279158846,2
64.07498489670763,1
64.07803676868923,8
64.07889614047413,1
64.10576503993872,8
64.10650430979585,14
64.13169617797213,3
64.13754325221647,2
64.15096476789418,13
64.15136468758477,8
64.16593612807596,11
64.18606046334118,3
64.18949976938913,1
64.19151214042603,20
64.2083515922108,13
64.2576215187019,1
64.27257294063581,17
64.27426396985041,9
64.2873610205224,12
64.31045184945538,1
64.33786867413512,19
64.35895028855138,10
64.36413155758744,26
64.36993367703393,9
64.37045723078093,1
64.38381116846837,1
64.40303977591,6
64.40719666434447,2
64.44537530545774,15
64.44780549402071,23
64.45864355090926,10
64.46112271394253,1
64.4652700304547,6
64.48327632717978,14
64.49741890412253,5
64.50324757175677,28
64.51144084505272,3
64.51689496551477,8
64.52380939455993,23
64.5284072780654,22
64.53329414375087,10
64.53502407154218,28
64.57264945212964,27
64.57559627903234,25
64.5852167884224,3
64.60326469360582,3
64.60660836801371,1
64.60817400353967,4
64.60994729910257,1
64.63542012554049,10
64.63767019947436,3
64.6412107477796,1
64.6428674648433,18
64.68439026483091,10
64.69149166139941,11
64.70402794911676,9
64.72273975026,1
64.72779925304181,22
64.73775077081324,18
64.75156827376459,10
64.83015677862379,12
64.83313159791523,28
64.85181815363863,11
64.92267882714317,16
64.92739950024928,16
64.92931495429292,4
64.97010907537869,5
64.98708075110903,3
64.99692059834027,11
65.02149907600585,25
65.06878505478315,21
65.07211195268462,2
65.09528283228265,2
65.09649433236441,10
65.13881570847683,2
65.16117918524603,1
65.18351895624059,9
65.19182030285603,2
65.19461051584437,2
65.22521620015311,4
65.24397893209886,1
65.260127448827,23
65.26043211596206,18
65.26604446003319,2
65.39725201785338,11
65.40287637046296,23
65.46436090071175,1
65.47725377583257,1
65.506556368447,27
65.5769592223899,3
65.58031569200978,2
65.58229777040663,4
65.61409688972745,3
65.6158441870402,9
65.69107401049146,1
65.701353556742,3
65.78326610496228,2
65.81657313156204,1
65.81798727694556,8
65.82048465683052,6
65.87194064940216,5
65.90827444870878,13
65.9326055306314,3
65.93639039693025,1
65.95648645161499,8
65.96540358965517,29
65.98063230886353,17
65.9934654362261,16
66.0047697287933,21
66.03193534944855,9
66.04788604094075,4
66.0779228702586,1
66.08265134101987,21
66.08316176611599,16
66.09135394070931,13
66.09857759614331,6
66.11031405664917,26
66.1157198251962,20
66.1739144874239,15
66.1899759862967,1
66.19476490592272,8
66.19538729636871,6
66.21413598324438,26
66.21436771274357,13
66.2313624005801,13
66.24949144784243,17
66.25773883994856,2
66.2853698523927,9
66.29380982507236,4
66.349226803823,20
66.35864582505666,5
66.39356818197354,17
66.4147924770338,9
66.42205953194089,29
66.43620585351773,6
66.45707682658973,23
66.48376798149386,5
66.53557089913208,8
66.57657504893466,2
66.59861417038685,2
66.6189411334828,6
66.69946186935935,26
66.71295929501949,10
66.73816096267227,1
66.76415526889265,1
66.77985585723039,5
66.81241350810349,2
66.86285867637814,4
66.86892400335829,12
66.95708952271428,1
66.97561915419806,1
67.00053496297619,11
67.14369487457934,8
67.15542800487576,27
67.15948227655541,10
67.16620268688764,13
67.1760628437916,11
67.22863150391241,22
67.26225031590761,8
67.26514987041877,2
67.27938312946532,4
67.43634077247313,11
67.48398585546207,2
67.49264153874573,4
67.50464703773432,1
67.51436489092278,27
67.59143481915223,3
67.60679037875653,11
67.60705232997672,18
67.64902038344387,1
67.65488208213905,9
67.71263603949028,9
67.71434458602305,4
67.72810153792341,17
67.78285586349064,25
67.80203400779281,15
67.82163489861315,9
67.84653733990599,23
67.9325325527414,25
67.9360156949983,16
68.00252267567195,17
68.01112234264382,2
68.08395891472175,1
68.2015273264501,7
68.20787486612839,10
68.24140963037287,16
68.24208101336201,1
68.36872131998554,1
68.37484837833318,24
68.4080712090204,18
68.45173745351983,7
68.45227196887713,6
68.47687475904856,11
68.47987782190626,15
68.50791550486002,24
68.53459678583553,10
68.54111138849967,21
68.54873418694412,1
68.58701751050373,6
68.71963957447385,9
68.72273456336772,17
68.7346753971982,28
68.80438470803755,5
68.8330732854146,1
68.8908480293178,7
68.89673740787232,1
68.92950102397907,19
68.95199871898316,1
69.03273148040574,2
69.03671494018047,1
69.12376072059162,1
69.17742936837962,3
69.21872807513599,19
69.28474347928625,10
69.29609029328401,13
69.30755673954752,1
69.39588896804332,8
69.48238834085893,4
69.4882579084752,12
69.49583271598452,1
69.55729721290568,17
69.58789717137537,1
69.70745340235034,26
69.73898044838049,4
69.77260766241295,6
69.85539182388557,6
69.88355365384334,18
69.96641844494495,3
69.98933964784506,8
70.01941138706479,16
70.03152001633848,6
70.06117935973926,1
70.07929669889695,26
70.09146985423786,1
70.10771428126029,3
70.13529067317214,3
70.1368912940069,7
70.1720213012162,5
70.19177221442439,4
70.34274168082086,1
70.35622028227154,5
70.36881672726037,2
70.43318922177673,1
70.48913544988669,15
70.51377164578334,8
70.5325576122601,14
70.5429836653146,19
70.54542512250715,21
70.55546966999371,1
70.57524289778921,3
70.6336274866602,1
70.74143159773571,6
70.75043217259083,2
70.75434618004758,28
70.88613578894713,24
70.9078312913125,2
70.94402876066594,10
70.99982179238445,6
71.20824805490933,11
71.2225091491813,1
71.22498397259976,29
71.22516584700179,16
71.30025261633214,3
71.33331741094933,2
71.34092956169263,14
71.36281893683612,1
71.39884316642232,29
71.39968844938579,4
71.40470418347414,10
71.53043508158626,5
71.6057666007824,1
71.62667516324716,16
71.72389940919086,6
71.73248108877198,9
71.76363693467738,8
71.89991483594035,5
71.9361704476713,1
71.93857988066303,1
71.94826047186305,13
72.01172754510806,18
72.01855242154707,3
72.02640011044345,4
72.03976154362087,6
72.0534775374852,28
72.0778949668444,13
72.08058048526146,1
72.08773683767197,1
72.13360934708075,6
72.21808433132311,7
72.25300221309823,2
72.26173652086838,8
72.27963799346192,1
72.29063479674072,1
72.45428706362354,6
72.52983675815335,3
72.60198404151338,1
72.60875562412839,10
72.66429070072427,25
72.73515225576661,1
72.78973618081949,19
72.80265607853214,1
72.81352938212248,4
72.8697702848925,10
72.98657416397461,1
73.0350190978431,2
73.17106483532524,4
73.18993922566547,6
73.1923509096741,4
73.19838677468485,15
73.21818961169238,1
73.29267637692642,4
73.31355164249754,4
73.32105315117919,12
73.39422007619217,3
73.40384384182458,9
73.40893817245608,28
73.41483148838363,4
73.48392075882937,23
73.52317166402406,1
73.55980628082294,19
73.58136487618178,9
73.62813620840599,20
73.67565594944824,24
73.77683736676586,7
73.78131139175699,14
73.84186547204688,1
73.8836424361375,13
73.95498095343389,5
73.95899200314766,3
73.96750170731511,7
73.96831375433506,7
73.99107118771516,11
74.03403458860727,2
74.11430947347208,19
74.11998108450857,28
74.1275036572928,6
74.20911369608751,1
74.38431173540152,10
74.40002660011837,2
74.41875902936717,1
74.53326662173154,8
74.56765286593124,2
74.61317484140659,19
74.63263508479666,18
74.64192943806682,15
74.67735669129968,2
74.73079514475913,20
74.76661882770894,2
74.79065719499494,5
74.93481567721523,4
74.94128411449313,3
75.06845335150663,21
75.1526656998323,1
75.17047095737938,3
75.22365469079989,5
75.28639739783492,15
75.31353889582113,3
75.33318852729292,4
75.35702303610829,7
75.37562609373997,3
75.44274825072783,11
75.47271801041802,2
75.48535114747811,13
75.5942538567066,10
75.6285290426245,9
75.62970947566055,3
75.65798346257095,3
75.68922469130791,2
75.69257979655652,4
75.81140391919192,1
75.83594320798204,13
75.83743442783069,6
75.86751142111163,14
75.87832745463584,2
75.88547263163822,4
75.90940857422923,2
75.92245169311376,10
75.96247867424677,4
76.02943288881164,2
76.0323336804781,8
76.18182586487393,1
76.22838173320397,1
76.2557335013224,24
76.28718816445092,4
76.41581020006188,5
76.44436526590252,11
76.55053686826615,5
76.55296416637286,5
76.56290054557073,8
76.58485736500958,1
76.60075769250513,18
76.6259585715329,3
76.66507792164757,5
76.76296635891623,2
76.8488525427708,14
76.85025795938608,27
76.91168464844091,9
76.98819172918436,1
77.01414069747821,5
77.02384259840456,7
77.05772096812247,2
77.10396280242205,27
77.13215609365983,4
77.13527063554452,12
77.18206723418199,2
77.33876068965199,3
77.36142617681588,20
77.38046408291399,21
77.41814663808918,21
77.42554835656045,22
77.4275509090574,2
77.44051691915938,6
77.45276779209202,1
77.54423950664606,20
77.5581275970786,2
77.57422581962338,4
77.59184192293151,15
77.67033284113828,29
77.69244636143951,1
77.71206575087847,20
77.72157304671056,1
77.7394531178966,15
77.83124766384714,8
77.84084860731853,25
77.88008057843658,6
77.94521655149734,7
77.990276097209,1
78.01444626634603,7
78.01848273995171,8
78.02785205847341,13
78.02848731459513,8
78.02947398954122,27
78.05261768166234,1
78.07232753487959,19
78.09614233788517,5
78.26652998900387,23
78.27766439071596,9
78.28377513200584,27
78.29874322898789,3
78.29994710503833,11
78.30879003558734,2
78.39394520316449,1
78.44113662112187,1
78.46282666157104,15
78.53890799028079,18
78.56857768432084,27
78.59728307864802,2
78.63158296195877,6
78.7020614117774,7
78.70541725368163,8
78.70907224545073,9
78.72680784149986,2
78.72707894506028,26
78.74522611187626,4
78.75817889540187,9
78.791682976289,8
78.80111921066616,2
78.81515405795949,1
78.90467681473949,1
78.91680722018432,16
78.92333612118246,1
78.92917839185468,1
78.94589531931713,17
78.94819074085414,23
78.98642931737943,1
79.03605482231741,1
79.06540446585318,19
79.10421165946934,6
79.14473241686488,19
79.15138203346471,28
79.18392142245882,2
79.1881382541676,16
79.1940642344024,1
79.199210990915,6
79.36184082393704,18
79.36244854964083,19
79.37344359884521,22
79.39296509779827,1
79.45566194232777,2
79.45752812106728,21
79.48385782722212,9
79.49845092628195,17
79.50338616268385,22
79.58415581184346,6
79.59143897598751,7
79.59353314729042,1
79.60977640509263,3
79.62330351280428,8
79.64036735417807,15
79.64056410365728,3
79.66935011540858,14
79.67059810133476,1
79.7418291804541,3
79.7480525809223,8
79.75265024538034,3
79.7564553190913,7
79.78344510284896,4
79.79443565353782,1
79.81297886744518,21
79.81480897968271,12
79.81662319724374,3
79.87313173509453,4
79.88012351247728,21
79.89873981073512,14
79.96149340498812,11
79.96346969175791,5
79.97498599606158,2
79.97608270940037,5
80.01009132317736,4
80.01785711068254,14
80.05947652227151,2
80.08911706324865,2
80.09178355962801,8
80.14584042471111,8
80.16194482768437,17
80.1715440309224,1
80.18712170237143,7
80.1900194870948,3
80.24782132545657,8
80.29007954500732,2
80.31982636037773,1
80.32058480233081,2
80.34729386652552,6
80.35675620375633,1
80.38307126640225,6
80.39363850506453,17
80.40938101271601,17
80.41318019674593,2
80.4369759007682,12
80.45326836457757,1
80.46389829722548,6
80.48579395375519,3
80.5060935708011,8
80.5531713537887,5
80.5549273986916,16
80.58269515741347,22
80.59604978852283,6
80.6021321689356,22
80.6124429715123,11
80.65655695851429,1
80.69440345995037,3
80.73283924994136,2
80.73658441788685,2
80.74689755894731,1
80.75424916076544,8
80.76092142948853,1
80.77198647056005,14
80.78004968582573,14
80.82240845712808,14
80.82998371472081,1
80.83307483158917,17
80.84102247163844,1
80.84631566668179,20
80.84895643180434,2
80.86773109589207,14
80.88282781288758,10
80.89676211330294,20
80.9016841079399,12
80.90854004221622,4
80.90884078625714,7
80.91685876997258,16
80.91825388894779,11
80.92279044150749,7
80.95279222856853,12
80.9775889129953,3
80.99741443952969,3
81.02756857365416,14
81.04292107876827,3
81.05153507271095,17
81.06263966664785,7
81.1105479516845,22
81.12991303229136,2
81.13176190657704,14
81.1537477462787,20
81.1845589010118,1
81.19403012746024,2
81.20418359940808,15
81.21024181657097,18
81.21162274596438,8
81.2214332627409,3
81.22308188521461,27
81.22473099699788,2
81.25361303296975,2
81.26435912501113,3
81.31158719788007,7
81.31462270801906,1
81.36437611621866,25
81.36903934430691,1
81.37225416178374,20
81.38671384385543,29
81.39779091618946,7
81.41717832782332,29
81.41848672145473,2
81.4273943162841,3
81.44124694261484,1
81.44277830229949,18
81.45288740928146,29
81.46724478940425,2
81.4729461289182,1
81.47587889526125,3
81.48153324863401,23
81.50802283965179,2
81.56989283258434,3
81.60525692848236,20
81.60723283131603,1
81.62391037793782,2
81.63315535679006,5
81.65508893811607,1
81.72936684916614,3
81.73646767690323,6
81.74710419412534,13
81.75323610134794,25
81.78675389097182,19
81.81300549036403,18
81.82579408140441,4
81.83156712946703,5
81.83764529409511,27
81.8430034289523,25
81.8489768500226,7
81.85061828718119,1
81.85155329496068,5
81.85549161645989,16
81.86451557435336,4
81.88586273047935,3
81.8922866651402,1
81.91579473018021,16
81.91599802137068,5
81.92621310170321,2
81.92841962005704,20
81.97080910465051,6
81.99014593157062,28
82.00159740174858,2
82.03661014327649,2
82.05381687764314,11
82.05629108595667,24
82.0616370736197,6
82.06259625552215,23
82.06996710159616,1
82.09406329734028,9
82.09874168713391,27
82.10051919046185,1
82.12571851639359,1
82.12703580419215,2
82.15152939184031,5
82.15700149785417,9
82.16628349025608,2
82.16703865579323,23
82.19423202981449,1
82.20959563206223,9
82.21359039941672,23
82.21683526471726,1
82.22696163041812,26
82.25108597089623,7
82.25189765082938,1
82.25552425608537,1
82.26052766668093,26
82.26917520405314,1
82.27617545241198,3
82.28585259058775,5
82.30520562164618,2
82.30734040193667,2
82.32192807762206,2
82.33642360546077,1
82.34027638354937,25
82.34649113701005,2
82.37310280099639,1
82.37748535837758,5
82.38453032175096,24
82.40732725602611,6
82.41208831827541,17
82.43437142546864,3
82.434407356832,1
82.43978074638386,2
82.44233928849138,10
82.442716754594,1
82.4457007606852,17
82.44827359660376,6
82.46695016866676,28
82.47220718064376,2
82.47439326961353,1
82.47776285186693,1
82.48241830870404,9
82.50599709467801,25
82.51116205861166,2
82.51164504257221,9
82.5197574022545,4
82.52014942286131,12
82.53032225047534,3
82.54018353931048,4
82.54113501598731,2
82.54247053030299,5
82.57104343990464,15
82.57472907728695,3
82.58138081685071,20
82.5975013468134,1
82.60826538533145,15
82.61630103549159,2
82.6177114437819,1
82.63828595682595,3
82.65168220694224,5
82.65782891042343,18
82.65789705063308,7
82.66216438481864,12
82.67298098326961,7
82.70281514997683,26
82.707675534646,3
82.71745636277998,19
82.7187420880375,7
82.72301791148917,5
82.73328410678536,9
82.73539000245266,4
82.73598424210408,5
82.74349232864483,18
82.75659060882059,1
82.77056331238771,7
82.77260496425046,18
82.79843021346123,4
82.81586964111789,5
82.81927226092327,1
82.825262517205,25
82.8255595132275,2
82.82815078188614,24
82.82896982701193,11
82.83712449159766,3
82.85992493472894,1
82.86903829145609,25
82.87097597798665,15
82.88764943722943,4
82.89168940270048,1
82.89882238915703,2
82.9014029827643,17
82.90409747451548,2
82.90716247922022,20
82.91371684186662,1
82.91629535357119,1
82.92040830475065,7
82.9332548466569,26
82.94907114077407,9
82.96371450653416,1
82.9700345458942,4
83.00864068230202,11
83.01017008116685,8
83.01326730309982,5
83.02144863974468,9
83.0381810388328,5
83.04102525907949,11
83.04815200081234,4
83.06229876544934,1
83.07187666939022,4
83.09673787456794,1
83.10876497572377,6
83.11087543852929,7
83.13022473700985,4
83.15460835737984,6
83.16066539513845,17
83.16183321075982,22
83.16443006298462,25
83.18655583399165,11
83.19326862253861,1
83.2070399392933,1
83.21542520894738,1
83.22170411264172,22
83.22354629785788,5
83.22768758605716,1
83.23658375850898,1
83.24296588943925,10
83.25073599163939,14
83.25814071062078,15
83.26186065909451,6
83.26701779123421,1
83.27651447946872,1
83.28615914926797,3
83.29491333668948,1
83.29572759896695,12
83.31902754350409,3
83.3202598141275,18
83.32839664135949,2
83.32880111336893,1
83.34877834855723,26
83.35081363429035,12
83.35941350551475,1
83.36215738442613,2
83.36241599387182,4
83.38170288446281,23
83.39321379335438,2
83.39794774163688,23
83.40451896631824,1
83.4192415049091,8
83.42987729025977,4
83.45132820192586,7
83.45250454999318,4
83.47155270240866,1
83.4774693800584,3
83.48040036017744,2
83.50649964071584,11
83.5120483736861,6
83.5136373372442,20
83.52568218213752,1
83.53451476673996,1
83.54443520786276,1
83.57057318327568,2
83.58392395368297,13
83.60820881257253,2
83.62074992636025,9
83.6259842800868,1
83.63912526107512,22
83.66844181822928,2
83.67125667776807,6
83.68670785205882,3
83.69223798965088,13
83.70000098201619,9
83.70472324350294,12
83.71544476409483,20
83.71592076436679,2
83.72138809553958,6
83.72385637235374,13
83.74328741280262,14
83.7475248851035,5
83.74843252922565,15
83.79112418937027,6
83.79322937354604,4
83.7955988896684,15
83.80908528633526,24
83.81139021884415,4
83.81938354906576,15
83.8255879910382,7
83.83385697176665,6
83.83978682150006,17
83.84151391607219,1
83.84845793774574,24
83.86138713832442,4
83.88757107547946,6
83.88886620736581,25
83.88992872330765,17
83.89173255577843,4
83.89432387133934,16
83.89862061771422,1
83.9040397898982,6
83.90680439965833,9
83.90822295402154,13
83.91564010623121,23
83.94032200964536,2
83.96628305894289,1
83.96753701236825,22
83.97073655834468,20
84.00253739065742,25
84.00357342407946,1
84.00846705967247,1
84.01365909512174,3
84.02063688234217,9
84.02633814521371,11
84.04439237728988,25
84.04945278261134,23
84.06466881982973,7
84.06580289533835,1
84.06877936193563,20
84.07859706954947,17
84.0801780647928,23
84.09724959454928,23
84.09999090667962,7
84.10342915716045,1
84.1038900581874,13
84.10428911360601,2
84.10951688686366,11
84.11139546615527,17
84.11139903804984,2
84.11213335080123,6
84.11647475828809,3
84.12037477783069,10
84.1499211585168,11
84.15013213362931,21
84.15513631626395,1
84.15832855797694,9
84.17096796991899,1
84.17848578844773,9
84.1798334318128,6
84.18190715782099,2
84.18891438883648,19
84.21530774655332,9
84.22672128179008,1
84.2274446787145,1
84.23349194004874,1
84.26760564542954,3
84.2735651243002,1
84.28266038371146,2
84.28767904237345,1
84.30718828718328,18
84.32905622992722,1
84.3322104328192,1
84.34611828343449,7
84.37655965801623,3
84.37979135932734,29
84.38040591176522,10
84.38076442717339,26
84.38599415566824,7
84.38852005044511,12
84.39441091268088,3
84.39504115599618,2
84.39696869981509,2
84.40896002116985,2
84.41658866751857,25
84.43429956669132,3
84.44084830476868,1
84.44323822459579,10
84.44604077088482,25
84.45287846931491,2
84.45740352442623,6
84.46801970061017,2
84.47446730765796,5
84.47991374342577,25
84.49092215955662,1
84.49450956766783,7
84.50066901936447,15
84.50232617742938,25
84.54001745560562,5
84.54199319311292,12
84.56073551523546,7
84.56618429269162,5
84.58325473783955,6
84.58746748180164,2
84.59527370347699,11
84.61613346208424,1
84.62519482814018,1
84.63357050281961,5
84.63431159837927,4
84.6410867322495,1
84.64912504295795,1
84.65422724684777,7
84.69360596417981,3
84.70415573699253,28
84.70505920332954,4
84.70812050183277,1
84.7176485961511,1
84.73274777015135,2
84.73974113071134,1
84.74031956088876,11
84.76082510314588,1
84.76344428273282,8
84.77413195706883,3
84.77885772445894,11
84.78108629295907,1
84.81327284511543,11
84.82158189914854,5
84.82662961060758,18
84.82931207071518,7
84.83538827470517,1
84.83871558973179,13
84.83953801271001,12
84.84153815846385,4
84.84607030898401,3
84.85187180878896,7
84.85284365448291,11
84.85623944966379,2
84.86628606936247,2
84.87194034530701,1
84.87410792247532,2
84.89494846318411,2
84.89732165645005,10
84.89857469163557,1
84.89929296310866,2
84.90880977501789,12
84.9126285764554,2
84.9201315963173,1
84.92982196613548,5
84.93690717865765,9
84.93978244783597,29
84.95869551143552,4
84.96734033338537,2
84.96969884797355,1
84.97573472369585,23
84.97996841067534,4
84.98421842021932,18
84.98869589274031,9
84.99843710245682,17
85.00220553098193,20
85.00256813222506,4
85.00923264365584,11
85.0156088229176,18
85.01572804010522,5
85.03477155044898,1
85.03867526691411,6
85.04405705945665,11
85.04886514393162,27
85.05394831047646,17
85.06246142321403,4
85.06354030677316,8
85.06736719266715,6
85.08576554538114,1
85.08652704677183,2
85.10425718181618,7
85.11458788758286,1
85.13133154725922,7
85.13263446966367,4
85.1600604014225,9
85.16378104983804,18
85.18884019185215,7
85.23972327437136,1
85.23993942428396,18
85.24884277463582,2
85.25202544764977,1
85.26668553593225,6
85.27106291973105,13
85.27886845824737,9
85.28303454600078,7
85.29140683209296,2
85.30114358057224,1
85.30400521495703,2
85.3052155955524,19
85.31182594916727,16
85.323350334822,4
85.3274782565273,2
85.33225818379134,8
85.3328619617826,1
85.3761596349414,19
85.37661871492283,2
85.39113801685686,12
85.4081599894578,4
85.43622548264327,5
85.44670845936376,5
85.45634460010956,6
85.45836945832637,17
85.46565568445611,11
85.47855242824019,4
85.47972111107154,6
85.49210586306157,24
85.51394300883847,18
85.51449620034231,3
85.51487089082835,1
85.52249193711236,1
85.53587915733674,8
85.53768405555434,23
85.54993595517092,18
85.56190527440118,4
85.57282864096221,1
85.57284125904894,11
85.58034938486796,13
85.58565894450496,1
85.59291399153759,19
85.59501225136562,22
85.60771706351721,29
85.60894999923873,11
85.61126684572102,29
85.61138371883743,11
85.61463847901112,8
85.6165567318991,3
85.63968783399294,2
85.65066788633348,3
85.66038282601211,3
85.66273689768414,22
85.66469252313514,8
85.66971730186293,5
85.67251271063559,14
85.67635292024447,5
85.71162732784076,8
85.73133468234809,12
85.73304721797032,10
85.74026044538681,5
85.76235386463058,14
85.7856155033129,5
85.7923759524545,3
85.80170282148342,11
85.84322589464898,3
85.84368133481175,1
85.85359929529152,5
85.85384518600377,5
85.85795977545133,1
85.86106141459068,6
85.87295809981397,3
85.87523570079061,8
85.8791637626713,1
85.87992895807763,17
85.88070541963668,14
85.8949565534675,11
85.90784356036613,10
85.91448476773712,9
85.9148859309992,6
85.93031651388787,17
85.93486348591371,10
85.93820518507766,20
85.95034874244585,15
85.9546675963426,21
85.96316557137705,6
85.97091275473726,14
85.97982667041983,1
86.01442723650206,25
86.01499827499919,15
86.02284729299834,6
86.03278199672525,15
86.03380722192418,3
86.04814705479808,19
86.05196724155908,21
86.05275242434652,8
86.05585345959072,11
86.08460504314836,12
86.09022587138747,3
86.0946570916729,29
86.09807235894806,10
86.11269405505557,1
86.11732307481181,7
86.1176560041126,7
86.13280634898207,1
86.15224054373653,2
86.15708658385851,1
86.16337955297104,1
86.19612204313675,24
86.19881909003746,28
86.20474560674833,24
86.21337766369965,14
86.21343506592314,1
86.2384107180449,4
86.23949643684206,7
86.26864894664824,1
86.27673867684926,24
86.27674721079654,1
86.29469921626736,23
86.30558458185429,11
86.30812419740919,9
86.30901407897935,13
86.31095813513164,5
86.314851151229,1
86.3247935538435,3
86.33952399698953,11
86.35136872166972,12
86.3532518283301,4
86.35475145151838,14
86.35785636490576,21
86.36118040299725,2
86.38552168423129,1
86.39597529135823,13
86.40144231411928,9
86.41330499802245,14
86.41696862840034,1
86.4222110422061,6
86.43623761091267,2
86.44989791353798,3
86.45425027631507,3
86.45453987876962,22
86.47259784845168,5
86.48073055697782,21
86.48107968986193,2
86.48122572618117,6
86.5135201630435,24
86.51821056121096,8
86.51848755452718,2
86.52741847839538,10
86.53371127215969,1
86.54831587769657,1
86.57945034388545,2
86.58246376168067,8
86.58290069407876,28
86.58438891337481,1
86.58868152673986,13
86.58996524251717,2
86.61184227071263,2
86.61208288685891,1
86.61274534384059,2
86.6191771645521,2
86.627448720482,13
86.65966794084787,8
86.68679405100137,4
86.69183803504023,13
86.6979608916385,20
86.70489869327189,3
86.73823974503944,1
86.7478009444662,4
86.75040561131041,21
86.753095220487,13
86.75510306648648,9
86.76219205619456,4
86.77592972935459,8
86.79971167784585,1
86.80650974904808,18
86.8138558694223,18
86.82507631713473,1
86.83310939766689,3
86.83327155983258,8
86.8474091294744,3
86.86589521893909,4
86.8740217321857,2
86.88030500859927,2
86.88204983300876,2
86.88272745879522,9
86.88283750973794,27
86.8873659138218,3
86.88993146481295,2
86.89521113370324,19
86.89531239449339,25
86.8957003573122,7
86.9222640094801,10
86.93166475667347,10
86.93754036044434,1
86.93809070332131,7
86.94543390867446,1
86.97175508860298,7
86.99265817851682,4
86.99551778607997,4
87.00013695576546,6
87.00211759184283,5
87.02176860341872,19
87.02999010749812,6
87.04493380998274,21
87.04858015490036,2
87.05911511674456,6
87.06296051041,1
87.08290826211734,1
87.14251472186524,4
87.16229681821979,21
87.17075726951634,7
87.17741569119283,1
87.17804848123097,11
87.18156315917814,1
87.18318234605454,4
87.18981343671062,12
87.20290431090793,1
87.20537540563133,2
87.24084273089193,20
87.26513425897855,1
87.28394970483328,15
87.30593899580344,3
87.31756040648264,1
87.32146496894292,2
87.33061196033258,3
87.3419229478893,3
87.35022919101819,22
87.36344012102958,4
87.36575414065588,9
87.36771740977161,24
87.38459940708853,26
87.388840712936,9
87.3896891405303,22
87.3904530017264,7
87.41957003655345,18
87.43401442370363,1
87.4361457211375,3
87.46377759083337,5
87.46559383467398,1
87.47759374258892,1
87.48183172988135,22
87.48902656426401,1
87.54258667959827,1
87.55610115998581,6
87.5876835604321,24
87.58992724625426,13
87.60897430762341,2
87.62563541006482,12
87.62884187357905,5
87.63220051215292,16
87.65283328043348,24
87.661041140569,19
87.6824297778566,2
87.6969628541905,3
87.70134967036661,2
87.70305254483019,5
87.70627687796049,1
87.73908170114635,12
87.75666262227567,24
87.75805598852129,3
87.76969290682648,14
87.77596601313272,12
87.7800989824282,19
87.78066222678528,10
87.78892681663764,11
87.79240787334197,5
87.81301672678312,5
87.82646041166007,6
87.85792244081344,19
87.88390453502578,4
87.90678148545561,4
87.91049737518456,2
87.9353825716477,17
87.94599807865998,10
87.95223889398298,1
87.95627662181262,1
87.97895042016604,19
87.98350683953711,2
87.98963336003398,28
88.04173550021535,1
88.04628019325905,5
88.06405962709914,12
88.06561080890755,20
88.06607354208049,1
88.0682544474267,26
88.07107831520905,17
88.0883565130587,5
88.09579185143298,2
88.1018128995606,7
88.1114458303507,2
88.12615951623884,1
88.17000000145762,1
88.2201576055462,3
88.23000424280656,8
88.23896793299154,4
88.2475800825588,2
88.26747687642066,18
88.28499847507295,9
88.28936385155114,4
88.30272903507847,3
88.31286260563259,2
88.31519544793132,11
88.3168966310396,26
88.33339297802283,1
88.35341331966971,4
88.38652785125493,5
88.41719231189062,28
88.43087977484109,23
88.44270661486841,2
88.44405850083162,8
88.45312359994817,29
88.47958870356246,1
88.48731625975756,9
88.51269911859133,23
88.51619207566273,14
88.52697542595479,6
88.55025487679336,27
88.55603884526305,4
88.57334888185457,13
88.5785974226145,1
88.58302337361282,2
88.59507700348206,1
88.61094249113363,27
88.62801806559675,1
88.63337897516752,25
88.63556570590272,2
88.66811901123077,9
88.69253407977467,4
88.75008599937077,1
88.76888056786797,27
88.77719647480473,2
88.78997535853613,2
88.79209465680543,10
88.8122096600549,26
88.8199836845142,3
88.8203568941013,3
88.86256540969612,7
88.86743157191668,1
88.89651817814898,16
88.94475033911252,12
88.94814380560383,3
88.95639662056811,16
88.96514677847597,1
89.02118139236133,6
89.03056055287122,3
89.03868556608484,11
89.0396107103423,2
89.04948815703474,17
89.07871532489033,3
89.09027286407378,6
89.1079359626536,2
89.11385979320569,1
89.13673489818878,1
89.1384782917117,1
89.14138558430254,2
89.23729511198374,2
89.24017199555988,6
89.28914870200983,21
89.29729253632266,1
89.30632135658662,2
89.31366226042968,3
89.32220981656731,2
89.34261240911975,1
89.35819145019249,4
89.36204321132976,4
89.41221440490041,2
89.43217389265189,1
89.43466747964032,2
89.44135912269908,1
89.44451276161827,1
89.470815480561,4
89.48588369094827,7
89.4989572275435,3
89.50592997776606,20
89.53047554202466,1
89.5344623826952,3
89.5769970526998,4
89.59204171375485,1
89.60042542562098,7
89.61719227247002,5
89.62147789109949,8
89.65161114190323,7
89.6535467991612,16
89.67658872782258,1
89.69549412910338,11
89.71916772736925,5
89.71964214665938,3
89.72982180226401,2
89.75109026187623,23
89.76831815802996,24
89.79921172065079,1
89.87376953680958,4
89.89290813791503,2
89.93159754378917,9
90.01010606858675,23
90.05750471623797,1
90.06021176896436,1
90.10319955917328,1
90.15489196292538,3
90.18772630925368,12
90.21686389047157,1
90.2298385979033,8
90.23207665000932,14
90.2548808741606,1
90.27705732971604,4
90.2941889612144,3
90.29502741992734,21
90.41174122362291,8
90.42444414157741,5
90.48429510900883,1
90.48487693065805,27
90.50780833925134,1
90.54586643070105,21
90.55266271450809,19
90.60047163182445,10
90.63182660528706,18
90.63276789631138,2
90.68360867732518,2
90.72426748034854,2
90.72563177459135,3
90.73215447979072,6
90.75013729058608,18
90.77167478169554,1
90.78219939088935,4
90.81322217808616,20
90.82511496748252,20
90.87122155576368,1
90.8942909699773,2
90.93464145844956,1
90.95445189398501,1
91.01398459615916,20
91.09421187526667,5
91.16351945277968,9
91.21125823254005,5
91.26845105793016,5
91.32304999242233,6
91.42394965788336,16
91.44635102456547,7
91.50867848384048,5
91.51589570567732,5
91.64141271333783,17
91.6930713815656,5
91.69431124218436,18
91.73295809631693,19
91.73484306664248,2
91.76450471784624,2
91.77878859246185,1
91.80715837751451,17
91.81364761799082,18
91.818999357457,5
91.82900358882972,15
91.856433519,16
91.87884001462128,1
91.91531930988121,5
91.92178106635725,14
91.94101416621233,4
91.97414108535249,2
91.98130051653136,16
92.01408563671663,6
92.03522407781999,11
92.0424228546301,2
92.11610599449227,28
92.14232559484236,8
92.15807875321761,9
92.16175801401916,26
92.16541442918398,16
92.2143981955106,2
92.26204862110227,5
92.29706528696957,26
92.37413274872608,24
92.40157761453136,7
92.43642297116224,2
92.46061807773575,2
92.46076717571074,4
92.48928547944838,28
92.51315374700837,24
92.53048440247436,1
92.55470814899289,15
92.55669041513674,15
92.59080127569767,8
92.59736984740657,2
92.6092122205818,1
92.60968196567137,1
92.62467505298943,3
92.79745702050575,15
92.80320213194362,8
92.81234010000051,20
92.81506645496697,2
92.94926158465748,1
92.97415527523562,4
93.01684570602663,2
93.03001560180861,4
93.07446352455027,12
93.08278351261167,2
93.11778310227784,1
93.20024285359075,11
93.26552742874267,12
93.27072927016005,25
93.2955416468701,10
93.3020558774786,26
93.32259460968568,27
93.33970831351189,2
93.43886553279697,12
93.5089348368461,2
93.74363683916066,6
93.76880587137093,1
93.7841482912211,2
93.79507297762945,1
93.82084887672619,12
93.91179023216192,10
93.91572959487073,26
93.96264513170198,1
93.96277931487312,24
93.97541645462994,13
94.09480789734404,1
94.15959381083947,2
94.19188546873397,17
94.20084946513053,5
94.2073561082583,2
94.3325280908258,29
94.50466226910801,1
94.5414894700586,3
94.54996901762395,3
94.57509694149627,27
94.59009077991055,13
94.59767321232684,8
94.59769190732132,2
94.71050056944968,10
94.71988411218663,12
94.77691594290845,27
94.79454080889779,26
94.80786399999336,5
94.92562935252248,5
95.01176617976527,1
95.03723489453844,7
95.06288108114602,5
95.06393192081725,11
95.13412273056937,23
95.18074625127868,5
95.18158847552623,16
95.21927848645275,3
95.25538176126614,21
95.26217090880077,21
95.29166850062272,11
95.33255477222947,10
95.40825295690894,6
95.43183912606027,4
95.50736330211424,21
95.53021897472108,23
95.53490019404778,10
95.53934275527713,4
95.56415444352713,1
95.61713939151768,15
95.65909567490728,1
95.74118209343236,10
95.84735981324391,6
95.9470039702732,4
95.9834474663504,22
96.10075674992699,2
96.12849657626357,4
96.15180220715092,2
96.16757515896106,1
96.2596511048054,1
96.31243405658292,1
96.33212093306545,15
96.3467859368283,4
96.44757543645153,5
96.45923313797454,21
96.48881287658581,6
96.55576300524888,19
96.60741073990347,4
96.60785601231403,14
96.71831805602834,7
96.75461522050293,6
96.77442005818007,6
96.82377142884471,13
96.84885128221411,1
96.94020632993865,4
96.9679350976093,2
97.02159117521238,21
97.06869498523949,23
97.09361455483689,1
97.32288948315406,26
97.33500933783264,4
97.48011004046393,1
97.48478108650956,29
97.49276031269645,6
97.50177195914361,1
97.58741544004363,2
97.62938643600627,2
97.71896170637403,11
97.77120489911749,1
97.78244855557507,6
97.8060741502738,17
97.82137982519343,5
97.89357642080513,9
97.93523132311049,4
98.01347376007827,2
98.02778081308287,5
98.06187175373404,1
98.08756546167866,2
98.1436600617761,9
98.15333531874218,2
98.17680402740407,4
98.21540879630234,7
98.24159155863565,1
98.25157703586574,5
98.34471353490343,1
98.36788605622355,7
98.39790738991267,12
98.43349658187712,7
98.44197572944799,17
98.45458274500491,1
98.58203878750452,2
98.61164355966906,3
98.61430261775536,12
98.62095929482174,1
98.65368710655497,17
98.65408452028554,9
98.66238055571493,2
98.67995701614532,3
98.7175871697639,2
98.72146391001534,4
98.7303412283523,2
98.77607012824778,6
98.77658567944891,27
98.81610149696695,5
98.85379592467663,24
98.88977001622268,4
98.9640053548984,2
98.98034685936976,6
98.99309597203181,6
99.05006851567202,13
99.05299108319217,2
99.12123799506028,4
99.16641180895901,19
99.25715640960539,12
99.28769013493866,6
99.37549147043529,3
99.40326748022882,2
99.45997931539429,20
99.47979466412033,4
99.53162827066588,3
99.54130686528745,1
99.55467650513431,2
99.60901530149101,4
99.63309048466124,20
99.79266817194092,1
99.81206728104867,8
99.81574104709783,4
99.85143234386642,1
99.87341817672814,6
99.90162310435811,1
99.90789244084043,1
99.9129942410878,2
99.94936783302758,4
99.96052400493078,26
99.96786032613595,2
100.04201544772998,2
100.05716489288744,1
100.08297082482841,6
100.1252777420854,1
100.21193158600211,16
100.2730967584119,4
100.2781679862387,2
100.28511767465712,2
100.29606424421966,4
100.32628030696021,1
100.43569267544119,2
100.56897168278503,3
100.6224794205731,20
100.62801990928051,10
100.64126654736972,5
100.6711894484904,1
100.69562508181465,1
100.74250919278813,22
100.78154827398905,1
100.78364515539842,5
100.8280554899314,1
100.84615943011612,1
100.8708672922615,15
100.89343431960828,6
100.9038196136799,1
101.07151648330438,19
101.1109846422408,15
101.12912113751037,1
101.13051749190299,4
101.13818090864713,3
101.20122458137294,12
101.23679632440904,3
101.26618495957773,3
101.29473855962036,1
101.29763463645439,1
101.46069803812846,21
101.4631271416804,10
101.4747450295958,4
101.48762642965369,3
101.4974228886862,13
101.51444381660635,25
101.53745241190704,6
101.53882202667201,10
101.5669120429705,1
101.64752516851314,19
101.67439812909457,21
101.68310045158927,13
101.6837038191594,10
101.76857501095627,1
101.78650099033472,5
101.8646685415089,12
101.8655686771902,21
101.88567822269685,2
101.88972795214788,8
101.89175994846693,6
101.92140756500302,20
101.97295491447653,1
102.0017517957611,4
102.03738861627004,10
102.06226336035628,23
102.07508064374396,6
102.07934876465124,1
102.11236098819364,1
102.18866230384475,3
102.1915710435752,2
102.20521162252498,5
102.2308173501485,3
102.23182554718524,12
102.28003476223424,12
102.31717475760132,3
102.32783411400648,2
102.33083373478803,28
102.3817392542668,1
102.40103446126813,3
102.40529718842383,1
102.4296960161636,3
102.5104542958362,16
102.57815476990054,9
102.61686418005208,1
102.64379080743876,9
102.67143355284874,28
102.69328677524075,15
102.72885766946591,2
102.78412853770139,6
102.78645693162431,18
102.80564916942373,8
102.82120028719322,1
102.84100209768009,15
102.86617776180147,1
102.91239631037197,8
102.93590514689112,1
102.94056049587716,4
103.0420955657981,1
103.04867749859959,9
103.07674341862041,1
103.10290787930224,4
103.15947575242367,1
103.16888155447906,4
103.18438275477126,24
103.23401244749873,20
103.24294764405862,24
103.2804753408704,8
103.287389895292,18
103.29524960151743,8
103.29538015829306,3
103.30551232219133,20
103.33078981608081,9
103.37715076108292,2
103.42342572011285,5
103.4409661650858,7
103.44124565067317,8
103.46709276049236,8
103.49875479257241,1
103.50038700067655,2
103.5218228709553,5
103.52377610398942,7
103.53698424725785,13
103.54634082607234,3
103.57053060154638,10
103.60334430913917,7
103.62689040879988,12
103.6271551807217,25
103.63805692597252,8
103.67735995850062,3
103.68401869656572,3
103.68923256682996,3
103.70403563547406,1
103.72053700426707,1
103.80704949041059,23
103.86726423027577,13
103.88378767069467,9
103.89645175054633,3
103.90563768106949,1
103.92465238812878,8
103.93978707538074,3
103.94718323606432,1
103.94909939047719,1
103.95548904177079,17
103.95788140633627,10
103.95874680814167,20
103.9656913488317,3
103.980155022493,1
103.99600612693342,8
104.00643936732752,29
104.00907194098627,3
104.02106392024832,3
104.04780178618319,5
104.08629316321473,1
104.11342810653076,13
104.15318374516964,1
104.1582021236969,3
104.16621581056141,2
104.24477558147574,1
104.25741892018087,8
104.26790446417913,6
104.33117735421253,7
104.36614056668604,3
104.36698683770096,26
104.3844006744324,2
104.42410616449818,8
104.42910771213276,24
104.43362264021482,15
104.47208702504994,6
104.48203832413068,2
104.49447085828297,1
104.50844671771193,21
104.51124885107605,4
104.53885197371307,4
104.55320912748184,6
104.57976620077004,15
104.60978920340386,2
104.63476677802018,5
104.64276567098608,14
104.65054464430997,1
104.65827157058645,28
104.66810728217669,9
104.67304407159078,1
104.68397436370803,5
104.69684230063358,6
104.72008106026047,2
104.7593805500049,25
104.76109251063407,8
104.77010791073107,3
104.79985610358797,1
104.82359289658474,1
104.8300562015583,2
104.86131792674925,25
104.88488714824592,7
104.93819751520256,5
104.95249232849491,5
104.95973375364511,28
104.9766674965655,20
105.02744766256073,5
105.06732393109625,22
105.0866173646678,27
105.09557737172504,5
105.10521115598621,12
105.1216564839556,2
105.17532960987185,6
105.19957673749283,15
105.20508573808274,11
105.21922613500503,6
105.22607277231197,4
105.24292097842728,27
105.246788153899,6
105.2593089244211,4
105.2824022132708,4
105.29002547528381,7
105.29915886127665,6
105.31274650188581,6
105.3152497911049,1
105.31845156003317,9
105.36505431870299,4
105.38352380921874,7
105.42449019233956,15
105.44174109311528,26
105.44952647920896,19
105.47857168646169,2
105.48175302929116,2
105.4874124669057,1
105.51992216408745,2
105.5212459484789,2
105.52497452500535,19
105.55169948575077,1
105.56548037128435,4
105.57479489968249,11
105.57680085069222,13
105.59687434554873,1
105.61841698225086,17
105.66909952200841,1
105.70739091234385,17
105.75151533109096,11
105.78081236536616,14
105.78238589358128,11
105.83406102124471,25
105.8475362251744,9
105.85684496407877,24
105.86712346276293,6
105.86837892294716,16
105.8868009446568,23
105.90063848534498,25
105.94558916793791,4
105.94663201474289,3
105.94700433227659,23
105.95907641216927,1
105.98842281285279,8
105.98994527197578,2
106.00178514148935,24
106.02561764465848,22
106.03094491691871,23
106.03595038927105,5
106.04973413106045,24
106.05108187566232,13
106.05731906107239,1
106.06202973425034,6
106.06311980584861,3
106.07516659350748,12
106.0873781468044,6
106.0998578106603,13
106.12507583719695,5
106.13192841248038,3
106.13419467069882,10
106.13463538292086,3
106.13754632927296,3
106.15254923196579,1
106.15536783844355,1
106.17051597933866,6
106.1766469807937,10
106.18842723804478,17
106.19857452054104,3
106.19903701874821,1
106.20235718566593,3
106.20580356827647,11
106.2132506866982,13
106.21808838955697,2
106.22221681194905,1
106.23006308721993,1
106.23089964491041,25
106.23634414385545,1
106.24919490070603,13
106.2679906165612,18
106.27744205776155,2
106.28261889119493,7
106.28978885072662,8
106.29750553076123,22
106.3271311004586,13
106.34785282658018,25
106.36387626332176,2
106.36490202913758,19
106.37166093177764,14
106.37861415531103,2
106.3800915891087,1
106.39308404386946,2
106.39735115525725,12
106.40159340431285,19
106.4061097559637,1
106.41408468811503,4
106.43015996933181,13
106.44042204111568,21
106.44272844139674,4
106.45211346570576,25
106.45408397510289,2
106.46785141880635,17
106.47187751465039,13
106.48349611420748,5
106.49765292056883,4
106.50992637518596,10
106.51223401518799,3
106.54849647995596,11
106.5544794946843,19
106.56202420026318,1
106.57589056202417,14
106.63815813397353,10
106.65727959377578,20
106.6673574497918,3
106.66849693970616,2
106.68847974041677,16
106.6892567810751,1
106.70646820274338,11
106.72480856915122,18
106.73178462894477,2
106.7369449145614,2
106.74012687138239,7
106.74680182780095,16
106.76233012679879,16
106.77057367733666,1
106.7725877203621,1
106.79215147866505,12
106.79482554598344,21
106.79979618306643,1
106.80313347389841,16
106.80650571664799,4
106.81464042742664,21
106.82185062372591,2
106.84478075780929,7
106.85060601176023,29
106.87856519386743,13
106.88107869016204,1
106.8855244772952,5
106.88561146994395,2
106.8918824002476,11
106.89209591731071,7
106.89535211611083,1
106.89869941677459,2
106.90358680542295,2
106.91073728356743,1
106.91736794583309,14
106.92774182187648,5
106.92883249193095,1
106.92951780606604,2
106.9380175517486,6
106.94500404949832,7
106.96903965026665,4
106.97716629986513,15
107.0048119334,19
107.00792496403774,18
107.01317007398181,2
107.02919480089321,7
107.04036175821548,3
107.0435339514142,13
107.04677993561623,1
107.049191050952,1
107.06078652310507,2
107.06180432211616,5
107.06621146404896,27
107.06663180518963,3
107.07823850540913,1
107.0817731525451,9
107.0872538996386,2
107.0887106299307,2
107.10676885676394,20
107.11116552335898,3
107.12116347321965,1
107.13173216766002,6
107.14393869913157,26
107.15931706333848,2
107.18313270232335,6
107.20507179005408,5
107.2091478096274,21
107.21983318929142,23
107.22194821617512,28
107.23734382262623,2
107.25667776756424,1
107.25769681391957,9
107.26082849374616,21
107.27566704676008,9
107.29652521358118,2
107.29657647229834,3
107.29753004401049,1
107.30384578314035,1
107.30773301870474,5
107.31718020145415,4
107.32337973339398,2
107.35169190915356,3
107.35827059707077,7
107.37031781660328,4
107.39423069648545,1
107.39985549029004,2
107.40833108053782,7
107.40990740268865,1
107.41676307544788,9
107.42756721266664,5
107.429455602468,1
107.44093874282281,4
107.44772894193787,9
107.45123278459397,11
107.47643017115982,5
107.47712881741454,1
107.49704608828233,26
107.53746654776585,24
107.53819769317194,19
107.54224489875979,11
107.54710536436743,10
107.55231824098844,1
107.5656703011125,2
107.57372883376713,3
107.57753214103079,3
107.58320273988926,1
107.58421978430675,5
107.58452433029875,1
107.61218399561115,2
107.63833956491749,10
107.65015523035325,18
107.65941612111747,6
107.66042625869267,8
107.67109487037597,1
107.68706573233176,7
107.6975401031912,3
107.70179388381693,22
107.71044694969298,6
107.71656240759506,4
107.73209466234903,1
107.73305783181542,4
107.7335276956336,13
107.73719515899833,1
107.74930183470802,2
107.75152916842183,1
107.75859860896605,25
107.75988004320138,4
107.77441073321883,4
107.7761857034867,16
107.78010048144077,1
107.78645837154717,4
107.79842128303014,4
107.80113768737584,3
107.80726956925665,4
107.80973524187004,15
107.80990758950566,1
107.81157655642245,10
107.8119762529838,17
107.82521348923609,2
107.83126805952395,12
107.84316225494086,22
107.84567798740859,28
107.84665880486108,12
107.86416872822218,13
107.8890131428066,2
107.89089222605098,1
107.89608310426715,14
107.90047388876393,3
107.90481779935759,21
107.91286311515397,4
107.91329661180522,12
107.91482831573661,11
107.91582188173889,2
107.91881946392651,3
107.94330989677658,5
107.94347612681808,6
107.94367050260192,3
107.94985129042698,4
107.9511114258211,16
107.9610283844919,8
107.96775434104809,2
107.9697447791413,2
107.97131473061859,3
107.97357922083664,7
107.98009338426256,2
108.00586685789767,17
108.01498968792713,2
108.02229224251622,1
108.0249994761592,14
108.02823941011945,2
108.02867216992357,16
108.03956114569152,17
108.04496198680899,4
108.05560801482906,4
108.05715710988592,26
108.0648686240332,6
108.06550188066107,6
108.06904801310529,3
108.06926376859447,7
108.08450304350824,2
108.08982819753001,26
108.0929749065621,18
108.09727028015703,5
108.1276624101603,19
108.13210824877343,7
108.13706043099235,14
108.13939642867642,17
108.14615104152303,2
108.15965194990095,16
108.1708419178963,19
108.17462274422181,1
108.1763091930865,3
108.18164501062535,2
108.18885054214182,2
108.20633255318742,6
108.20861883500521,2
108.21477118633427,1
108.21759687220636,15
108.22888621851155,2
108.23441421500617,13
108.24556989578608,27
108.24689615360063,2
108.26222983497952,1
108.26406631710748,14
108.26539417475345,16
108.27104874310278,9
108.28327753646275,1
108.29361988811607,2
108.29695342161959,1
108.30601523895105,19
108.30631450459613,2
108.3165964591476,16
108.32699317640939,1
108.33026522800483,3
108.35437525535045,6
108.3553814222203,2
108.368456495946,2
108.3712639373868,29
108.3737497671002,8
108.37571615188541,1
108.39891147572898,25
108.43055167430477,2
108.4498959876405,15
108.45890912962082,1
108.4972129149419,3
108.5102609665824,1
108.51199680994966,16
108.51691448483116,7
108.52253540092329,4
108.57047292312015,3
108.57908492164131,12
108.5835829301041,7
108.60864302263724,1
108.62185107645057,6
108.62399427322168,4
108.624176949561,6
108.62681117144722,2
108.62694741483003,8
108.63346948577637,10
108.65698003739384,24
108.6618295673102,2
108.6757436320783,11
108.67701444641716,16
108.68445255303715,8
108.6966246174965,28
108.7055289582005,1
108.71245256905914,2
108.72845301746241,26
108.7421061439379,8
108.75296313815349,3
108.75857945329578,10
108.76254491260148,11
108.77521995807994,2
108.7772362426462,16
108.78344744405145,7
108.78933737139067,11
108.80279377102187,22
108.80760270925185,29
108.8092236199862,1
108.81037976602126,2
108.83055143883097,17
108.84252234272208,11
108.86046210189473,3
108.90428222765755,1
108.91567691387088,19
108.92048497628237,8
108.92470612890777,10
108.93116181187767,1
108.9644183610564,20
108.97230316249632,1
108.97837458969875,19
108.98598114146125,1
108.98971706398318,6
109.00722458242981,17
109.03232828041399,1
109.04330067225851,2
109.04849336909803,1
109.07098183763861,6
109.07412320867137,2
109.07697359224535,17
109.0854994223716,1
109.08636879536084,13
109.09071534345227,4
109.09827274447134,3
109.10606778644502,1
109.13179519940518,22
109.1422836152282,1
109.15756743981396,13
109.16086396089219,4
109.1616913146829,13
109.17739274595908,1
109.1897032334775,11
109.2016239405871,1
109.2183922088395,4
109.21861315290806,7
109.22013542439635,4
109.24369784886667,1
109.2613550118094,11
109.26310616717478,3
109.2633993965616,1
109.28606453859499,5
109.29493464871963,1
109.32148194030253,1
109.32375697398183,2
109.32919107293658,9
109.3486781777046,7
109.35779439684876,5
109.35871773160052,29
109.36436125899613,22
109.38165428379156,1
109.39830363605333,1
109.40078745796032,1
109.40426981842505,11
109.41043544387549,14
109.43043862055679,1
109.45738814500686,1
109.45750686623218,2
109.4679965837783,3
109.47083231232953,6
109.47388308389581,6
109.47951328217358,4
109.49036082201161,1
109.49317520447505,14
109.49735760261804,11
109.51111321441873,6
109.51371188404995,8
109.52235956316704,7
109.52882211542658,8
109.53543305689418,1
109.54772009412049,1
109.56127532244982,28
109.56195133619705,1
109.59280137624624,2
109.59856470780896,8
109.60510618907088,26
109.62258007092134,3
109.63251386506661,3
109.64165700543411,20
109.66547480435463,3
109.67358604770789,1
109.67703742744881,5
109.69385894797182,5
109.69777702829933,3
109.71480133665912,20
109.71613089637992,25
109.73889146798633,2
109.74396832990138,3
109.74865927416143,9
109.75060338861451,20
109.7571009431599,10
109.75742873992056,15
109.77188733758862,2
109.79374639792644,24
109.80692372280394,6
109.81101234843426,1
109.8111557693973,1
109.8139333016386,1
109.8169828920714,23
109.81727578142869,13
109.81735936703878,23
109.81903015110142,1
109.84163989575835,11
109.85241519925121,28
109.85246964421151,22
109.87385099414722,3
109.88483146003625,3
109.90772197663709,1
109.91619716629322,1
109.94235980091199,7
109.94498248474876,22
109.95985675608631,2
109.96982427530801,14
109.96983402522021,17
110.01337727637868,22
110.01978774934415,7
110.02527582275702,5
110.03202879265338,7
110.04758726769381,2
110.05156614201276,17
110.05196836885833,2
110.06111702553568,10
110.06279525578185,14
110.07476491447564,22
110.08210999182984,17
110.11102714775619,3
110.1216701705575,2
110.16466036155204,5
110.16706680014165,14
110.16768884429307,8
110.20850437786613,10
110.21721088211412,1
110.22457009907939,13
110.2347283900633,14
110.24051702718977,2
110.24328392393996,4
110.24517647948898,18
110.26536535967163,1
110.27057086959759,13
110.28017233920035,1
110.28315631728483,9
110.32186439874602,3
110.36522285449415,2
110.37851980312763,6
110.3818420453462,1
110.38607044631506,1
110.38942159251843,9
110.40282001011651,1
110.41028321681995,1
110.41236069123391,1
110.42282220300656,1
110.43833182045543,22
110.44150923459244,1
110.45555880140218,6
110.47467453887538,9
110.49557264954366,1
110.5083724624618,2
110.56477687000482,5
110.57582942409415,1
110.57628510760897,10
110.57772249077772,7
110.58720548708504,5
110.5875726763085,4
110.61689547081538,15
110.62807070241243,1
110.64556252777166,20
110.65394862965925,22
110.65964149993084,2
110.66279416840338,16
110.66342085102026,2
110.66961743739915,22
110.67264829664789,7
110.69329311036059,5
110.70433997759841,2
110.71008529549341,1
110.73867195771282,3
110.74497306920627,5
110.75299597963387,1
110.76152124329279,2
110.76991991565343,1
110.77230060714606,4
110.78911227880825,13
110.80066073311431,5
110.81401733582979,4
110.82150108902206,10
110.82705810902752,19
110.835112097471,1
110.85964534892872,9
110.86138227130901,1
110.8656344306678,2
110.8916931634435,13
110.9232793973049,19
110.9405195782037,2
110.94322416362164,1
110.95208367479482,3
110.95647376958676,2
110.95857015799844,1
110.97730636699231,9
110.97765560110956,3
111.02276690753087,8
111.02430661755542,3
111.05318349440766,9
111.07196506489039,7
111.07661684299248,11
111.07779393332095,27
111.0936836486586,1
111.09740540029695,12
111.10714398892776,2
111.1264680756358,6
111.13023350683441,11
111.13521683394929,5
111.1596937227461,8
111.17975083211911,3
111.19832282135195,2
111.22068653297187,2
111.23064689990541,3
111.23879890175148,27
111.24272283137113,16
111.2449309191252,3
111.29742516780341,12
111.29768203789008,1
111.30140797417104,25
111.30800164503215,8
111.30815315035919,21
111.31706259902995,11
111.31818758714947,11
111.33280434225053,18
111.36948584794061,25
111.37004065090092,4
111.37828246623492,5
111.3830936858414,5
111.38938155751664,1
111.43970304709917,5
111.47315466482357,18
111.48603219189465,5
111.49193443144817,4
111.49889757414954,5
111.53326944768995,1
111.55677600144675,4
111.55830563919282,9
111.55969451615245,6
111.5617692416027,3
111.5618661906515,6
111.57699446187264,21
111.62836112611534,1
111.6343824186211,9
111.65969938293956,18
111.69266028653803,29
111.69453442816616,13
111.69863143756837,2
111.73133229126753,3
111.76425428209475,2
111.81619434038015,1
111.85909452285108,7
111.87650497308907,13
111.8856914776188,12
111.88927301850985,7
111.89227265442383,26
111.89641210781444,2
111.89682418514478,4
111.90076070373283,6
111.90452155509367,12
111.9337762834898,1
111.9461615624992,26
111.96310592602222,16
111.965718215849,4
111.96984993025866,20
111.9760501036697,8
111.97799626059502,12
111.98020100238904,5
112.01409608288427,24
112.02379204324426,6
112.03446787873139,20
112.04701626664966,1
112.06403641966143,5
112.08917408012638,16
112.09027582861813,1
112.09721822921195,21
112.11197573590623,26
112.1441886432961,1
112.17414833005108,17
112.18127148956208,16
112.18807073621429,9
112.20180405185747,23
112.2085985902709,5
112.21907754261886,6
112.30906321449991,6
112.31205793601741,15
112.33770695444372,12
112.3615063968028,20
112.36601728661383,5
112.40047801681699,1
112.40381997133422,20
112.46134334629805,21
112.49634175595307,10
112.50862068683125,1
112.52105237743885,6
112.54268044893314,6
112.55923020795117,1
112.56999813261866,21
112.5752049846266,2
112.57796430357779,1
112.63559122944687,8
112.64064668282725,1
112.65584102941784,16
112.68136582497559,2
112.68576545941853,18
112.73095301076704,1
112.75054949196445,8
112.75945023899995,2
112.77293297006501,9
112.7827392184479,16
112.78929006030833,3
112.81964173954772,1
112.8499619101339,1
112.88033973181335,10
112.88179316985361,23
112.89251651646845,16
112.90010862904151,6
112.90581030667165,3
112.91607340266533,15
112.93605873653947,27
112.96854589155159,13
112.9738294329096,11
112.98237700862748,29
112.99341119948966,26
113.01573888042553,15
113.04667004729626,17
113.08691047026547,2
113.0975860766361,1
113.10563403138626,6
113.1185668591604,27
113.13157303753151,1
113.1739863411772,4
113.18209429595946,16
113.18998102487349,1
113.20309311923545,19
113.21811690804124,1
113.24720448211684,5
113.26951103566903,1
113.27575502149395,3
113.28771552578426,12
113.2929127809548,2
113.31926052846738,19
113.32017487647788,5
113.32035537980245,9
113.3702431430776,2
113.37730252605816,2
113.37746714141221,9
113.38016368083306,7
113.38348017655086,3
113.39972526801131,1
113.40037708677764,14
113.40086471855327,2
113.40785520309481,5
113.43694767407001,6
113.44802918718699,2
113.47099938369779,7
113.4733933086681,5
113.4807081906869,6
113.49996305869729,7
113.51792497308948,12
113.54296789355337,2
113.55723418825033,21
113.57849457353366,4
113.58912409841608,8
113.61629971576541,22
113.61769072281055,14
113.61828134630662,26
113.64514699521294,8
113.64620272552003,3
113.65679568317796,8
113.65859452266989,5
113.67431490273451,9
113.67641908411316,15
113.70194466481561,4
113.74705878354388,20
113.8059927161829,1
113.81282812017267,4
113.8239494001477,8
113.84065769310382,15
113.86774019107274,1
113.8817283928323,3
113.92013589563258,1
113.99032645112683,1
114.05375875683085,1
114.0617017172738,19
114.09866537648193,24
114.11598903611919,9
114.14321040659415,1
114.20038794625658,3
114.2112591054443,22
114.2843555373522,22
114.40150469108204,18
114.40583031954402,29
114.42258316495818,7
114.44293508383497,3
114.46702641501591,22
114.46952449970101,22
114.52152818086215,15
114.52637726310496,4
114.55812072594702,20
114.56762360288178,7
114.6067341148143,1
114.6374286081186,2
114.65847581178515,11
114.66615423630887,4
114.74581853974051,20
114.7535578949449,20
114.78836315584456,20
114.83446293293095,14
114.86031291469298,3
114.86540152082377,6
114.88205602967746,21
114.97153453414539,1
114.976474729406,2
114.99161827892128,14
115.02431695243689,27
115.10453175404331,19
115.14137534664185,2
115.16737595155269,7
115.19341936126645,2
115.2410661524387,3
115.25729082827715,5
115.37070625802545,14
115.42114756789753,2
115.43227624703825,22
115.46290432174192,25
115.48626187542816,1
115.49502949287078,19
115.57576537565538,11
115.75568822864035,18
115.85888292886051,8
115.92920477454742,25
115.94754637061854,1
115.9691243149913,5
115.99870248250072,5
116.03059141671658,21
116.03248140559761,8
116.0550816900138,1
116.06085811345172,12
116.07171036789279,23
116.07574304858785,2
116.08509245187051,21
116.09283427978465,15
116.09337893182425,9
116.17383003691562,2
116.181957694868,26
116.20716375137951,13
116.2182752810045,3
116.24093319778183,1
116.2648085174617,2
116.32782343110291,2
116.3789281214375,26
116.38174028508976,21
116.39026078798274,27
116.45618470736383,13
116.48217573416785,1
116.50074130311633,1
116.52424133155066,1
116.68595945749922,9
116.72223825389632,27
116.75382613337351,1
116.79832355576748,2
116.831641001846,15
116.94782778335416,1
117.09742502222002,2
117.11155016978287,2
117.112022688247,2
117.1598612422428,21
117.18992714964959,15
117.24005071579685,4
117.26138305917257,1
117.28727522185284,3
117.33013100084374,14
117.41192848658079,3
117.4524602439599,15
117.46261504041084,2
117.49134886080212,1
117.50072877477841,3
117.56562198967148,7
117.57690684641584,8
117.6029896679425,20
117.69418353518714,1
117.72040721776162,9
117.74474764651114,10
117.78052143238773,10
117.78787226855808,14
117.79673632644605,20
117.81494583205267,1
117.86941284271387,12
117.89254299455055,16
117.9039144046375,8
117.9479731147637,6
117.96730758108619,5
118.00766297823974,5
118.06093089423617,2
118.07100206233078,16
118.07126158391031,14
118.08722558800426,2
118.15775548353623,6
118.30079281876408,12
118.41289339582788,1
118.47088821548999,1
118.48215515775752,3
118.53928396531482,3
118.60951635857329,6
118.68749907279488,1
118.69389897785271,4
118.71294951189846,15
118.73255781276995,3
118.73722411638055,1
118.82030797068681,28
118.95120977022933,2
118.95547966805889,15
118.97693099945856,15
119.018679947855,14
119.06636087243662,18
119.0721571869001,8
119.1286267206511,12
119.23056867755002,5
119.24100539758345,1
119.27257612147284,1
119.41598739606955,6
119.47154709604504,8
119.47275472997299,19
119.5930669186065,2
119.62766443012093,3
119.6337058691956,6
119.64744743522537,8
119.8055703071903,10
119.90849959556887,19
119.9385884249278,20
119.96833532281818,3
119.98442175918228,20
119.99085701339249,22
120.03217159789442,1
120.16180238580297,4
120.19422941817469,16
120.24008721647257,7
120.25544483805483,1
120.31296220441568,9
120.39137866598342,1
120.53048870727532,1
120.5497795653659,1
120.58261548014076,1
120.74484859694803,7
120.80975866778552,1
120.83104668504964,8
120.87608506105576,23
120.8913286207149,5
120.9080844856666,1
120.9443378985551,24
120.94921322498088,1
120.97087185700319,9
120.99346993337528,12
121.0267047074784,2
121.02933440040441,1
121.10813037802505,1
121.19705418124151,3
121.27952457820041,9
121.3228538458867,1
121.33043265444385,1
121.3415416732569,6
121.35863990328289,16
121.39917983699226,9
121.44783033728883,5
121.47196659413807,19
121.49629409542423,1
121.50816117306957,6
121.5559781205377,22
121.5662268091379,1
121.6549549929538,6
121.6600310221844,2
121.70242406073895,8
121.75924439536026,1
121.77689209062264,2
121.83915761946072,4
121.91968525021571,6
121.95807147053186,20
122.04993255120056,2
122.0705186604988,5
122.1365941023132,23
122.14600388560422,1
122.15574118451136,9
122.15664435737887,3
122.20441596043094,3
122.22137322409321,5
122.27144673191005,24
122.27407033993433,29
122.28509454232122,15
122.29333096906957,1
122.30439346201322,20
122.3952928311811,12
122.41777113933622,19
122.45314410797512,6
122.46954702774346,15
122.49831373314387,22
122.5171957339007,1
122.52502693842551,10
122.56214822678017,4
122.57146721560777,2
122.69751483225626,14
122.74462158349507,25
122.7699127191776,5
122.82658458633347,10
122.86222576983018,8
122.91200983802806,3
123.00072024992734,2
123.01561634048721,1
123.01722384499652,11
123.10238376029766,9
123.14718161667443,5
123.22536056236486,3
123.3092818102202,2
123.41588683692328,2
123.46438851827462,7
123.49782406453552,8
123.50378215492024,1
123.51895334546217,10
123.63796015163281,11
123.72104842743965,6
123.73843110724346,26
123.78269357833771,8
123.79414558382035,24
123.87544193240451,24
123.91850636504306,26
123.9381079631535,1
123.98489992181041,6
124.07603047115224,8
124.09949594793704,5
124.10563681389831,1
124.17310129524185,26
124.18510756937985,4
124.18520003512525,16
124.23422837754978,9
124.34292964444933,24
124.3538045121695,8
124.40899183780556,24
124.45269938024693,4
124.49826940153129,1
124.54369143360255,9
124.56137360740482,1
124.58021242414979,1
124.58105449003406,17
124.61937965619688,3
124.77874630585964,25
124.81098028039666,13
124.81739642880007,1
124.866730542987,17
124.93560660703848,17
124.93678156534023,1
124.94008401237814,6
124.95417236512644,2
124.98039833659331,3
125.06383831128103,3
125.06542544905663,4
125.09120480803814,1
125.10206139324276,29
125.16000530475505,2
125.17345266907435,9
125.18959226156583,4
125.23206283189776,7
125.31048871670691,10
125.33023611071974,16
125.43071711328349,3
125.43204324274109,3
125.45269052759566,18
125.49169532699756,7
125.53403160312821,2
125.67945941210391,15
125.74474496059968,13
125.7587363593554,16
125.76214896430304,3
125.78573700145162,10
125.81872751033919,1
125.82596553683034,8
125.84345192290688,13
125.90765176387787,7
125.98773620292181,5
126.02985996149758,2
126.07080370631033,10
126.08457225930523,13
126.08511524303532,4
126.1385967419012,19
126.1560606291665,2
126.19988025455771,2
126.21128474905083,7
126.24431610717592,3
126.24943787159509,12
126.31600628748997,15
126.43813563784781,2
126.51811126829223,1
126.55906895878297,5
126.58969758123474,20
126.60138062336057,12
126.65412717552425,9
126.65473974081917,4
126.66719401206609,3
126.71554774714511,1
126.79262004761276,11
126.82149361451503,3
126.82917833728706,15
126.87673257588048,7
126.88719296331429,3
126.88885865738712,6
126.89498284547224,19
126.89733187521308,25
126.93039712097294,25
126.96111711459794,9
126.9820194301429,10
127.07916869184652,13
127.07996151086324,16
127.13975843438163,25
127.16176312811058,29
127.18958826027509,11
127.19195404850619,10
127.20024595550495,1
127.22349274648849,9
127.22922569741766,2
127.23261919155078,3
127.2771869063344,25
127.29361124552747,10
127.29991456329331,9
127.31197865759478,22
127.34631309940073,15
127.40621848731624,1
127.41243975878399,1
127.42404780334525,11
127.45370135359398,18
127.45477199166005,5
127.46158032456364,15
127.48779273637642,5
127.50107463273879,4
127.50267781100835,23
127.53685548631044,4
127.54938051423045,25
127.57778769684964,5
127.58502985414431,9
127.62203475063721,9
127.62474581221448,23
127.62952552614175,7
127.64601663743184,5
127.69414593311099,2
127.70163386721931,1
127.74894719613854,2
127.76150597954816,5
127.79502322266838,3
127.80473506649803,7
127.84759252331285,2
127.87574602719499,22
127.92608028546694,26
127.93482099492299,4
127.93537302398737,2
127.9849256545916,3
127.99185422775379,5
128.01241383474067,22
128.0404614775726,2
128.06458904878002,4
128.12239745933405,1
128.1289126099963,7
128.13090976119176,1
128.1334673108836,2
128.14101815538035,17
128.1606134190137,2
128.1907977060747,27
128.19669585662672,21
128.19686899449562,1
128.2015332107716,3
128.26308885953503,12
128.2751000838971,3
128.29339419334588,13
128.3100063894927,1
128.3108941977857,1
128.32346547764175,2
128.34581816518832,2
128.35738531631904,3
128.3735701576734,1
128.37607398266405,26
128.37713881450486,12
128.38025217036483,1
128.38167826934864,5
128.3960902773786,25
128.4573054624194,9
128.48755610148373,3
128.49963158923123,12
128.55798848786006,8
128.5761410975253,1
128.58131030300095,3
128.6381527978417,1
128.6494809352287,1
128.6845628416338,1
128.71908930391473,13
128.76068835309272,8
128.76410265971487,3
128.77121292625924,20
128.7749311110421,4
128.7847121754536,4
128.78823075573771,3
128.82699880940234,25
128.88381194872704,1
128.88672018069988,4
128.92358807929017,2
128.92366896935775,4
128.94046797992803,1
128.97001420929504,24
128.97215882260014,8
128.99761379168731,4
129.02433028218056,4
129.05010191151976,13
129.05515617448205,28
129.06497609847565,24
129.07272287529403,8
129.12134811321368,16
129.12628941400743,23
129.13640942246505,14
129.1470559134045,2
129.15823632192235,4
129.16217979990586,9
129.18714617698086,2
129.2077418467667,1
129.2192941337646,14
129.2491636353891,4
129.3294365826911,1
129.3296266787439,9
129.347853695966,2
129.37451036425063,12
129.3992005490818,7
129.4058467177651,5
129.40856012589765,4
129.44482640903874,9
129.47579775854345,2
129.4908244613456,6
129.5054443929191,1
129.51396944502295,1
129.5229936818045,4
129.524732104207,24
129.53082184151083,14
129.53868789018955,12
129.55128694850114,1
129.5563006717613,7
129.6036223692342,3
129.6330013080195,11
129.63473647756146,5
129.63486444908045,9
129.63838299867655,5
129.70214356973383,6
129.72980051235876,24
129.7408893355305,11
129.7765633702116,3
129.80133729112728,2
129.81395185918498,6
129.82333485437363,22
129.85178241237264,1
129.86029697743996,1
129.89172255181228,1
129.90709683297314,28
129.91514120646175,6
129.9168132997625,3
129.92549398818193,20
129.96253868581243,1
129.96678594407146,3
129.98221481407649,1
129.9996145972923,11
130.00184344394418,20
130.00432019951114,2
130.00494638743226,1
130.07280227437545,12
130.07863271819124,9
130.0807032436109,3
130.09399303549907,9
130.11207821439302,7
130.11711457466987,1
130.12589478430112,3
130.13115158069846,15
130.13637349296442,3
130.14308378689628,3
130.17176734444564,16
130.17721468838036,7
130.18521462659535,4
130.18576933304578,29
130.1889640003908,21
130.19269305602808,3
130.20409398448152,19
130.21201053515244,7
130.23367861813637,3
130.23543660361076,1
130.2395415099652,19
130.24870444801894,14
130.25352773179424,4
130.26343814794237,12
130.26496137170395,11
130.28427167266128,2
130.28445191366353,19
130.28517137014674,14
130.29361153777552,19
130.2947809587562,12
130.30287122872872,1
130.33830048847315,1
130.36127313774165,19
130.36621272938152,6
130.38962371373137,12
130.39851571131393,12
130.41613287645296,17
130.41740643796152,5
130.42385803647542,6
130.42927431532394,7
130.45775144071513,1
130.48769898713036,17
130.5002534604832,9
130.51131869295946,20
130.51940728983553,6
130.5361527339518,19
130.5374173116345,2
130.54259900405216,5
130.56234720918334,2
130.57831805391544,6
130.57835604519454,14
130.5793751810586,5
130.58249231098605,2
130.5833705698864,5
130.59803885012045,10
130.5996217384347,11
130.62363273556213,1
130.6396315934691,22
130.64239870940858,10
130.65443188506552,4
130.66486401214127,16
130.66529978978807,5
130.67615479288574,1
130.6981205470792,3
130.70202431149073,16
130.72166297115962,1
130.72854069976464,10
130.73084095038064,18
130.73545819826097,17
130.76388583267018,16
130.76837334703356,1
130.77247020651106,1
130.77279142388974,22
130.77740002123363,2
130.77998173219333,1
130.81306537662329,3
130.8275809286451,23
130.82794040331132,7
130.82935541400494,1
130.8323681689236,1
130.83284976325118,1
130.8335460192438,6
130.84698702764845,4
130.8509304877641,23
130.87575505826936,21
130.88753500883521,4
130.89113873452052,9
130.90003580935476,4
130.90617828206507,18
130.94617480624834,23
130.95148930803583,2
130.96357965128362,3
130.96456076823424,1
130.96935487154,3
130.9850219044128,1
130.993080554918,22
130.9948643295661,26
131.00356317926935,4
131.0654951108996,1
131.06876781727084,29
131.08678277752816,16
131.09592587877984,3
131.10992711800694,18
131.1177742302551,1
131.12847459263747,1
131.13224202571257,23
131.1346753672829,2
131.1350201821442,3
131.13841806415368,7
131.1472162581975,1
131.1494730100788,6
131.1519492057018,25
131.1548472571336,1
131.1605571739344,3
131.17252075247055,2
131.1822168026703,15
131.1899486818588,6
131.21399218392514,3
131.21675316411893,24
131.2224461625793,1
131.24356918058237,6
131.24485752941527,3
131.24588408475438,10
131.2473464968534,29
131.27452791641207,9
131.2788031414085,1
131.2964288653089,12
131.29756304877745,2
131.30233419885585,1
131.30701102091626,2
131.31779473202772,1
131.32117714549517,6
131.33930454504753,8
131.34699175233274,2
131.35177485145618,1
131.36414426906688,1
131.3653729996199,2
131.37657025011796,5
131.3798812198306,12
131.38527202273613,10
131.39409363821198,3
131.40539675713137,5
131.40890769741327,28
131.41222218745438,5
131.4273967257079,1
131.4290183454406,2
131.4294124339899,7
131.43050627075607,14
131.44809704409593,4
131.45028380763696,17
131.4566680242761,23
131.47311400533357,12
131.47951633532625,7
131.48058240161643,2
131.4880729515896,10
131.49315268835403,1
131.49582205994844,1
131.49591449043407,1
131.49598983201042,2
131.49844973444087,3
131.53732833942797,7
131.5385510076832,1
131.5560568630809,3
131.56621641121993,13
131.57360574866397,11
131.5852721473526,20
131.6035969276918,5
131.61133727280023,17
131.62051643955462,29
131.620567133559,5
131.62237362985755,11
131.64076035116332,5
131.64303904210024,4
131.64431024476622,3
131.64605264052358,29
131.65023092247316,1
131.6972456787616,1
131.7087976200196,1
131.70907111770583,25
131.7391029387048,3
131.74102480834108,2
131.74259683228408,8
131.74905719691705,14
131.75128992415554,24
131.75459123502077,5
131.7641198946763,17
131.7780216394727,3
131.781078466136,1
131.805556797149,14
131.8059402127599,17
131.81132877979587,24
131.82447728396505,1
131.83125827122,15
131.83916484039665,1
131.84003669113824,8
131.84014673886713,11
131.8595281028102,1
131.89528819502473,1
131.91603620591306,3
131.93099517355483,2
131.9632827623661,21
131.98284810653803,7
131.99544740971552,7
131.99658373513398,16
132.00050634811464,23
132.0131228069781,17
132.01325561888,21
132.03803892783895,1
132.05188264887582,1
132.05263627272103,9
132.06144502228665,4
132.09999517127466,9
132.10358183411083,25
132.11911299967062,4
132.1335678412941,20
132.14253133421133,9
132.14853246913097,1
132.15070538681636,13
132.1507067904651,2
132.1517546301153,7
132.1549012483682,11
132.1594163448332,1
132.15992575569044,3
132.16607979132036,1
132.16920091279007,2
132.18932037719318,1
132.1997992529427,28
132.20039812308232,4
132.2105765343503,14
132.22135037432594,5
132.2348359973567,1
132.2398425775944,9
132.26311084143998,24
132.26513543646254,4
132.2871062893008,21
132.32748602750559,2
132.3820663801426,18
132.3985844189717,1
132.400934393733,3
132.4356915251367,1
132.4540358146204,5
132.45422636039496,12
132.45667218094752,18
132.4641490389842,1
132.4648725580559,2
132.46927828425984,4
132.48337687118075,6
132.4842574894148,1
132.4851124898836,20
132.48757187924818,18
132.5107843580347,2
132.5144387474465,4
132.52160008716194,29
132.53310671897032,1
132.534375907886,18
132.5450408831124,11
132.5619019090529,6
132.58964441762882,27
132.61175723734303,3
132.62872075306987,7
132.6306951041369,18
132.63614924273432,1
132.65515463068795,14
132.65785260961707,3
132.65875617632608,9
132.66318927452613,20
132.66474809889996,23
132.67012216226763,2
132.6758374676689,1
132.67722357034603,3
132.684108088636,4
132.68513573681466,2
132.69320389877927,15
132.69495144006027,1
132.72156525071156,26
132.7231019455923,28
132.7234519605814,21
132.72349426602767,25
132.72683118626628,15
132.73029590118884,1
132.73995275209998,15
132.7424771569226,24
132.74932105298456,20
132.7544175435077,28
132.7598435139439,3
132.78912342748234,19
132.80893312181414,9
132.81109481926217,24
132.81178439814497,1
132.8283461540303,4
132.82901813152895,19
132.83688857146115,5
132.8703852007941,14
132.8709573397697,5
132.8785995825516,6
132.88199679025473,14
132.8857944398182,19
132.893005969305,7
132.9122553257591,19
132.91476029622626,2
132.92226023592636,3
132.93125825965947,5
132.9484074021265,1
132.96037120869576,28
132.9650293236165,1
132.98030256803884,2
132.98331346181513,10
132.98701734990036,14
133.0001140724669,17
133.0067227155509,1
133.01205086665217,26
133.01976091302646,8
133.03438092318925,24
133.04405333332116,3
133.0492548062619,17
133.0844556990976,3
133.1030392147989,4
133.1088655986636,26
133.11037582202704,21
133.11522210700977,7
133.11718683240744,15
133.11741385999036,9
133.12555487605198,2
133.1260523660218,26
133.12677595244324,9
133.1299703708098,9
133.13779690916905,2
133.14526987920152,1
133.14790118287698,9
133.16565121517687,1
133.167592056263,14
133.18700039473595,4
133.19714731205673,2
133.20001198560408,16
133.23665744144625,19
133.24005786851623,3
133.2535296053682,2
133.25880236761037,13
133.259919127078,18
133.26287277631747,1
133.31438928434028,17
133.32050097377888,3
133.33535175573786,3
133.34899627412236,8
133.3547876643972,3
133.3897312792664,2
133.41440476387882,11
133.45795421149086,9
133.46398733230393,2
133.46707214014504,1
133.46824114329627,3
133.4723849154959,9
133.48635008898358,19
133.48740209709848,26
133.4963423807452,1
133.50713580915163,10
133.5133909917149,1
133.5136705318548,2
133.51502164260754,6
133.52049541958684,26
133.5219447409429,8
133.5328652983933,1
133.53627362192987,4
133.53706375963304,4
133.53869843067815,7
133.54837259197726,3
133.55094614171563,20
133.5602683946803,7
133.5739851115218,4
133.57840242535747,21
133.58286464188012,29
133.58325815258428,11
133.59398993800932,9
133.5943712184826,1
133.60089857599132,22
133.60410613575772,4
133.6119746635472,13
133.612718968431,11
133.62468986707805,6
133.63409490266918,8
133.63972027583532,25
133.6423507520593,3
133.65114870841512,17
133.6570680555499,3
133.6588164174889,3
133.67010468924138,1
133.68572744255437,25
133.70004423502195,1
133.70075020430923,8
133.723536476952,2
133.7278728592407,6
133.7374732654909,28
133.78535515129883,5
133.7955157031339,11
133.80233505893534,3
133.80341720823583,2
133.8042079406086,2
133.8049778876141,16
133.81168942118475,3
133.81841163510862,7
133.81928174748467,9
133.82248596784095,1
133.86078121963,5
133.8632086425624,15
133.89846201822323,3
133.92184527949547,29
133.92601359846228,1
133.92712821181806,24
133.94700889349122,1
133.9479870494286,1
133.94833463195238,27
133.95075577025165,15
133.96211578030932,7
133.9775663466657,24
133.99408696089577,3
134.00347978149287,7
134.01202988989706,28
134.03005664029078,15
134.0355738011585,15
134.03666992861164,1
134.04151303337954,9
134.0462246550165,24
134.0475510329117,28
134.04839575550156,12
134.07618244857366,4
134.08037903476588,9
134.09455135149432,4
134.10626470302955,29
134.1133138228303,4
134.11585237242747,15
134.11949290760523,3
134.13473548614905,9
134.1356336138275,4
134.13575527739175,29
134.14134420426353,2
134.14806336536586,6
134.1715796627747,1
134.18130404660482,25
134.1864462741636,3
134.19593787904668,23
134.2064272483344,2
134.20985062738416,26
134.21737530682447,13
134.21940168274088,11
134.2296122665598,3
134.23425412762492,2
134.2466293586564,2
134.25248204613612,27
134.25257182490424,27
134.25865558869745,11
134.26028482914938,2
134.26982556497256,16
134.28667440332163,23
134.28796717815155,9
134.2903099062268,21
134.33624785170957,3
134.3704452822379,2
134.37166821717415,16
134.3792778576104,23
134.38106358839286,3
134.39289880250604,11
134.39748902280957,17
134.40441475565248,16
134.4062824561577,2
134.40701419810628,19
134.41878171558102,3
134.42199815606898,2
134.43050883607327,17
134.448949656696,1
134.46543306497972,15
134.47236676360168,10
134.4769490836459,9
134.47752321212496,18
134.4793693771705,2
134.48426584694573,1
134.5047744431896,4
134.51042924407372,10
134.51418457325718,14
134.54139865749204,13
134.54214238735227,22
134.5505795140819,8
134.55481160584125,6
134.56264939210658,2
134.56952931403706,5
134.58546896746853,2
134.6215532443772,22
134.63464629050347,11
134.6669376770039,18
134.6904906228873,9
134.6956398209306,7
134.697601088913,14
134.7006252703659,4
134.70929983788574,29
134.71292156555086,1
134.71378291798374,9
134.7166187538403,28
134.75765517330044,21
134.77006241239093,27
134.77287553005098,1
134.77467660383294,8
134.7760684120941,3
134.79383020053893,5
134.83854810594752,5
134.84047503926786,27
134.85391000367983,5
134.87506134230944,2
134.88576797398153,28
134.89813511890733,21
134.89873549821914,2
134.9085982498184,6
134.94565036378296,1
134.95049940924008,18
134.95387495822723,28
134.9653573832657,2
134.9948702892356,1
134.9964369628297,29
135.00504129283163,3
135.01947166291902,16
135.0449888650938,17
135.0451789592355,1
135.049552707221,5
135.05269512389972,29
135.05947260184865,1
135.0636545619873,29
135.08128743701022,3
135.09980673917215,2
135.10327476732542,7
135.10509131428617,12
135.1165868755075,3
135.1307089528846,11
135.13568731128558,3
135.14103020220128,4
135.1440036362735,1
135.1479557834552,19
135.1700328573859,1
135.17313478827327,2
135.1899267964486,1
135.19619782936496,16
135.19941909874476,2
135.21991927673093,19
135.22508043218284,1
135.22689949238207,10
135.28812385120483,15
135.29808883177205,17
135.32151480843916,2
135.3217288109302,4
135.33538133842535,11
135.38740445627658,2
135.42810851094035,15
135.45418290290294,29
135.4592730747436,6
135.46152838088582,5
135.48222637327478,28
135.4905560036873,9
135.4978756361381,19
135.49861767942403,4
135.51244067810302,8
135.51265691566857,5
135.51282589641588,9
135.51284187271895,2
135.515621137859,1
135.52967911427868,1
135.5346818270191,11
135.54623931751064,2
135.56327897474605,1
135.56453009981502,25
135.57196447343728,1
135.57525569691788,1
135.57923488277987,11
135.591719963087,20
135.6055707037922,1
135.614554693397,11
135.61916815168047,7
135.63200189679895,10
135.64756112888642,8
135.67650823653412,20
135.69709017895678,11
135.70100772007171,4
135.73287803084517,13
135.75369524266847,8
135.75454437471436,27
135.7564744942962,1
135.77956636827244,8
135.78137078353743,1
135.787251102981,13
135.79810810746037,1
135.80495132497475,23
135.82755464274757,18
135.84735935529648,2
135.85079069099885,15
135.85408178100687,13
135.89568996899914,10
135.92593774540055,4
135.93293128389274,18
135.93404925213576,12
135.93450565057475,7
135.94274561196582,2
135.9544105113925,5
135.96366852648222,18
135.97072628714034,9
135.97934816706052,20
136.0118573825231,2
136.04386189677618,2
136.04438019703576,2
136.0487842691182,10
136.08375954067105,1
136.0850088169219,9
136.08748956141645,20
136.10698969063088,2
136.14854912102146,2
136.15404442613405,23
136.16063726967326,1
136.17335119110504,6
136.1933015253298,1
136.19373895618855,13
136.20527255971464,13
136.20890251339003,4
136.23383076743576,4
136.25447160304395,15
136.27159642567054,3
136.34456898531985,13
136.35268671735705,2
136.35546705079477,23
136.37362872514723,1
136.38136297246425,5
136.3865418776446,2
136.39184578309582,1
136.41243332682922,16
136.42445428517638,9
136.42926659536656,1
136.4464640726036,5
136.4630716773452,18
136.46973079451925,3
136.49198795033942,1
136.49369774163594,8
136.49525543820886,3
136.49609010455936,3
136.5181095724043,14
136.54087252066194,3
136.54534660947124,14
136.56605681419293,2
136.5741248423357,24
136.58587242980934,1
136.60218120408138,4
136.62057821674122,13
136.63496988054462,17
136.64662779390022,9
136.6673046662368,24
136.6699528385597,25
136.69925144661775,6
136.70165081659337,14
136.70653304056216,1
136.72738897688353,1
136.76168920394403,5
136.78795756293084,1
136.79453615171508,11
136.79757265383964,14
136.81081159787388,1
136.81297254867658,14
136.81421869512306,1
136.83488275807,1
136.84857308926905,23
136.88766646541893,24
136.90780639673793,18
136.93594585713385,3
136.950235141658,1
136.954407314496,9
136.96114308488958,2
136.96436806779053,2
136.9751142154222,24
136.99026353584458,11
137.01383468435228,6
137.02883527785195,22
137.0323879704389,1
137.03730694292378,2
137.06119272083922,4
137.06453299716108,1
137.06502955099407,1
137.06832135592663,18
137.08683329072184,21
137.0949500012731,3
137.09912348749117,9
137.101967011918,9
137.11144773814107,1
137.1364567104898,9
137.15027169757664,3
137.19830612678038,13
137.2061756491119,1
137.22290850508665,5
137.23128608623168,1
137.24095207813315,15
137.28694093174622,11
137.29871777963024,13
137.339616845583,2
137.34226472561235,16
137.35642349898615,28
137.35709326100746,3
137.3680997765677,1
137.37439276856276,26
137.40291514099255,26
137.41266831996444,6
137.44443630752235,28
137.46504993805536,7
137.47558248655906,12
137.47668753497578,17
137.47769059953274,2
137.5099044685729,6
137.51716975477515,2
137.5340575420857,3
137.5507974855346,1
137.5518648548269,17
137.55385896593663,27
137.58325271540278,6
137.59371526124428,7
137.59670427369966,9
137.59964631604493,2
137.65063825962034,1
137.67809678675002,1
137.68707245247373,1
137.69536926426443,7
137.70430152211554,3
137.7146464089698,23
137.73513842866734,2
137.74498078167727,19
137.7510607881085,5
137.7674031212569,5
137.77053535101214,25
137.7768458431943,1
137.81854330820684,2
137.8327001337164,4
137.8376754427489,7
137.87857354857385,2
137.88656566721028,9
137.9182554179867,2
137.93073002790788,26
137.93878476792713,4
137.95333717506455,15
137.96797587151192,2
137.97625075974892,8
137.98017464464502,13
138.00199622479596,4
138.06612380304747,26
138.06849676466362,9
138.08579591730688,7
138.11913261386732,14
138.1261441297241,7
138.17589151680895,4
138.19652176370116,1
138.20025450383062,3
138.21306251902973,16
138.30806684731112,6
138.3418727182932,28
138.34764046646004,1
138.36245457705607,21
138.38395432261828,1
138.45309367373952,16
138.5226065250457,1
138.53282892966615,20
138.59366625062987,8
138.62321340833282,16
138.6780729242593,7
138.75081908545897,29
138.8649187357436,19
138.8690998274919,4
138.8924881503135,8
138.92463774541093,6
138.9265956186801,2
138.99620401101694,25
139.01526682908516,3
139.03450482182123,6
139.05451776624324,17
139.08904861213338,17
139.10991907164995,3
139.13645142089277,25
139.17387701018225,7
139.21820006235475,1
139.22025304656043,2
139.23208785313633,1
139.27157273880394,2
139.3215267333822,7
139.33475698720406,21
139.34344256246885,5
139.34663195504493,2
139.41432570697722,3
139.44879689917758,12
139.4685477107073,22
139.59983533807974,29
139.6152531025522,1
139.61538244004555,2
139.67935050174114,2
139.68167606181123,13
139.70227933747532,22
139.73868482026992,6
139.7488121191748,17
139.8462120364622,28
139.8609465784102,1
139.907561890125,1
139.90892139436846,1
139.9583583510715,1
139.9857068401311,3
140.08281626015315,28
140.1750757640276,1
140.28806332959093,1
140.31264215245284,6
140.40715172406712,1
140.4102538710251,25
140.42952135265256,20
140.4766281562627,1
140.49491486549866,1
140.64186313514583,6
140.76171491541055,1
140.78058502441158,28
140.82859630020172,1
140.96760899188126,8
140.9759448509318,14
141.0182474927633,26
141.02660456364765,19
141.06923158045066,4
141.10184928013712,1
141.26097918203976,20
141.29811743446743,11
141.4288460097639,1
141.46310544194432,2
141.46486672948222,2
141.4737428383339,3
141.48943953356076,1
141.5130087886742,11
141.51488118544322,1
141.54822543021365,10
141.5736823232763,4
141.65002460667023,26
141.69471541285412,4
141.77473771289294,1
141.82018530939357,28
141.85638176425385,24
141.8886028030338,29
141.9117169203416,26
141.95001074118179,8
141.95192499747836,1
141.96615395206362,2
142.0424320856254,2
142.11333118062672,27
142.12298431681896,9
142.14304596322768,7
142.18516730246571,11
142.29549463152912,2
142.31878053247928,1
142.40818237435778,26
142.44373133525946,17
142.4882132857928,19
142.5363163837679,2
142.6677422710676,6
142.67623202412247,2
142.7315088513559,3
142.73169690343144,17
142.8904365834028,4
142.94501658984643,3
142.9548637750371,1
142.9634347242507,29
143.07269923121436,1
143.08097725391423,5
143.09945541379085,3
143.11004520109694,15
143.12040840979196,1
143.17804405131452,4
143.22468385920925,27
143.33573973322225,2
143.34459223847907,1
143.3792123076753,8
143.40584951655305,3
143.44015488420365,26
143.476501966578,10
143.48723162128732,2
143.48929540482573,7
143.4924923381204,1
143.49764968803353,8
143.5064031335957,2
143.56294228785575,1
143.6143141313303,4
143.65859072839388,29
143.70802122777116,1
143.8375107860994,8
143.9385882545876,26
143.94179898097136,4
143.95724701163255,1
143.9617321625684,25
144.02227331327504,13
144.0663044273401,2
144.13328417282108,1
144.13544364278374,2
144.15558896033102,1
144.15859079609046,1
144.1678221603536,1
144.28275399948015,8
144.31871884527834,1
144.35526673897147,1
144.37315427426356,2
144.39661720595572,12
144.4350290718921,5
144.47039240619375,8
144.4931941724306,2
144.57895498096886,14
144.64053885822887,3
144.66576810644696,1
144.69528288158116,1
144.69746412113818,6
144.70707616462926,2
144.79480204752747,26
144.92149212185296,3
145.06890500189715,3
145.1525416392475,8
145.15600632388643,19
145.19355951939644,6
145.446669041677,2
145.4659290557731,6
145.46614775358083,18
145.50300393197864,23
145.53488538011283,19
145.57972964256732,1
145.66277027693295,11
145.7499878112503,2
145.75837555640635,1
145.8756687306347,3
145.9034209131724,19
145.95225044936828,4
145.97215296940826,16
146.15070017022128,2
146.25101408664722,2
146.27634541275108,13
146.2995909048134,2
146.3046596978078,5
146.30674788145686,1
146.38356360710787,24
146.43252674052778,12
146.44426213888318,27
146.60442300681223,2
146.6159218505708,1
146.6204585090667,13
146.67239627621584,3
146.72034546823622,8
146.72827456358115,13
146.75642976507982,3
146.78118246991937,2
146.79592638691005,1
146.80902304869394,3
146.8270664114895,2
146.82864254750925,3
146.88674229404893,13
146.93322502468024,26
146.96976945959935,14
146.97067708345278,20
147.10421691339312,3
147.11183686436658,9
147.11968002236384,13
147.1712541823174,7
147.18698375031607,4
147.23535234656322,15
147.31431813117158,9
147.3170440888019,7
147.3279822102332,21
147.45603902231346,3
147.47692851187125,7
147.48767291570942,15
147.49254855321468,1
147.52456137533898,2
147.54023875702646,13
147.68218195203457,1
147.69917857162918,2
147.72786652748917,18
147.75811072662782,10
147.79563712648124,24
147.8260818390948,13
147.93081845215815,3
147.9585641126565,2
147.98225133155208,6
148.02109508079025,2
148.02526602957911,21
148.05024360495304,11
148.08211613106852,8
148.09785857808103,10
148.12037256792772,6
148.12233822487164,3
148.14808149732733,26
148.1629921568637,3
148.17059988005064,20
148.19747106004252,14
148.21772479511625,3
148.29049035022052,3
148.30905256089514,1
148.37549137762994,3
148.38909061930974,8
148.43097933225607,7
148.451990634267,5
148.46004098406013,22
148.48549240393768,20
148.49650476319445,1
148.5341161489724,1
148.58085322125692,21
148.795175143872,5
148.80758630278453,4
148.818038106832,4
148.83348234911415,9
148.84689621029338,19
148.85316866132976,5
148.9116210803571,2
148.9780596630268,9
148.9786693918705,8
148.99973540701086,9
149.07852214064317,10
149.1975971579671,1
149.24594103127595,13
149.25176992550456,5
149.27053670046047,9
149.28277564592014,9
149.2895558008305,1
149.29587172833843,2
149.30912715318206,13
149.38166190153822,1
149.38350936373493,6
149.40951037736278,1
149.41103892310258,10
149.55523022800526,5
149.56975389737573,3
149.5796345043798,21
149.61296407554454,19
149.6194121598481,1
149.62351514268627,1
149.63117398957064,23
149.63597087134258,1
149.65540089825103,21
149.75658610875269,24
149.8002336169844,18
149.80790905193285,20
149.8440248846516,3
149.89293290164474,1
149.93829797558496,3
149.94751283070673,25
149.95096448361906,6
149.96135519753824,26
149.97633342377623,15
149.98861682541934,5
150.0467297497636,14
150.06088562606158,14
150.1334568282844,6
150.14103602280562,4
150.20544763690185,18
150.23043525354657,16
150.23648773587024,22
150.26275499337396,4
150.26820000629752,1
150.3197730389203,29
150.32317749068912,28
150.33258558976053,16
150.3383397735151,14
150.35111922302943,8
150.38164763148444,19
150.40303701879597,5
150.41060128910712,8
150.41536779754875,3
150.42349836771626,1
150.4414404737048,11
150.44414840087714,19
150.4598743842425,12
150.51589688787797,9
150.51612265178645,16
150.51885407017525,7
150.6511493063654,2
150.68234770989375,20
150.69790939575,2
150.7028514090237,12
150.7187405899818,16
150.7314134517297,1
150.8019009346486,12
150.81419109024353,10
150.82097290416883,1
150.82571683480222,24
150.8291253658364,16
150.85031739396894,8
150.8609625940146,25
150.8789111492179,10
150.91497742584153,1
150.94913236375456,5
150.96979559680784,2
151.03765747371457,4
151.045685538516,1
151.05279535073123,7
151.1023950305371,18
151.15229898996458,7
151.1605985323566,2
151.16277183591518,4
151.224484605836,3
151.23686715602625,2
151.25211546108338,16
151.2636876784447,3
151.30787656949403,21
151.32332490618938,22
151.32464201407277,11
151.33066296511328,2
151.35190058598346,20
151.371402139907,3
151.37398816155198,17
151.39263686857254,17
151.398504699532,2
151.41076704472675,1
151.4448930246522,1
151.46213580045287,9
151.4726135283294,17
151.49188885537822,4
151.5041565120181,5
151.51022725146265,19
151.58245610987248,1
151.5861110874252,7
151.64921169370314,16
151.66698365252046,6
151.675657986217,11
151.75503172781976,19
151.75880592467973,2
151.76203637818764,3
151.79490323896073,25
151.79538869986953,1
151.79956431365227,2
151.80563683955648,24
151.81792265759182,5
151.8651886218089,7
151.8769259906803,25
151.88310175030904,25
151.88428687589715,2
151.88885551485927,6
151.90298283733108,1
151.90339284285733,11
151.9138605705921,4
151.91956396562557,22
151.9374707289594,1
151.9461147213164,6
151.96081032478804,1
151.99076838446567,1
152.00276577334628,6
152.00350501299664,19
152.01117255522956,5
152.03110364874053,6
152.04239854600144,22
152.043286336832,1
152.18045771655758,6
152.1831506289562,11
152.18640303518126,19
152.20911743257412,5
152.23822938131391,12
152.25795178388117,5
152.2728424407251,7
152.2942420942262,9
152.31549492019766,10
152.34153738212518,5
152.35650754690957,5
152.37981848457207,1
152.38542731298176,8
152.4020546991349,3
152.47430304236937,2
152.48429646349334,15
152.48575267236768,9
152.49147005189113,5
152.51461497510192,8
152.55601048855954,2
152.5675440946815,20
152.61195821653865,1
152.61544689157407,2
152.6172817773683,7
152.68701770735288,22
152.69599732989232,3
152.7075790529257,19
152.76185121019478,1
152.79705913190674,16
152.81059916198234,8
152.81431788801575,2
152.8918849290597,6
152.92122839740625,15
152.92197825200802,10
152.9253857401846,25
152.92703783465413,2
152.93339891963973,2
152.9359461495,12
152.98969362471126,6
153.01439024639194,1
153.02608916286323,2
153.0409708250793,16
153.1093225184768,1
153.11884880925697,1
153.14632000757948,2
153.15005037109944,1
153.16450685171392,3
153.19191243737873,5
153.19347286921453,2
153.21778506242708,25
153.22214695669112,29
153.2762435387515,2
153.30491756622712,3
153.30904202179582,26
153.31566691246738,2
153.34256241995053,2
153.3647141474365,18
153.40590825779367,20
153.40895173337216,1
153.41436155294787,10
153.4325519651288,3
153.4342435095799,11
153.51792340211816,2
153.53983318255422,20
153.54120129383546,2
153.54660547915924,2
153.55105699177932,3
153.5652882877034,1
153.59379602866085,1
153.60412528048388,1
153.6149723540465,16
153.67765868198373,1
153.68865124134783,3
153.70327522512406,2
153.72639158245357,17
153.739996258772,17
153.76363303756247,25
153.79769824416337,8
153.80603373592652,12
153.83106668223684,1
153.9173206728096,2
153.92423037424783,17
153.92901739328633,12
153.9329751763322,14
153.93436700033192,2
153.95294270378056,9
153.957510000898,21
153.98000071271028,27
154.0098391549315,23
154.0188634793679,22
154.03597166789913,2
154.03609242293703,5
154.07097736465838,1
154.08742290057668,2
154.09259120648795,1
154.09612421312437,1
154.11290553052274,1
154.11673404506254,2
154.12581534228832,6
154.1288727456531,2
154.1396549147179,1
154.140971472831,27
154.14386153332305,9
154.14901107559564,6
154.15182225138142,1
154.15260500444384,4
154.15903319194044,12
154.16052796807034,4
154.21076449060243,9
154.2206450267648,18
154.2538468903491,14
154.26009331192444,6
154.26146750796195,1
154.26474606204286,1
154.27031102232243,5
154.28232749117745,1
154.28989718716025,8
154.29140034659062,6
154.33332858324516,2
154.33433352236784,1
154.35454900676032,6
154.37521419704146,3
154.38039771987377,3
154.38387853152025,13
154.40520581241478,16
154.4161105024741,9
154.41903226765172,6
154.4250887978254,3
154.44006717338254,21
154.45016899851137,1
154.4552056549972,3
154.4623075418797,26
154.47321323607187,5
154.4797045466765,1
154.4900767517358,23
154.4929260975465,1
154.50372562003938,2
154.50385732502633,15
154.5150311159935,3
154.53283165205607,7
154.5587660654864,8
154.5702981251549,27
154.57156287984606,2
154.57282895043386,9
154.58905023756782,3
154.60660242957636,4
154.61357814874557,1
154.63808181382367,2
154.65667089805714,1
154.67474407115284,21
154.68303451329984,14
154.68915696455454,14
154.70473121793026,5
154.72943671069854,2
154.73124228951815,2
154.73170752643856,7
154.73317507858852,1
154.73511668184224,18
154.7354646164028,3
154.74396149099977,1
154.76526749054693,9
154.80244594612614,11
154.80435736493564,1
154.81794713612152,20
154.82322958414045,2
154.82476732896845,2
154.82569104048002,23
154.82825772440103,4
154.82902283490878,22
154.8361734056245,14
154.8932655485534,16
154.92630886308262,2
154.95710296646084,1
154.96852865107292,10
154.97330479581763,2
154.977316115768,24
154.9853133326724,15
154.9856437296894,27
154.99754559964185,15
155.02228984860955,2
155.0290875996784,2
155.03637314979892,22
155.04976894917317,2
155.06416253368735,3
155.0726041482956,2
155.0726893692757,19
155.07379660059644,2
155.07655238384538,4
155.10619012247685,2
155.10627865581537,3
155.10744634123975,1
155.10844342037598,2
155.1167107230935,20
155.1208275646247,23
155.12589813365855,4
155.132222447373,1
155.14495514089276,10
155.14581435051443,16
155.15193111193818,20
155.1746534799515,8
155.17915048104766,28
155.18550169047444,23
155.20175682597412,15
155.20443653556026,2
155.20725310064898,1
155.23360522300993,1
155.26425341382816,2
155.27982008392723,23
155.283743911862,8
155.28596317028484,10
155.28984916692556,1
155.2899923736294,4
155.29094565940017,21
155.30625686995148,8
155.30880406843698,2
155.32207023108492,6
155.32683716259353,1
155.32814992858653,1
155.3283884487267,1
155.33731985204594,3
155.3392246811383,2
155.3399587401903,1
155.3618898057043,4
155.37147306313696,8
155.38156707766996,19
155.38385234227889,3
155.38996918556745,4
155.40558244073074,15
155.44328983931925,6
155.47373183684394,14
155.47950490453655,27
155.498591924547,16
155.5021172460476,7
155.5042421178,3
155.50602300878361,6
155.53008361726762,10
155.5315007045705,1
155.53956532898272,7
155.54310374945396,17
155.54496237102694,2
155.5770768823585,5
155.57893021261725,2
155.5912666202224,7
155.59144638678515,7
155.6195327848622,4
155.62397249358665,12
155.65500900106284,7
155.6663555187285,12
155.69916328996487,12
155.71927743409145,2
155.7311258356909,16
155.7343505150193,7
155.73748868639453,7
155.7400457104819,1
155.75518430800844,9
155.7709464992581,7
155.77278985739673,3
155.77574732090824,1
155.7796057149136,1
155.81760428169486,4
155.8272729761848,3
155.83651577101966,7
155.84648355328227,12
155.8581086615292,10
155.85918510382425,1
155.8621074661459,5
155.86687449225522,12
155.87247483455246,3
155.87576058346565,11
155.87631617795688,3
155.88377819493624,1
155.89464154975252,5
155.90149637372988,10
155.90786396756656,2
155.91745694186176,1
155.91880566994865,21
155.92787454748125,1
155.9325580739272,18
155.94512104881946,9
155.96401352177904,2
155.98153743109776,1
155.98167552204018,12
155.98253905034366,6
155.9831801351501,3
155.98886908156365,1
156.007032221405,15
156.01089515413238,11
156.01116977488834,24
156.02623637467534,6
156.04481353435844,8
156.04823389239732,2
156.04894902208113,3
156.04982876973645,3
156.06832798482392,5
156.07566548530897,27
156.0811262171991,9
156.08424884271696,1
156.08909329500827,3
156.0950689555804,1
156.1099945924568,1
156.11063609731815,13
156.123492792785,5
156.13089718277465,15
156.15039743641722,17
156.1652652149918,5
156.1744246062795,24
156.1922264065455,13
156.19244091423954,26
156.19291216131836,21
156.19580181056133,1
156.20018520093387,1
156.20093193333793,6
156.20349226093617,28
156.21425779278522,6
156.21944586333112,7
156.22601724592707,1
156.23251385600076,1
156.23259237941886,1
156.23350801482704,2
156.24438161677674,24
156.26444235293877,25
156.29765499185498,6
156.30048614273733,17
156.302207647914,19
156.32177826079706,2
156.32684991731418,1
156.33954420891493,14
156.3399111398355,29
156.34485997045022,20
156.34577406090852,18
156.35161619931628,23
156.3667980340823,26
156.36995931962576,1
156.37142994718934,29
156.37648144340488,5
156.39223993829918,13
156.4080569154138,26
156.4101606810664,22
156.41072208767088,6
156.4139724332353,1
156.41888634564123,2
156.42285723599676,2
156.42489953100593,26
156.43091381489432,8
156.44524140937176,10
156.46529325722258,11
156.4757811248476,12
156.4811378745259,20
156.48178651516864,2
156.49529024075613,1
156.508414602917,1
156.51061589764348,11
156.52423418219234,17
156.53691547472042,6
156.53695589377315,1
156.54793607816876,1
156.55738225954497,5
156.5591842774108,1
156.56873302559546,2
156.57057901888453,2
156.57303702101729,1
156.57756886335207,5
156.58713186028663,13
156.6006255529987,1
156.60184656780964,1
156.620831658451,1
156.62228243328832,8
156.63122597050608,21
156.67041932572366,4
156.67521241979202,1
156.6784039593899,1
156.67990267940922,1
156.68118883750603,3
156.68368274623145,8
156.7132314918121,4
156.75309902150676,3
156.75866894514817,1
156.76050843232397,28
156.7869397344979,3
156.78735896825188,4
156.7888455219238,3
156.79072713823558,5
156.79198858600526,3
156.7948821223699,4
156.7957864125083,3
156.8331229217971,19
156.85225949990064,16
156.88009860163623,5
156.88999391302085,1
156.9078392890817,29
156.91355732246518,27
156.92706994192665,21
156.94100663528292,15
156.95231550084895,24
156.95915314793865,19
156.9752556239616,3
156.9855944653013,27
156.98593029942455,8
157.01132678122667,1
157.0146107455414,18
157.0310259808907,10
157.04667927382707,3
157.05091913378305,18
157.0509990936466,10
157.05185060865264,7
157.0583782527686,18
157.08271576726708,15
157.08301557184146,1
157.0835144515462,1
157.08875768183003,7
157.1032917855651,1
157.10356729396813,17
157.11243496015717,7
157.11782349807038,9
157.13288193145434,1
157.1352683937871,9
157.14417061462586,9
157.15660077359757,2
157.18930832478048,7
157.2177453452198,1
157.22827702008672,15
157.23280727035845,1
157.24442050239065,1
157.25191361673362,2
157.30392465879936,1
157.32561413074578,24
157.34430139968387,13
157.3484763437675,10
157.35406362953634,3
157.35804877137042,1
157.3633428619766,3
157.38039888193404,22
157.38530856785482,13
157.3919061697926,26
157.3994645505568,1
157.42043019779078,27
157.4266144187165,4
157.43111164788377,1
157.43320731655012,15
157.44623393058097,15
157.4798495996398,1
157.4825579734141,27
157.52364713413635,3
157.52770972806374,8
157.55079589495554,22
157.55316468258115,1
157.60228360384224,4
157.62181387965038,23
157.6291463132947,2
157.6649873080214,1
157.6673634141202,22
157.675557043852,4
157.67569321173542,4
157.67645087847697,18
157.67685602747488,3
157.67919640668583,14
157.6994908323484,1
157.70195586546384,4
157.71449915177195,5
157.72901166471067,18
157.73326153351312,14
157.73926982925698,1
157.7625689937654,1
157.77003256201394,21
157.77638970943536,24
157.78090839648345,25
157.79094190976593,1
157.80522025128153,4
157.8078769445658,1
157.80976210401042,5
157.81666940244023,5
157.84834604834782,25
157.8639998529979,2
157.8853440608185,3
157.89234383536765,3
157.8975644961697,5
157.91547831651351,28
157.92308583460817,25
157.92372091927177,15
157.93059410375224,9
157.9322785564405,20
157.93509267148062,3
157.93916695317714,1
157.94854944708328,4
157.95200439881893,7
157.95650295853673,8
157.96594509082257,20
157.97691176219536,1
157.98071639561152,19
157.99552132071614,4
157.99860220550724,7
158.00576428086126,1
158.016953117686,1
158.03024984190847,18
158.03683281312598,1
158.04309223329952,4
158.0869640214389,15
158.110086645147,1
158.11567577260575,7
158.14560870906777,3
158.1658787120758,28
158.17021910634716,1
158.17806522054371,6
158.18070610945352,5
158.18116835366155,7
158.18695119948657,3
158.2030609268624,1
158.2463227140481,1
158.2559382215825,29
158.27019638366053,7
158.28865475893383,18
158.29583226365781,29
158.32561515335078,29
158.33111311459527,1
158.33295991849468,1
158.33614668943952,15
158.33960397971833,15
158.36051402931224,6
158.37142658672843,4
158.3849476906935,11
158.4051692646213,7
158.41835642126367,2
158.44226121421104,15
158.44758016913238,6
158.46425810731375,3
158.4887283574397,22
158.49387513779277,6
158.50085128295436,2
158.50537745251165,1
158.51732158071061,15
158.5410341001958,12
158.54341683066343,22
158.55381085377135,2
158.5561121673048,12
158.56204727864477,7
158.57354786059736,14
158.5901019935361,16
158.60101737823885,21
158.60564213127628,18
158.61649741377624,2
158.625502832512,7
158.63442446815876,12
158.63972498387406,18
158.64711259632722,11
158.6600925620055,28
158.66290215590115,16
158.6840635283056,7
158.68868113657538,7
158.6903813078405,7
158.69219998170033,11
158.70426902163544,6
158.70998636371567,1
158.7341060126093,1
158.75233045448272,2
158.75276617507603,4
158.7696417129762,7
158.79370842803922,13
158.7939723856143,16
158.7953425273911,1
158.79750208313527,15
158.80247665785848,4
158.8387082676015,2
158.85960869375407,10
158.87912998689112,3
158.88167764516874,4
158.88335963235153,10
158.88607104177763,1
158.94806265403855,2
158.9574339474017,23
158.96771225786645,7
158.97622941700232,2
158.98394573863314,4
158.98464401855043,7
158.98529835370977,7
158.98974565884168,24
158.99149384101676,2
159.01876770243075,2
159.02389323254081,1
159.03548353477228,2
159.04083238354178,19
159.0710494797857,6
159.08170681846502,24
159.1145789001441,1
159.15772517203047,11
159.1599083925342,1
159.1696376395705,19
159.17043736175873,20
159.19781539772112,22
159.20336753789437,17
159.2146903564184,1
159.22171473762114,5
159.22888707565258,1
159.23899705340634,2
159.29916264148648,7
159.30199176725077,17
159.3118448837729,15
159.31926834293026,9
159.32859359701806,1
159.34512090169883,21
159.35601411071974,4
159.35624054921917,3
159.38989155534043,28
159.39786203198432,1
159.4007525199657,1
159.42627663420083,5
159.45278308538167,18
159.46226081365765,2
159.47990113368772,5
159.48012585542028,22
159.50595721862265,21
159.54741194256135,5
159.55899091833638,14
159.57892978255302,2
159.5892964100804,24
159.5905248862084,3
159.59870154276538,11
159.61207440604045,18
159.61526782683293,2
159.61989197399103,13
159.62694121065007,17
159.67248637414374,1
159.71094298932655,11
159.71195698046574,2
159.72316192521032,11
159.74739145342352,2
159.79619409788037,6
159.80546521058807,8
159.80928172662462,5
159.8174646600967,1
159.82376867321202,3
159.83411032846223,2
159.83412886097892,2
159.83929385537203,1
159.84631568213942,12
159.85628041649596,17
159.87029292673648,6
159.87878661301502,4
159.9023025163012,5
159.91947504345978,15
159.92717802129732,12
159.9299188130112,2
159.93581719992847,2
159.94217191318373,16
159.9545564361478,3
159.9766918008495,8
160.04125990672148,18
160.0486772249603,14
160.0677441660645,5
160.07093526078864,16
160.09988009204176,11
160.11018710302733,19
160.1232412391155,8
160.12818299934187,12
160.13012554524954,1
160.14957956671668,4
160.16627843097186,4
160.16824849845514,4
160.17146059705274,8
160.17867916177548,15
160.1986593150154,1
160.21262493513046,11
160.25270352035463,17
160.25322865389526,8
160.25660182890167,4
160.2660947356451,5
160.29944644035325,25
160.30063829358207,11
160.33917754389435,5
160.3568469770129,16
160.35834454637694,1
160.3595507804134,1
160.37140153645794,4
160.37152108260176,1
160.37379476475883,2
160.37502810912883,17
160.39440354361196,1
160.40372100303554,1
160.41466265226015,2
160.4157775218246,14
160.42796343415742,4
160.44241224477489,16
160.44437596892934,13
160.4514301232774,14
160.46266629912407,24
160.49988113877822,14
160.51194300666677,2
160.5232483748496,5
160.56666009924413,5
160.56883419206812,6
160.57099926537114,3
160.58413155305695,25
160.58531925392234,19
160.60903682885032,15
160.61636957121578,5
160.62704017698474,1
160.63065273703563,1
160.63746685668784,1
160.7399750733765,5
160.74951811605413,8
160.7553920956181,16
160.75806399972623,8
160.7647123337515,22
160.7854222940326,1
160.81527837293416,4
160.8308454783413,15
160.84249478331319,1
160.87753197723018,15
160.88568617608829,3
160.8951809992954,9
160.90409927406986,6
161.0481018172556,1
161.05213743246205,1
161.05288479394534,7
161.06701930151917,12
161.07099622077578,2
161.09440711641804,29
161.1017414353364,15
161.1099042319314,16
161.12041363986455,11
161.14600596357505,25
161.17984248964575,2
161.19513803485654,4
161.1999302208039,10
161.2250509984323,1
161.2285281006316,2
161.24894234422953,14
161.26128892704284,1
161.2760639762303,2
161.2797398604433,8
161.2850831960289,1
161.29765586583454,1
161.30173652786297,28
161.3051178098575,20
161.31648988986925,6
161.35053116790678,2
161.37275549343826,2
161.39395802481454,1
161.42650911870717,1
161.45371207144635,20
161.49294295462434,10
161.4996635440383,3
161.51206261558394,25
161.53133257005155,23
161.5321181676575,17
161.54962815303824,5
161.55868125081952,4
161.59670761217203,1
161.61111157106404,25
161.6143702757332,13
161.63374786432055,1
161.65029270098196,3
161.66148420565978,20
161.6745011975672,1
161.70299674048871,5
161.74529105767283,1
161.77152343509837,2
161.7930025024872,3
161.80419391226215,1
161.804524363243,2
161.80640145026697,12
161.808449742332,9
161.80902272677665,25
161.81197144350725,2
161.86458217882185,1
161.8832670520767,6
161.93605827528944,12
161.93693375914881,1
161.94524304927072,11
161.95514624820126,4
161.96775685338793,2
161.97028247218847,17
161.97238374538819,8
161.97527813430716,2
161.9836414789412,5
162.00399644960814,4
162.01933740446935,6
162.04637057807747,7
162.05729369625854,1
162.09078479127695,1
162.10984676231553,7
162.1161344169912,21
162.1774932520173,4
162.17972470302948,1
162.20665091308996,1
162.25145804819095,22
162.29385790414787,2
162.29412448724005,11
162.349041562356,1
162.41990048741664,8
162.44882395414098,6
162.44998471963743,2
162.48003819942093,10
162.49028366436508,11
162.51058161259962,3
162.5734781894477,28
162.58355570599758,1
162.66231467484056,1
162.71073522099996,2
162.71165725200174,17
162.72204053258616,28
162.7631298166438,4
162.8045347507941,1
162.84472975837858,12
163.09789637688107,25
163.1476968149891,12
163.1519112708193,26
163.21840452397672,6
163.22675146755105,2
163.2669904440332,2
163.29949421362156,5
163.31391970559147,12
163.34075278214775,6
163.36207277178264,1
163.3747760199135,2
163.37651598649794,16
163.4078057396733,1
163.41448183482206,3
163.46433031063057,13
163.57398088381183,2
163.58849128581355,2
163.61573632680683,1
163.61877400371566,15
163.6259019616044,1
163.65250324736232,4
163.69390625488722,2
163.7204727243398,28
163.75036953889705,2
163.75322040305244,2
163.76362771340231,1
163.78144008288513,23
163.845343504498,7
163.8538700933083,6
163.89213915479294,2
163.91372828144208,4
163.93918643805594,15
163.99967403038028,1
164.00518882565433,7
164.09676187605055,6
164.17223998836388,7
164.17457502743815,20
164.204798714048,2
164.20881408868576,20
164.2292207708277,29
164.3387388363477,1
164.4653483745832,1
164.46730498582946,18
164.48448027158275,2
164.57395481098624,9
164.58231038275042,5
164.68311036534007,5
164.68756653456418,8
164.70678651220229,1
164.73037242692135,7
164.93972686526357,26
164.9664222800803,2
164.97348460879792,5
165.0423086357837,16
165.05497653310266,1
165.06826797553134,2
165.0988298018022,10
165.15851551641413,16
165.26721013043158,16
165.27570049304293,11
165.3194333163804,8
165.39571866696915,2
165.42265818320453,3
165.4662044378626,9
165.4749009042336,1
165.48639648534035,9
165.48642042517727,14
165.50583920050252,6
165.52617344624068,10
165.54880223407056,27
165.5678885395855,1
165.6872915422261,24
165.7696323389499,7
165.79581188993168,12
165.85539516891592,13
165.95302662325247,3
166.2260368570721,12
166.30639893805562,3
166.35936864579972,22
166.42890033684446,12
166.44006564620548,4
166.48455336421605,5
166.691494184443,4
166.70333851398178,1
166.75183583175235,24
166.79420211630773,1
166.88128299888544,12
167.11194793556962,1
167.1201319106747,4
167.12881675600482,1
167.2130221430283,14
167.2253167302876,16
167.2661826831881,1
167.32974294787903,2
167.43325608942067,10
167.47072531586878,28
167.47931413000185,1
167.5104648969417,16
167.63929657566564,12
167.68041607737578,18
167.7151304838064,2
167.7167013472394,1
167.74626898877088,4
167.80333738157296,1
167.81818772053657,18
167.87754049495612,8
167.9009905689419,2
167.9130461504725,1
167.958466538135,10
167.98976469999258,4
168.10658883207356,8
168.17419847201117,4
168.2963013309397,21
168.31421760760148,1
168.3165713462137,19
168.32057969195793,4
168.3210767235703,5
168.41326793846292,4
168.41345577082643,9
168.4230852987098,6
168.47604931249373,10
168.47797425341494,13
168.56385270186504,2
168.64621133341026,3
168.74822527415358,9
168.74885076124875,25
168.83477917028915,2
168.88409537955485,5
168.8975003210191,1
169.00290828735834,2
169.08350846827628,24
169.15956209541687,3
169.18516453945907,7
169.25950310427575,5
169.31229443555114,1
169.3568474367346,2
169.44184798722375,2
169.56433440549796,2
169.6242877010023,3
169.6415659281098,7
169.7037795566193,3
169.80038962008322,14
169.85320559924088,2
169.8605553138532,6
169.88344762863693,3
169.9030882331445,2
169.9548578603651,25
170.00988847311692,9
170.0468777159532,20
170.05004395804747,9
170.06494099824357,8
170.23628077951935,2
170.29289701690308,1
170.31868340648523,1
170.38847700813812,1
170.44096112568528,1
170.5269669606216,8
170.55812624124755,3
170.58446798684616,3
170.61158761712167,3
170.6363300785561,1
170.6721194058548,29
170.6837355452088,2
170.7134207743576,20
170.7410613164393,11
170.74199960194701,1
170.77578728108557,4
170.84799999638741,18
170.86269519953504,22
170.9056373962854,20
170.9474549800609,18
171.0040916035739,15
171.00644318011263,1
171.04616849145822,1
171.07575299436672,7
171.13108001686675,1
171.2580929384332,2
171.2962490896253,13
171.33512903141695,1
171.38728419790874,19
171.45569363676782,3
171.45893447857102,6
171.5057463854868,7
171.5142353022588,4
171.53521772462534,4
171.60163445729722,1
171.60270127337432,26
171.67987342939915,6
171.7259473906395,25
171.7437767418812,19
171.78647981620742,4
171.84328413597038,2
171.86863686122635,15
171.88204423633772,13
171.96905972563462,1
171.99312222900204,4
171.99537138107644,4
172.01927500691286,1
172.05521514590208,3
172.22973977699587,7
172.30031545993248,16
172.30551116207528,7
172.35148034581408,1
172.37819932109213,23
172.41752306235392,2
172.42111624802737,7
172.5064656765161,10
172.5186274343724,8
172.54641101366903,3
172.56586314996494,14
172.56765972988046,11
172.61715113884247,2
172.65419559448006,17
172.65500351851648,3
172.6791542213738,3
172.68298683466372,3
172.68529498298003,23
172.74348333648956,24
172.8238273362818,7
172.9073540984378,16
172.9159504176658,2
172.9242854777409,6
172.93348371225645,1
172.94691815500025,24
172.96776547031774,8
173.039101034805,2
173.1110347458288,8
173.11721770119678,11
173.13826479705733,14
173.19165407986623,4
173.28719253244174,7
173.2948420903164,2
173.2987222415938,8
173.30642293661913,1
173.32309662458556,10
173.32416249264566,12
173.35519402243978,1
173.39061644618502,1
173.40184760519207,14
173.462199747961,3
173.4694777399088,8
173.57931155533842,12
173.63072746505875,2
173.6404417343876,11
173.6888046089653,7
173.72462907542044,13
173.75049885086636,3
173.76028264644773,3
173.82401522728244,12
173.848332103447,5
174.13948597625932,7
174.15590932680522,17
174.2101186407718,5
174.24831495106343,9
174.25963526259082,21
174.3199484838752,4
174.32323377863176,28
174.3411024594078,4
174.37341404367572,8
174.37416319465171,9
174.37702884887153,14
174.42802942359032,4
174.4453931484538,2
174.50926905333938,25
174.51722586508976,18
174.56320133732217,1
174.5691842424873,2
174.56991021252995,2
174.6108654608458,2
174.64657974600277,4
174.65447173428197,2
174.76538979774782,3
174.77798932460178,6
174.78108126260878,12
174.79374832002375,7
174.8389433173387,9
174.8398062653688,9
174.84130865204338,3
174.87176027897783,17
174.87754005805712,17
174.94095718600545,8
174.95039779489997,3
175.0141772892674,1
175.05812575004816,15
175.05821869859895,16
175.09468058035566,1
175.16193942748325,8
175.16854016579006,1
175.2270080312324,7
175.25536803157402,2
175.25750654459716,19
175.27558984477463,9
175.305756257981,3
175.32248504612258,4
175.32557616340247,2
175.32628014730471,2
175.34006193624936,1
175.3532252996512,7
175.37476273249663,25
175.37672507202956,19
175.3792500539181,21
175.37925752327314,14
175.37973775188902,14
175.3905614348013,1
175.40292489545894,25
175.4379606514608,24
175.43972529961502,5
175.44097393234006,4
175.47160770300957,15
175.47742128351064,24
175.51379339452131,6
175.52491365191113,2
175.53552632014814,3
175.56817234854546,4
175.58122111057855,13
175.59326437450216,11
175.65135037816526,15
175.66603219550288,1
175.68955018470595,1
175.69184944861865,18
175.705799210612,4
175.7143623147336,18
175.76905525154558,15
175.79372415172318,1
175.80069377980675,1
175.80105691559288,7
175.80882093564986,1
175.81030241750418,10
175.81477595433583,7
175.8361801622006,4
175.8426084180875,2
175.84487286456522,7
175.8956223695154,10
175.98160034084523,10
176.03565388620635,29
176.03638081671392,11
176.03862413540398,4
176.04489692151125,5
176.06721727937355,3
176.07339329218968,26
176.08233177025036,29
176.1165577638188,2
176.1295825228369,1
176.16487354168325,3
176.16984819600336,1
176.21450545813806,6
176.2172263505019,8
176.22397512412192,5
176.23649322783479,1
176.23896205202092,3
176.27472145187613,2
176.31954504519302,1
176.3220126160441,13
176.34120839751657,11
176.35073083661786,25
176.3761656073755,2
176.3775263904304,20
176.37896622519577,8
176.4108643760951,13
176.41262624628195,3
176.4190621991616,2
176.4356278424299,13
176.43714893817474,5
176.44428208358795,17
176.44702030194316,22
176.46372492059248,25
176.47739386198938,8
176.52173159960486,13
176.57546076611752,3
176.5831069349778,8
176.58401775163074,15
176.60905901142206,5
176.61222077384681,11
176.6160102645832,23
176.61935517034328,2
176.62445365915298,5
176.66142983187547,15
176.66189870723443,1
176.6750705235546,8
176.75639959886337,7
176.7620287894834,16
176.76354616910922,21
176.81275770141647,3
176.82062224913363,10
176.8212930725101,5
176.83566860708618,7
176.880289099452,1
176.88370551243284,2
176.88512018357426,6
176.8857489733834,1
176.89275102361242,2
176.91847356102463,3
176.93996210893167,25
176.95315763681916,6
176.95385655957926,6
176.98923355544483,2
177.00541363379523,11
177.01463954222197,1
177.05487990474205,3
177.05621945831987,2
177.06100043964284,2
177.06550912595688,25
177.0680307888996,2
177.07083457125628,1
177.07592298960085,14
177.12453611044742,1
177.15234784554133,4
177.1844792969583,8
177.18986421218042,15
177.22033520571858,24
177.25908364169715,4
177.2638276608059,21
177.26408451424953,4
177.26701104380936,3
177.30144624230306,1
177.3093985947125,22
177.31624644036543,4
177.31669365310097,4
177.31724492013166,2
177.32051934762592,5
177.35679114502022,8
177.362283346162,22
177.3649122973943,7
177.37006049227097,11
177.37470590463582,15
177.3862818761899,1
177.4368753566289,3
177.44378062507334,17
177.44655535326035,6
177.47069460407977,1
177.4837020329119,15
177.49734074872833,8
177.52364302509855,11
177.5287962561685,7
177.5362887320776,4
177.54744178592574,21
177.56857318849217,25
177.56865992921604,12
177.5805509500697,5
177.6126126120284,7
177.64231125212532,1
177.6455200136482,20
177.6630916154752,10
177.69955952697433,3
177.71168509840473,3
177.77520005989228,7
177.7971238963091,4
177.81215590947681,8
177.86569147916032,10
177.90976044574936,8
177.90988059719504,14
177.92979364239773,1
177.9667971142794,5
177.96680227856692,27
177.96726725324112,5
177.97119419722821,6
177.97218020567553,1
177.97964951775378,1
177.9860211644311,29
177.99376738385723,7
177.99739826704428,16
178.06540674569246,27
178.1169878609411,12
178.1238547609671,5
178.12504877191301,6
178.1419370147033,14
178.15428272608995,16
178.1572529753988,5
178.17843084720965,20
178.1808207507396,14
178.18629831372496,4
178.19433355372917,8
178.21111269188816,1
178.21610711326812,1
178.23886537211754,3
178.2588544969497,14
178.2690765041477,1
178.2946389821462,15
178.30298960053548,7
178.31711458600216,14
178.32686687026953,15
178.34514287445577,29
178.34947556067755,1
178.35512484434386,1
178.35958513156262,7
178.36086665006965,1
178.36413875536016,1
178.37567716792339,1
178.37792219008946,2
178.37856659518894,27
178.38694451767248,21
178.40750223932474,2
178.40940803741964,15
178.41018988446106,1
178.41090185387196,2
178.4189039466037,29
178.42164556236142,18
178.43553468468687,20
178.44385757968251,25
178.45401858932087,8
178.4572517388971,4
178.46871345112942,28
178.4894043480225,18
178.49603941042184,5
178.50086363881098,10
178.51950888730585,7
178.51995380130307,15
178.52012330091895,5
178.52398846990494,1
178.53954921356413,4
178.54122209474883,3
178.54375361635059,7
178.60483787936306,21
178.62163128084697,3
178.64819241454245,2
178.6515685490514,11
178.6685399805189,4
178.67111478615774,7
178.67786662172148,4
178.6988316042948,5
178.72161794459325,2
178.73465827709572,23
178.75993714200013,2
178.76049241232883,5
178.76662811750694,25
178.776319579377,5
178.7774468918169,22
178.77946705207694,5
178.81103901728142,16
178.81207389202032,5
178.82332825475032,21
178.82745063193366,7
178.86247512263589,3
178.8702971314436,5
178.87852783191695,1
178.88189721955123,2
178.8846242226119,9
178.89193357834992,4
178.90070637956615,3
178.90581716207885,5
178.92260602755758,5
178.9636876202808,1
178.97343492396772,19
178.98327446505226,29
179.00977159848307,8
179.01284166450844,8
179.01838846311156,20
179.01997387266363,1
179.04220942003724,2
179.0477255827174,11
179.0491269911558,23
179.0525823336455,10
179.0628424523648,1
179.0704007115824,9
179.09516593817114,7
179.14232443696807,1
179.15367654335103,23
179.16282748476053,15
179.17607138926522,2
179.189518042782,29
179.2233741208173,25
179.2240908309339,12
179.22720636108292,27
179.23096794480742,6
179.23194336974467,3
179.23703466427932,29
179.24648283448633,13
179.24776178501867,17
179.2836490988049,3
179.3015097911271,6
179.30507479270744,25
179.30549942080597,22
179.30690770981468,18
179.30769947958166,1
179.3091946378568,3
179.32072404440385,13
179.32370498533692,1
179.33104452847033,5
179.35541430400917,6
179.36740973019076,3
179.37579295708795,7
179.37781355865536,4
179.38305631288398,12
179.39314197014082,5
179.39356639538366,4
179.3973007711939,2
179.39822073409408,29
179.39869934596229,1
179.41073966936898,13
179.41092421060586,16
179.41614160985813,9
179.43932036021877,16
179.4411865128495,29
179.4692838277421,11
179.4770927873591,4
179.48079510898575,24
179.4927241713503,16
179.50163470960047,2
179.50332628271602,1
179.51014738599193,3
179.51919796196097,17
179.53327333292293,24
179.53886473672546,10
179.54065366574025,9
179.5848882972115,1
179.5852145099722,2
179.58867262883973,19
179.60368651680048,3
179.6063643108651,23
179.60877584953573,10
179.61502505266017,1
179.61982837705125,4
179.62874539608347,10
179.6324563012254,3
179.64045063362082,4
179.6418963916733,9
179.6466912915635,1
179.66867100560376,2
179.67116503273897,5
179.67739593549774,3
179.68905454184429,8
179.69153249692795,23
179.71074766131477,15
179.7391953698743,2
179.7602728647545,1
179.7622343404617,25
179.77316787082876,10
179.77501143201755,24
179.78723549787242,15
179.79650580255355,3
179.82781809932428,7
179.83165116440634,1
179.83595593907182,14
179.8476664698256,3
179.85989430383643,3
179.86646649446732,7
179.86661030532645,1
179.86778556488264,1
179.8803152607932,26
179.88040021666274,28
179.88684089863207,8
179.88737227816952,19
179.89119433705216,2
179.8951803524685,4
179.91251104863656,4
179.912662001318,2
179.9221124400952,8
179.9271414089465,8
179.92766052217414,4
179.9402126373311,1
179.94505896458512,1
179.9470643134431,7
179.95290659201484,1
179.979351383532,7
179.98749340529565,21
179.99394813383813,1
179.99599338785086,11
179.99636341311162,1
180.00012661947025,3
180.00270009291518,1
180.0112271923434,6
180.01596342280035,27
180.02142814820874,26
180.02184213035682,16
180.02959449902454,3
180.03459742412966,21
180.03997405025768,2
180.06008862463625,6
180.06206400876374,3
180.08255947183784,12
180.09194527625854,8
180.1053556556335,27
180.10993495167307,13
180.11833953639416,6
180.1221026265855,2
180.13196232912145,13
180.13446344577946,11
180.14101855480155,8
180.14381152595578,8
180.14903274840307,13
180.15209103403234,2
180.16667910045894,11
180.16986120991882,11
180.18044639852235,11
180.1912857837451,4
180.19572748681068,1
180.1983462322278,1
180.208848625357,18
180.23358164027215,23
180.25094169409107,19
180.25562336067404,1
180.25715695596796,1
180.2708544091913,29
180.27154761749722,14
180.28156406741272,11
180.28408015988907,19
180.28447424343744,12
180.28613220648276,1
180.28839988047594,1
180.2942589212949,2
180.30592223369183,11
180.30966400026279,2
180.31714376029888,17
180.32138234324302,1
180.32314555273808,4
180.32669940947875,4
180.33368519875597,1
180.34761999384975,4
180.35267020259042,27
180.3619900248197,1
180.3683733296702,3
180.40711597159031,1
180.4073966559876,3
180.4118971374683,5
180.4128112168423,1
180.4165060979327,21
180.4196505437409,13
180.42287113283314,4
180.4313521727592,3
180.43379955464732,8
180.4379256048753,2
180.44179660030838,21
180.4429064310166,9
180.44810864492453,21
180.45415257102266,6
180.46125218154705,13
180.48443876869763,1
180.48550067310086,21
180.4993908038694,7
180.51562422098792,10
180.52289223033887,11
180.52809225449272,26
180.529125129383,10
180.54160086949335,1
180.5450234342539,11
180.54976306259647,4
180.55880581642216,11
180.56736365437888,1
180.58250844250114,14
180.58790982982399,10
180.59503560486633,29
180.60159626365956,6
180.60210327671544,1
180.6029686478808,1
180.60732824218744,25
180.63726478319424,10
180.64096920944274,7
180.65020366660625,9
180.66550250838392,15
180.66550479517917,6
180.67794713534758,23
180.69908496843408,9
180.70581959660137,3
180.7572132904977,1
180.76078736995578,15
180.78139169352323,1
180.79383659419756,13
180.83038996764355,1
180.84778131168034,12
180.8542228906566,11
180.86139912804472,4
180.87701655024435,1
180.89435189706268,1
180.89725590291712,1
180.90142289461346,17
180.9058179797197,5
180.91555884987227,1
180.92527985991947,9
180.9271112979595,15
180.93656042876967,13
180.94131707771845,27
180.9519433382872,7
180.95417971348851,1
180.96268134975597,2
181.02372096420936,3
181.0305987384139,2
181.0375327221892,8
181.03798622342993,1
181.04179089998428,1
181.0454313838481,8
181.07338168653706,4
181.08910455358483,2
181.11091966974868,8
181.11709737755493,13
181.12343332526464,2
181.13126540173954,9
181.13273957692155,1
181.1390363721686,6
181.14375927612775,1
181.160216142938,18
181.16424270433083,2
181.17406987201923,19
181.1772920303918,6
181.18369085558254,25
181.21905106406675,1
181.22324681909961,1
181.2269719067047,4
181.22717038119995,20
181.2539400494742,8
181.26073216922344,25
181.26078863767563,1
181.26309163782176,1
181.27642267938072,10
181.29574253526638,1
181.29822408484543,22
181.30763287393972,3
181.3197131984553,3
181.32816321566688,14
181.39570659290226,10
181.4048758605394,9
181.41017693606364,1
181.41420510577638,24
181.41905176163414,1
181.4285472263258,2
181.44943292748815,3
181.45213740663803,7
181.46047243753455,13
181.46702487040446,24
181.47071590463378,1
181.48549801906265,11
181.50032969440952,6
181.51152022725077,1
181.5222387946494,1
181.54085537703565,8
181.54243046161938,1
181.55558614038094,27
181.58042642307254,6
181.5895775973906,14
181.59603395527145,6
181.5999524729059,26
181.62436665121203,2
181.65023104568448,3
181.65285294595174,3
181.65862392148992,9
181.66327389357525,13
181.67754409746672,26
181.69429152726264,1
181.69461749114345,7
181.71013939863082,1
181.7187564295337,10
181.72170284503068,23
181.7413029921628,7
181.74825922430506,7
181.76621800386602,23
181.77353298209323,1
181.78923800992422,2
181.81342055369453,19
181.82093929421674,16
181.82213258718593,17
181.82417955709175,2
181.83377210619926,11
181.84027729887833,4
181.85047889266593,6
181.87382611301965,16
181.88101609726982,24
181.8816722641901,7
181.88366261662492,2
181.90028326961493,2
181.9079544527568,8
181.9225642834853,22
181.94245913144815,13
181.95322975983206,4
181.96144467582528,2
181.97222548957137,4
181.99692255312178,4
182.00083811541523,1
182.00677093712827,6
182.01393858543364,3
182.0231698825279,21
182.0330566110258,8
182.06549809787086,27
182.06595398138253,1
182.07877212440263,1
182.08306860306052,1
182.08469415520045,22
182.08518405466975,12
182.09335809364305,16
182.11187587867286,27
182.13446408433043,26
182.14058043403577,1
182.1541842927454,22
182.16633243331182,23
182.17866832809614,8
182.18363765613117,3
182.18376831967348,6
182.18445311721592,2
182.2025774758927,2
182.21058726720585,6
182.21196323326447,8
182.2128455551878,3
182.21318629096436,7
182.21439405044237,1
182.22397479990863,19
182.23310633854697,1
182.24685981807244,11
182.25651530289394,20
182.25692401358938,19
182.2824262159272,14
182.30125225820052,19
182.31213609563162,17
182.32446735650115,3
182.33628889937066,22
182.3414302434216,12
182.34161869487528,12
182.37540449379668,12
182.4313624038659,18
182.43174931197123,5
182.43545576517474,22
182.439597775049,5
182.44306256704368,10
182.44833935069423,3
182.4669495297292,11
182.46962489174518,22
182.48197671975646,19
182.48215599749594,9
182.4903656050982,5
182.49143570381696,3
182.49431603740422,6
182.49759398833757,14
182.5163075970114,7
182.52633329108727,27
182.5325939411091,2
182.54182914751678,9
182.54477332790313,1
182.55310793585897,12
182.57309969265165,7
182.5853685667002,3
182.58617654053288,20
182.6172392615818,1
182.62107119817856,3
182.62786988679724,27
182.6409577085153,1
182.64611724360498,1
182.67221207225847,11
182.70731367606314,1
182.74018068775464,1
182.74277032615484,5
182.75056216487044,26
182.75525261895896,11
182.77540936299172,13
182.77748831403167,4
182.79267767616938,1
182.8230244467525,1
182.8266912802068,26
182.84540930863864,3
182.8569124796112,1
182.85903329889905,5
182.8611965221502,2
182.8645647267547,6
182.88930188732667,1
182.90487471856497,5
182.91030467369234,1
182.912772302709,5
182.93721338402946,1
182.9709037375743,26
182.97609093409824,10
182.9771410062118,28
183.020488244187,1
183.02825272031382,22
183.0310072567666,9
183.06063219675573,14
183.07846130043748,10
183.09180355534986,11
183.113463466505,2
183.1229165746175,5
183.13980726978323,17
183.14415070088674,25
183.15899889166246,10
183.1612553918769,22
183.16475069161385,10
183.16605962956618,5
183.1856202134533,26
183.19111491847266,3
183.21497750390395,3
183.21507286396175,22
183.2192342613165,1
183.26228586007534,7
183.27038041611593,4
183.27162067709455,7
183.27647235462456,3
183.2902524399807,1
183.30576711902498,11
183.32721904356487,5
183.35546237765115,20
183.3844171266384,4
183.39190195837682,13
183.4269763493145,16
183.46140589547957,1
183.47376180936857,5
183.47830182787933,3
183.52404013688744,12
183.52534130276123,2
183.5429470278864,5
183.5476591973246,16
183.54795321838432,19
183.55304370475315,11
183.57472112368265,6
183.5799892237586,2
183.58788782626272,19
183.59344984492478,18
183.60233858500516,1
183.6038366283038,8
183.65486850246623,6
183.6645628470926,13
183.66786499044053,8
183.66907247328834,23
183.68060242792473,1
183.69080567471224,8
183.69282296212413,2
183.69413400576562,6
183.69456672750246,5
183.6957761517776,13
183.73278735157456,2
183.73389807337944,22
183.74933831206158,17
183.74980108398702,6
183.7612095019896,26
183.77215231940187,19
183.79126486191865,7
183.79735031975505,3
183.81067281663846,2
183.82247495607643,4
183.82464206197523,23
183.84347458661958,10
183.8520756521957,7
183.8536062940755,8
183.88666923623373,16
183.90813324365774,7
183.91234590067307,1
183.95830641203597,27
183.9747829350352,20
183.97992415286848,14
184.0189738551363,3
184.02278665660012,7
184.02331548713533,19
184.0491391923058,3
184.06373125676961,14
184.06489856849902,23
184.0838395074003,18
184.10305927756795,9
184.12321014165374,22
184.13142737191205,4
184.14698339022334,14
184.14827498740996,7
184.1533661230555,2
184.1581498785359,1
184.16927796197692,6
184.1932508124529,1
184.20599298502373,4
184.21186791053094,15
184.2366160615232,9
184.24041316525663,1
184.244615022122,26
184.31158825370852,12
184.32421928805803,13
184.34892154048356,26
184.36738819614902,10
184.38135797763272,11
184.41055780673838,2
184.43103333688356,1
184.43825547183172,13
184.449237224373,29
184.45873403339186,16
184.47350679658416,18
184.47987924854323,12
184.49486277276472,7
184.50035006714972,8
184.51618122588144,22
184.55514491130623,11
184.61141744036948,18
184.66875287457685,2
184.69770624174032,2
184.70678710762377,2
184.70685570591294,13
184.70692206824964,3
184.71596295592806,18
184.73939221949047,10
184.80008473226664,3
184.8103398843324,2
184.81451251950136,4
184.81848869897968,1
184.8982860468545,2
184.90198495969716,3
184.9232617325234,1
184.93359539751907,1
184.9423894686369,1
184.95530687767183,8
184.98187730487405,2
185.00385476355396,4
185.01314492451402,6
185.01491891676952,5
185.02732285800283,18
185.05052830312357,1
185.0745193153079,1
185.09138576297394,4
185.11200416060365,20
185.1144830755326,5
185.1310917038614,1
185.13875553527575,24
185.15225502539263,27
185.16818162207036,8
185.1707635407071,7
185.19893622409708,8
185.20062502026272,13
185.21736264073846,15
185.24276845458397,27
185.2621652538331,4
185.26650883065383,26
185.2932688171119,7
185.29474546926917,2
185.30147559560822,9
185.31414812175268,16
185.31432504062366,27
185.34520730769518,8
185.348814401051,7
185.35889022009974,8
185.36628763058346,1
185.39398967866293,17
185.45760410812107,15
185.48323532721642,14
185.49235202137763,22
185.50141233284782,3
185.50503160663237,3
185.51991054118565,17
185.53018279692543,20
185.54282052764802,3
185.55665075024723,4
185.56197781491326,14
185.57555842224693,2
185.57797996547794,3
185.58694456061656,16
185.5962916873969,6
185.60366826084902,4
185.62210123560013,13
185.62709524720267,5
185.64207956084448,2
185.67354610655804,7
185.71445141033035,21
185.73246166845104,9
185.76516777811847,5
185.79219518067677,1
185.80757019539874,2
185.80940060529895,1
185.84379210618607,16
185.84741991006723,2
185.84744233344972,8
185.86459643535275,6
185.89403063828217,13
185.90805374984413,9
185.9216771104582,4
185.96676895791413,2
185.9764486746942,9
185.9765195372184,6
185.97712195463131,7
186.0096301066826,16
186.01906968360183,13
186.02852553206975,1
186.05691095580195,2
186.1281544592258,1
186.26764769153456,7
186.27717925440265,1
186.28413774963124,12
186.32531471545164,2
186.3747004446184,10
186.39328727801686,12
186.4116619602057,1
186.44361523008618,13
186.4921150400516,1
186.5263980120681,2
186.53647138996666,2
186.55262236624472,17
186.56099931812687,8
186.5939817945691,23
186.60232659284935,16
186.609247410767,13
186.72029247149382,10
186.88398836686508,2
186.89228207578967,8
186.90556786439046,11
186.90581054074582,17
186.91642224530096,5
186.93153445847057,2
187.04627454633152,14
187.09035741184664,6
187.09902176464013,15
187.11399342889166,5
187.14788582403034,5
187.20067871887528,14
187.21010266115726,21
187.28067204541182,4
187.33499668996174,4
187.47806721231444,1
187.51500416173002,12
187.6583795598339,1
187.71019092374058,15
187.76383526737092,4
187.80552918841474,6
187.81850394570347,5
187.8229084613678,3
187.83343243712946,2
187.84012177422494,24
187.84312666954833,4
187.87164944258126,9
187.9006294298198,1
187.99739561589266,3
188.010821923722,4
188.15361084194484,1
188.1544986996038,29
188.15553728126105,24
188.16825970868746,9
188.3822883031614,1
188.38362970882375,4
188.40973741641992,5
188.4468538907564,29
188.5555186648001,12
188.58638295520967,1
188.67810806476706,1
188.68874498362769,6
188.6948794124185,4
188.7106880226195,1
188.8759638347347,1
188.90818237775196,7
188.92409510759032,1
189.04585493671317,1
189.06666317656718,1
189.08729181265542,9
189.0982819831433,5
189.10121966385847,4
189.14079694220058,28
189.1416121132411,15
189.16092358203832,5
189.17757839520695,9
189.19839059663332,1
189.2161639440524,22
189.23510255652033,1
189.2849173825816,22
189.32304700318795,1
189.37450785812834,3
189.46128782051127,7
189.4873867368761,24
189.5694675256874,1
189.68467768069843,24
189.6850266479246,2
189.6874703390776,5
189.71909402526563,5
189.7597300568303,2
189.87925452043754,24
189.89339730017807,9
189.8969260474139,6
189.94753366033058,5
190.00004723292176,19
190.00847428987115,4
190.01518002839455,7
190.0186591107547,25
190.0679318517958,7
190.12787028040015,5
190.2484547700911,8
190.28547697888695,19
190.3092271884829,7
190.31845479060397,13
190.35493726669202,21
190.4607185337352,10
190.4929394263849,5
190.5156900494308,24
190.62322206945612,1
190.72616557987453,26
190.81298147914697,6
190.83354158617504,10
190.90284496269595,29
190.9408145074042,13
190.96881359915827,6
191.04127362564353,7
191.1310152009421,1
191.1555410248305,13
191.1786672838751,2
191.29631549543325,1
191.31667233231147,6
191.37112435110245,10
191.52083239470818,7
191.56550294960985,13
191.56981501328767,11
191.6127176854345,16
191.71942403143925,24
191.79020963824723,8
192.0046994317158,5
192.01007906997845,13
192.0823791514913,1
192.08369116576085,13
192.08693511724445,4
192.11938799620438,13
192.12459607851522,2
192.1426602679064,7
192.191949943817,10
192.21294331394557,16
192.22769977687395,4
192.23984783039518,16
192.24791411252428,1
192.30530041080135,19
192.3110607274522,3
192.3809212248638,1
192.4309300197274,1
192.46386440518773,1
192.48699328110158,4
192.51698915718544,19
192.54432463372265,3
192.54648170558085,4
192.6121611984754,4
192.67050022061102,8
192.6960412490767,1
192.83565249370093,9
192.83720102032476,29
192.97497931654118,5
193.00551364691,4
193.0532440853034,10
193.0905851432372,14
193.18585602859736,5
193.21736504664335,5
193.26413396177452,1
193.29214421538802,6
193.3008880255666,2
193.37994926707,3
193.41366328726542,5
193.41870493984482,19
193.56336442405794,13
193.5670666286226,29
193.586405758473,2
193.60270053645834,18
193.64064437601797,12
193.6502996442756,23
193.6531599905494,23
193.65697575778537,29
193.68743053041547,27
193.71421687995877,10
193.9232880232657,6
193.92935143225034,6
193.96293510425824,1
194.00045096225804,12
194.05564159098947,8
194.06107846859138,11
194.09829670536075,6
194.1022435590313,2
194.14577922583078,15
194.17697278259305,1
194.23082306353916,27
194.2700949662538,19
194.2775650383516,15
194.33066131324676,2
194.34512245435903,3
194.44827626044847,1
194.45109841171475,1
194.4908855810451,10
194.55975869027338,16
194.64920992657466,4
194.65430127039505,4
194.71806354199717,13
194.87102104788295,21
194.87167989577966,1
194.8761611310916,16
194.9320712482151,7
195.01615127557486,3
195.03038934760693,3
195.04789550782718,9
195.05948178629498,3
195.15543867410395,19
195.1639724001426,24
195.21984814527138,1
195.227282801949,3
195.25929753299673,5
195.29833276438293,1
195.33563926412938,10
195.36222738990648,11
195.38525185999282,3
195.4095752383877,4
195.42421383135311,11
195.4251577385094,3
195.5005100735722,10
195.50240192560682,2
195.6760252632605,4
195.6813765406908,3
195.73437667429968,4
195.76799068826875,3
195.7729015435118,9
195.82345902160833,1
195.82843359268492,17
195.86832989748532,3
195.88502402604917,1
195.92009129011697,1
195.93450389636314,4
195.99091528250707,12
196.0558909636401,2
196.1231596207035,27
196.1309103409274,18
196.17871218533793,3
196.17920992140066,4
196.2303335763633,8
196.2333740610073,1
196.2543569603689,2
196.26441110965894,10
196.26883763609948,2
196.27919135511104,5
196.36432829937627,13
196.3827071667267,1
196.47127689644415,2
196.49297748947188,3
196.5273310371326,27
196.58101449600107,2
196.68455856464158,26
196.69370116286814,2
196.71554054892772,2
196.7591187308508,21
196.77010124955544,1
196.7763556865362,2
196.78740944487313,1
196.8202817808144,9
196.84265011806815,2
196.90870481184555,2
196.96769565157234,5
197.0066024080396,13
197.0107786784658,1
197.0191948478351,10
197.0343828721945,2
197.04349113608302,1
197.05041702357107,4
197.07217275791487,1
197.08123269574816,16
197.1002837443846,20
197.1428577154057,27
197.1431822928151,29
197.15726039951744,5
197.16705787218336,1
197.18173829743145,19
197.19648669539845,29
197.24242391539275,5
197.27406565404002,29
197.27719459786692,12
197.3037660857629,7
197.32100727872478,1
197.4151477505451,1
197.42640197607588,5
197.47745741358275,1
197.47952460956853,6
197.49096302938142,1
197.5077577074013,26
197.60926343020984,13
197.61964931706217,2
197.64700445943654,6
197.65659340992752,2
197.67370893201925,1
197.72548354116964,10
197.74597182650643,7
197.75249896167267,7
197.7643926654629,15
197.81148877010148,12
197.82496723994814,9
197.91218608236318,11
197.91706713877016,20
197.92043198104207,7
197.9424954547951,1
197.9572083399945,22
197.97167685085344,5
197.9723156596093,4
198.052917176557,8
198.06955583261384,1
198.0880163933448,9
198.0885710964777,1
198.16366702865793,5
198.17060575284043,17
198.18413364683556,21
198.19329264839953,25
198.1949407682635,10
198.21892170603795,16
198.23223533648195,1
198.23751685454812,19
198.25209695380516,6
198.29273724023034,25
198.3171225456538,19
198.3211044057439,10
198.36532871512478,27
198.3831611465042,10
198.44300259326465,9
198.45605292348378,4
198.4800533336094,4
198.4902758317356,4
198.51404908247835,27
198.5225433396003,7
198.5622246239004,3
198.5641555603275,14
198.6237148767977,25
198.6343704564802,26
198.63654175133297,1
198.64422136786968,3
198.65969467217636,16
198.68071273610238,14
198.73068991022726,5
198.7444510212716,1
198.74874468368733,1
198.77616825148382,7
198.8114249824061,7
198.81728830306253,5
198.8226364365457,5
198.865129107668,13
198.86935627591345,1
198.87478098889994,5
198.90995049832068,19
198.925712284302,1
198.95777241487284,20
198.96685669184043,7
198.96733437765178,9
199.00093970494413,13
199.0376484762912,18
199.06771407615145,1
199.09407044651397,5
199.10709200213327,21
199.13892403075374,3
199.14690088925136,8
199.21383624144872,11
199.21872493416336,18
199.33476839851676,2
199.36803635964478,7
199.41849198937138,3
199.47120641663278,1
199.48070693202368,2
199.49602216162805,26
199.5257131436512,21
199.55333155412808,15
199.56745452763033,12
199.6106956417887,9
199.62712508241123,2
199.65499172569682,26
199.69314192038047,5
199.76174871143374,14
199.7890179993248,7
199.81341463142755,5
199.8611785600281,19
199.86257804506636,19
199.8874499859112,1
199.89074520788245,1
199.95089433012174,7
199.98714618608022,12
200.02477426627655,11
200.02780991998839,4
200.0752244387517,5
200.0866352087746,22
200.08846746128228,29
200.13186114585395,14
200.1504920582482,11
200.15527202054895,4
200.17739350777907,18
200.2260160625507,20
200.2840872670445,1
200.32594479900834,9
200.36422912263276,1
200.37396230256846,3
200.39694093566416,11
200.40968997022838,18
200.4586584574804,1
200.47063553230666,2
200.48042728076413,1
200.48970877486667,8
200.56019972526585,3
200.56288629940053,7
200.57843834383473,26
200.5791463066341,1
200.5854537700724,8
200.58700931452114,8
200.5899084321293,4
200.59074147015923,1
200.60979324735766,4
200.6171150518578,6
200.6204943179038,1
200.62222592232843,2
200.63648478338135,4
200.6384281188287,13
200.68623777938618,4
200.7187363934521,27
200.7580163343091,9
200.78536817496223,1
200.79396180240403,29
200.81585679801924,13
200.82769684719963,5
200.84051589845947,6
200.85040133885502,14
200.85894279518183,1
200.89763273633778,2
200.93738275093708,3
200.97903443606776,13
200.98579905498676,1
200.9924344173864,13
201.000966171693,9
201.00817714267598,13
201.0278067416307,5
201.0690383385383,13
201.07231575498693,5
201.07922691990137,1
201.10171804295905,15
201.10851279937947,13
201.12838765237908,16
201.15816171325162,5
201.17849344983466,8
201.2511534836322,3
201.25511147676207,15
201.27575580343515,1
201.32075455761816,21
201.32223848516784,2
201.36485201024624,11
201.37297286326432,21
201.37982809415928,1
201.38177472121887,2
201.3857723137968,1
201.38781977404346,2
201.41188668339015,23
201.41494015167487,11
201.42274391035073,2
201.42708215819445,7
201.44159422092065,14
201.46638858907488,5
201.48512385180803,9
201.52234191382158,17
201.59966782956536,2
201.60041641526405,8
201.60680018348188,7
201.62788961920543,2
201.6532545363741,1
201.65658372228268,12
201.67052849494968,9
201.67697780091908,1
201.67785210017956,3
201.69759610848988,2
201.71570051889444,19
201.74461718485745,6
201.74766962962445,15
201.76904908379876,2
201.79376654179126,8
201.79719613761785,3
201.8188552231191,13
201.8206223716216,1
201.82631277283116,15
201.82886388138238,8
201.83489774070597,1
201.8419717279127,2
201.84359480696492,1
201.86075505378517,1
201.873815579707,1
201.87758406849386,11
201.87868650315679,18
201.88854588877842,2
201.8901927398117,3
201.89266477038424,3
201.9156130111354,3
201.92388309420832,25
201.92519895373815,16
201.93771023453897,6
201.95457621660455,10
201.9560481836562,4
201.9586930057485,3
201.9742227317991,11
201.9980367546658,1
202.0153717432417,1
202.01977109979964,26
202.0329255382482,1
202.036093482002,20
202.04275796336287,1
202.05104065399084,18
202.08875564095425,1
202.09020201835617,5
202.11632114619346,5
202.12107063672508,10
202.13943394786318,26
202.14005577401346,14
202.14168376191645,2
202.1519735733818,20
202.15387642078355,10
202.15940635449317,10
202.16652764904526,5
202.17971124486536,3
202.1831422944695,5
202.20297738565836,25
202.20540141610292,1
202.221475045012,12
202.29048936481206,2
202.2922331412961,15
202.30400179318457,5
202.30672427035822,3
202.3096834150604,1
202.3187597027858,11
202.3198548308951,6
202.33487447169333,5
202.33936485261822,26
202.3442436483215,2
202.35873573741125,7
202.3635348807408,11
202.3729263421919,17
202.37916626759747,6
202.39357603545656,14
202.41257161251733,26
202.4273993756669,2
202.4304415982593,15
202.4520103207771,1
202.47757002124072,1
202.48721475685142,14
202.49404850707572,1
202.4956977398416,9
202.49581698000486,1
202.5001486571784,1
202.5039436001305,3
202.5315977048533,19
202.53553968321364,12
202.54565632050605,25
202.5554436213623,1
202.55768735072203,18
202.60133960588857,11
202.6098975830127,1
202.61996109753466,27
202.6223234742473,4
202.62966415046358,6
202.64344100486306,13
202.64356797156654,1
202.65619321483933,1
202.6862286064122,5
202.68864675759662,9
202.68980905902367,3
202.69429796426218,1
202.7110198066441,8
202.72623730193982,8
202.7668611920258,1
202.76740030836882,19
202.7877150243117,3
202.79172372845872,6
202.80080913382017,26
202.83303095499394,20
202.8718214756203,2
202.89433739893715,12
202.91096275551388,8
202.94169303507917,8
202.94252198948848,2
202.95332587758645,20
202.95798747711663,4
202.96647403988308,1
202.97084107426673,14
202.99709331430574,15
202.99710484776105,1
203.00958447461218,9
203.0138572510383,15
203.01943791786874,1
203.0245657675173,14
203.05922416732253,13
203.06178041898843,3
203.06320527516706,2
203.06858544860577,1
203.07409538599353,11
203.08163889840966,20
203.08223255481514,2
203.08411781586958,5
203.0940867910286,2
203.10045257421024,17
203.10171368955156,1
203.11053935814553,17
203.1148434156932,1
203.12256096003182,2
203.126843354077,19
203.13353133770312,5
203.13878937743584,8
203.1604086280487,17
203.16805545657033,9
203.17083463726877,4
203.1786833038552,21
203.22145573740644,7
203.2340821234564,1
203.23973133374773,15
203.2430549816543,21
203.24856137557498,6
203.2500184748182,21
203.25949577707624,22
203.2661131838641,1
203.30760086018077,1
203.3088636275676,4
203.3192320371511,4
203.33121297249838,15
203.34016126325625,7
203.34735533375533,4
203.3481913657353,1
203.3553335427819,22
203.36094127744872,18
203.38237673269344,13
203.38662697095106,2
203.39117001902085,1
203.3949618121779,5
203.39860130161733,3
203.42668974403435,2
203.4476687194654,13
203.4495770082294,11
203.45616687948012,2
203.45657504377266,3
203.46204976274115,6
203.4732709722163,22
203.47484301605812,13
203.47796016607006,27
203.49157251407826,9
203.4977751600672,3
203.50143899883363,5
203.51162402516243,20
203.516792988196,21
203.5172550785395,6
203.53441122884647,3
203.54045559260626,1
203.58660563361553,11
203.59459361337264,16
203.61896932065045,21
203.62820319464876,4
203.6293138836936,21
203.63065038163907,14
203.64303141411642,6
203.65247187463532,3
203.65392365190502,13
203.65523918909125,12
203.6567993161607,5
203.66732755795607,14
203.66862514464174,3
203.67200134806794,1
203.68276408980793,15
203.69853390570026,13
203.70037367692473,14
203.71022622243453,1
203.71209423997414,3
203.71450116254636,14
203.72857904886953,15
203.75173012861063,1
203.752268599908,2
203.76297315874675,7
203.76659593445763,10
203.76755857823755,10
203.77106231997735,1
203.7870608964268,7
203.81085644741975,2
203.8336736847064,7
203.8419302378309,15
203.84653360543518,6
203.8548190508833,4
203.87654246193537,9
203.87875222347486,5
203.8874531813462,26
203.893382793017,1
203.90511588203702,28
203.90723600836992,4
203.9187631687693,3
203.94068612044833,13
203.95272597711227,7
203.95582954384636,6
203.9646061917635,18
203.98021144873013,17
203.99711068043197,4
204.00306262663722,6
204.0188856159043,7
204.02139992634915,1
204.02769287795746,3
204.0381505838624,26
204.04083515796043,16
204.05416988815924,19
204.06285921994012,8
204.07551587529755,2
204.10438860222305,4
204.1299239648359,26
204.1366098794752,7
204.13777481960844,29
204.1461790476431,27
204.17906783826663,29
204.18288023187853,19
204.18829105764917,6
204.19046105395682,25
204.2205677604384,16
204.23082174109507,27
204.23255103516308,9
204.2439454218191,1
204.24480108424217,13
204.24582402795815,5
204.24718593695275,7
204.25112138263674,11
204.26204678419998,5
204.2685073156819,20
204.27302960289222,13
204.27661211025656,14
204.2792897292265,19
204.28326667945555,12
204.28681064787597,4
204.28722238709287,17
204.29097266879143,5
204.32141977973941,12
204.33697301538214,17
204.36754770455914,12
204.36826868629043,7
204.37943763935203,2
204.3795858593833,24
204.40237365207852,28
204.416727597481,1
204.4314379950903,1
204.43447931459465,2
204.43536494579942,19
204.44164023027315,24
204.45938945416293,24
204.46797865751512,22
204.47419881392602,2
204.47963062245282,4
204.50190876937478,3
204.5081978482849,29
204.5179685211814,22
204.51820088771424,3
204.51823625629555,2
204.51989646554927,1
204.53262955278342,3
204.53988346129125,15
204.54117482373118,2
204.5433812731843,8
204.54627684169125,1
204.55597979556777,5
204.55847366232,21
204.56210755626648,15
204.57606964154945,3
204.58493325435177,19
204.59581201741136,16
204.60396455213035,8
204.61644705554923,14
204.6198276016822,15
204.6219207545421,18
204.63667116612308,2
204.6424621825124,16
204.64341246296456,21
204.65571600101526,1
204.66524091515058,29
204.6899825360884,8
204.69513469014504,13
204.70875784849684,1
204.73994988337307,12
204.74785700657068,21
204.76795394083229,29
204.80273439476156,18
204.80928849256895,4
204.81438129415395,17
204.81705174178876,2
204.85595671934104,17
204.85648626602526,26
204.86536170162725,1
204.8680279829329,1
204.87424966136567,17
204.87703562871994,2
204.87827177788694,26
204.87930202478515,5
204.88230003577854,11
204.90332033133228,12
204.91217293114593,21
204.92841884953012,22
204.93790168394125,2
204.944971143243,5
204.96454108872769,23
204.97174682738128,4
204.97212590499473,2
204.99942954237784,26
205.02574195763523,7
205.0456003857447,20
205.05528545426563,9
205.0692103083568,11
205.10679308428305,2
205.14147383297444,1
205.14202827984178,4
205.14766199318717,1
205.16199200177434,3
205.19708505295955,2
205.20236809454508,1
205.21053853537862,14
205.2120694928913,2
205.21401874853112,1
205.22889475277321,5
205.2298212121169,3
205.2300419432144,1
205.24139950433994,23
205.26216128055194,29
205.26321391663174,1
205.266565672037,4
205.26661390224106,3
205.27604864581397,1
205.29327095317586,3
205.30527450000832,25
205.3179075612648,3
205.31884015987734,6
205.32478039520012,3
205.33224231887826,10
205.34275974776494,1
205.35101082181933,3
205.35721758055178,3
205.3636897319285,6
205.38813658966774,5
205.3882719574249,16
205.40479392720962,2
205.4117317046667,7
205.41776248802373,10
205.50417761489578,6
205.51571907299208,17
205.51998777121193,16
205.52665245797556,5
205.57780121808557,11
205.57849300925287,2
205.57896225492155,14
205.58325125975765,1
205.5899520705829,4
205.5993895991447,6
205.62449340250052,2
205.6366871210214,2
205.65084632365188,23
205.663495986043,5
205.6638375088535,1
205.6751218678824,25
205.68037689533347,28
205.68607230150803,13
205.68665478722775,6
205.6953145443202,1
205.73054438968796,1
205.75320021715433,2
205.7649978179955,4
205.78831751852428,4
205.80529214430933,10
205.82452910940816,10
205.82606966501274,4
205.82822207476045,1
205.8301145956772,7
205.83252906468087,4
205.83919249481548,2
205.846259910698,12
205.8580037815028,21
205.86251367694032,13
205.87303242542774,1
205.87634496008425,18
205.89680413406398,4
205.8981491652657,10
205.9092287942307,21
205.9294035959582,5
205.93095672719235,4
205.93200804104399,22
205.93216453271552,19
205.93986197875356,2
205.94049770913267,4
205.9435881004772,4
205.96030831377288,1
205.96267142671118,22
205.9635265286903,5
205.97826337407952,11
205.99166447580438,1
205.99317206953472,13
206.00776852356995,1
206.01270180423998,2
206.01282834253257,2
206.0129246640428,1
206.01857889246637,1
206.01972470155079,8
206.04332184011048,3
206.0717741988266,2
206.08362642819014,1
206.09374166993098,24
206.09376357422843,24
206.10227629445916,3
206.10655358464422,12
206.11194725137523,2
206.12074414798644,1
206.14814197994528,3
206.161197884784,6
206.16330854892811,1
206.17078050485048,4
206.1731789666359,3
206.17877113253772,1
206.1804834165886,25
206.21791428309578,6
206.22499323287656,11
206.28190928262921,1
206.28268073857416,9
206.30948212048867,22
206.3295998018642,1
206.3360708137888,1
206.33834515741762,4
206.34062646954317,1
206.34199886138157,9
206.3484403437673,5
206.35298209273083,10
206.3591108680497,1
206.38939300660573,19
206.39054218290482,15
206.39830475112024,18
206.40097539875825,10
206.4293328834528,22
206.4305708043783,1
206.44796884279333,1
206.4633869211664,1
206.48122719265993,8
206.48403215854273,11
206.4874668644882,1
206.497922775202,24
206.50985495149607,8
206.5118229472172,5
206.5165109053355,8
206.5203044069027,1
206.52520977566215,9
206.5700479395095,4
206.57790373930945,4
206.5866823384785,5
206.59174192319114,1
206.59540728043123,19
206.60464359646855,1
206.60652991989994,4
206.6097546208414,18
206.65412701025411,24
206.6645143972961,28
206.67128202530174,2
206.6753221516433,4
206.6870136358907,3
206.69836127334904,2
206.70947179493837,23
206.71007704902107,28
206.73492197447996,13
206.77597222249545,7
206.7893991951122,2
206.7909771134739,22
206.79498415915873,24
206.7972124320898,13
206.8058956482674,2
206.8072686534995,2
206.84468542148713,2
206.84884638060586,1
206.85145258300298,10
206.85459833024743,7
206.86179888453344,17
206.8633474505252,1
206.8815389652739,1
206.8872969017157,14
206.90601193322996,2
206.9337732138311,7
206.94109042640264,4
206.94354239032637,1
206.95242691052712,7
206.96754239152483,2
206.98886819991344,29
207.01718580667372,15
207.04783952888005,8
207.06832424100952,11
207.07091529171973,7
207.08624657970162,7
207.13831858524486,11
207.1422546755587,1
207.19054275164808,7
207.195491950012,1
207.19783465368837,20
207.20299646658,4
207.20355517098344,26
207.22161399187948,1
207.27498710312335,26
207.28196408686847,14
207.2824236573708,2
207.2955423051031,1
207.30458496130606,3
207.3308458221555,1
207.34348765358396,29
207.34646151203623,27
207.3644870710284,2
207.36902161809496,6
207.3713478282562,1
207.38018193013843,3
207.39731011631994,3
207.39999158804036,13
207.4107791317763,7
207.41934854127203,23
207.42130100149484,11
207.45578399454755,3
207.45601763835137,9
207.46613401351578,29
207.53496991358557,1
207.56092727213766,9
207.601909150485,4
207.62365385948573,5
207.62886331157276,3
207.63101367146157,1
207.65741074761684,1
207.6596358611766,4
207.66145505521476,1
207.74048440941266,23
207.7426546534713,1
207.77217189466128,10
207.7915097128817,6
207.81184286428814,1
207.87828543266787,4
207.8820618236477,23
207.89051552558257,7
207.92655182309954,4
207.92721008812802,27
207.9348929984542,10
207.94795013241682,15
207.96583034111728,2
207.9803037678516,13
208.010127667275,29
208.0297242680549,27
208.0532770777757,26
208.07903818622194,6
208.08143778287192,3
208.09416719361045,15
208.1210209406743,29
208.1398463974334,13
208.14429050103786,3
208.1561641485012,22
208.15876234116521,3
208.17220065835886,7
208.1981369414139,3
208.20185120639272,27
208.2090400198172,28
208.20912463985655,29
208.26807390581493,27
208.27787073695748,1
208.28550332165565,25
208.2893594278247,27
208.2895699468014,1
208.30156400694315,1
208.30669987898483,8
208.33660071306554,12
208.3721858756225,6
208.426748904694,8
208.44258191630772,19
208.45290762797424,17
208.46906519432378,8
208.4932437776041,10
208.4965786893236,8
208.50008377096134,29
208.5179020513787,1
208.5183920170522,4
208.5196582602524,19
208.54689357985694,22
208.5680940879895,1
208.5743054656017,29
208.57526097638717,13
208.605750424772,3
208.62498079349032,26
208.6326680455316,15
208.63372999927287,1
208.63969923474124,3
208.66158255704613,12
208.6823112492683,15
208.69474103394,26
208.70890129831696,13
208.71441208170566,1
208.72893816994045,7
208.7669040134111,21
208.8003436922579,6
208.81009738631994,5
208.819015791108,16
208.85649520482616,9
208.8587574537323,7
208.95074237583393,16
208.96611866031827,3
208.99107664394154,13
208.99902733269784,8
209.01089448820383,15
209.03230280187321,1
209.03775637977074,6
209.04370125276967,8
209.0509237824643,13
209.0518726024424,3
209.06418353397265,4
209.0774218622359,23
209.0832209795887,11
209.0867670006117,7
209.13167461544933,1
209.16825445827996,5
209.18023630480278,5
209.18038005347177,23
209.18850048501582,25
209.208065553224,3
209.2096543256336,5
209.22005624078582,5
209.24651359018867,12
209.24700436496192,6
209.2855276815077,1
209.3011326435641,2
209.30561447608022,5
209.31575111659296,6
209.3632003280495,2
209.36707329970352,9
209.37587595299746,4
209.3864254153502,2
209.4015829180749,1
209.4030842365336,1
209.4083710898591,15
209.41586805541294,9
209.43893210224437,19
209.45627676697256,21
209.46238201383417,4
209.47177892810203,1
209.48137850443342,1
209.54997459826512,3
209.5577673297639,1
209.559220009317,3
209.56007920574342,4
209.5978031680246,1
209.60561233605011,29
209.62517597311262,2
209.63017591383547,1
209.69774335047705,2
209.71143124108517,28
209.76304120688414,3
209.79559532789185,2
209.80562137785117,2
209.8486537486714,4
209.89676947076114,1
209.91782189436006,10
209.92910177541214,3
209.9387371625821,17
209.93875697430582,27
209.9823902626513,7
210.00773252597432,29
210.0171550445505,10
210.04395160322738,11
210.0784622246827,1
210.13507968020764,11
210.14268961846975,11
210.21174888734524,3
210.22824864640134,14
210.26975797524815,2
210.29887932502953,7
210.3800265632132,11
210.42950386640706,3
210.4371906440917,1
210.5034248473302,6
210.52654022310176,2
210.5714632240587,24
210.57949544911114,1
210.6070699251394,29
210.61406994338012,9
210.62118074990613,6
210.6389997226591,14
210.71005782046356,1
210.74011791667508,5
210.81047355500715,6
210.90034892997522,1
210.94050797895198,3
210.98707423040017,1
211.0019041900544,2
211.00735544264117,5
211.02101787171614,3
211.09757458142715,1
211.14232161846772,6
211.17354130912625,19
211.3072133968192,15
211.32880621091996,7
211.33645922326875,3
211.33922877075096,13
211.34837443461248,6
211.372460917332,6
211.42232795764266,13
211.42559009048142,22
211.49020870829557,14
211.5210460972247,1
211.57189366698418,1
211.57847133611995,5
211.59261779786138,5
211.81917099935558,22
211.86793532977035,2
211.91265732315168,7
211.91494835574858,29
211.96074998629496,22
211.97770849233473,12
211.99611226654932,1
212.03105628076213,1
212.03419504281464,14
212.0520169042306,29
212.05932413754732,2
212.09522143538823,16
212.15691397865763,7
212.21503957228586,17
212.2281436791693,2
212.2362115765504,11
212.2441819434979,10
212.28966371547608,1
212.31082985485202,7
212.40640956966908,4
212.43463050848518,2
212.47010730948796,4
212.4758011551999,2
212.48612762098733,7
212.57556090572967,12
212.60225364893887,1
212.72484344107724,8
212.7981871701103,4
212.80468901446574,6
212.81920507523697,2
212.86763137172818,11
212.899298123779,20
212.9239957965236,5
213.00859098434208,1
213.15949614825664,4
213.1596385046797,9
213.19848364754134,11
213.22590921771754,1
213.23157344638796,20
213.31277104207734,11
213.3606290899594,2
213.39963876873594,12
213.42365097228887,1
213.45679881976477,19
213.58911672825624,9
213.60223346277579,11
213.71387336979808,6
213.7182913933632,4
213.7449647791697,4
213.82412291826063,1
213.827019541288,4
213.82894350546493,2
213.8847628414356,11
213.93069609511682,9
213.9437429172755,4
213.99490992229315,3
214.0228299599663,28
214.06577208637557,4
214.09058226864963,1
214.11843502296728,3
214.15443169344124,5
214.1602257510247,4
214.16037751077124,1
214.1653808036293,4
214.24329844687256,2
214.35473277908122,2
214.3897198534457,5
214.42047827813562,12
214.434663879885,1
214.44078830130573,11
214.5069051064948,5
214.5382469122833,5
214.5695233778707,5
214.59223586119097,7
214.62377880731032,12
214.67746138095367,4
214.69912256362738,7
214.72051097028142,22
214.74813598571626,22
214.80270139723166,27
214.8593273507869,27
214.90571008259744,4
214.91362805551478,8
214.91610752021646,4
215.1048913555157,6
215.11590403348168,3
215.16427076137214,28
215.2223136588787,3
215.32758916493387,4
215.34594857650586,1
215.36924304104463,6
215.43589961665353,21
215.45703481831723,1
215.5786975167369,12
215.78664343132598,4
215.82091437558122,3
215.85500903599777,1
215.90048251081276,2
215.94576900994247,7
215.94659928156747,12
215.9869090808541,1
216.0128611844351,9
216.1173073550484,6
216.1230451727862,1
216.15513053237635,17
216.198685176442,2
216.26316295612548,3
216.3556069994633,1
216.49204640091176,6
216.52303155196097,2
216.56531567031152,9
216.6339125611796,9
216.63476122921782,2
216.66616416648645,22
216.91960320769087,7
216.93558487572918,15
216.95315372843396,3
217.07609882133448,9
217.15145139471517,4
217.18313132730387,6
217.31100142216238,11
217.33978921932166,3
217.35361143853788,11
217.4763097966727,2
217.555932606218,27
217.5914864731335,1
217.60884801512037,11
217.6411803953897,1
217.66333776511956,29
217.76232051975958,15
217.80008716967592,12
217.88796019401656,1
217.88997760636875,1
217.8932667132384,4
217.90958038135145,1
217.92188816990515,15
217.95555004804237,16
217.9697669785857,19
217.9701267648699,13
218.10787779328678,24
218.16634125037135,29
218.17667477405317,13
218.24206059899714,7
218.26171718898576,9
218.30822359677936,13
218.36158781336442,3
218.3653346766727,2
218.3901341505169,1
218.39837908155656,6
218.41822304040096,25
218.42104846278528,13
218.48398663989798,9
218.49219755095194,28
218.52482188427587,1
218.58424922967353,19
218.62111623025422,1
218.62834520792447,1
218.67859107461715,14
218.68383271844715,9
218.6973081988721,3
218.80374747717065,1
218.81412111249657,1
218.82004059585418,1
218.8239229713456,3
218.84785848238283,20
218.89965449803879,7
218.9643083248859,12
218.9688362082055,1
218.98771261935482,3
219.06500632908012,20
219.07524480799404,3
219.1718150318038,7
219.1898877119926,13
219.2255792497924,8
219.22825823070497,2
219.353647446534,26
219.45099235522545,14
219.4636331521746,14
219.47462026380575,2
219.5388581330313,17
219.58920483068226,2
219.6068940943038,1
219.61419488041693,28
219.64824010877018,5
219.71684447537638,2
219.7471355262117,6
219.7541259562698,6
219.77856319663903,9
219.8981232575865,1
219.9341604349846,5
220.15221244779926,21
220.20816508522182,6
220.22824423329757,2
220.2558991094683,22
220.29957940624743,1
220.3062256899424,2
220.35601673318868,12
220.39215019373543,17
220.4064500947571,2
220.4357969268919,15
220.510261470312,1
220.58400033409046,1
220.5940571132623,22
220.61506298657332,19
220.63769607035925,3
220.6518902206437,4
220.7326797360663,2
220.78793212125572,1
220.89254864555733,15
220.9222611851587,6
220.92550971196042,21
221.0056022536774,3
221.00724629543407,1
221.02732812740305,1
221.07210496955574,11
221.08658010369075,14
221.10891605870003,21
221.21892242159302,12
221.22305930974153,4
221.23179511030415,1
221.2329088058844,3
221.24574994665034,14
221.32221853027787,9
221.4402198790398,3
221.4491941178612,3
221.46167984739276,1
221.4978270242879,4
221.5221826759002,1
221.52736185764834,1
221.53527892950683,1
221.58456797229363,4
221.62554386348435,17
221.6279544811074,2
221.65535773246972,1
221.72626069986507,1
221.73329233438494,12
221.7767493315684,1
221.78732571992182,3
221.84771096379598,6
221.8543896390452,1
221.92823494751028,8
221.97223738389556,14
221.98892951200202,2
222.09037991990965,3
222.09497096244172,11
222.1671744199037,8
222.1840410889179,15
222.22400930695167,4
222.29727550615817,10
222.30724464657192,8
222.32264665042933,1
222.33822180394574,12
222.35630160377795,15
222.4019845531385,1
222.42119087818438,16
222.43627682480846,12
222.45124009135014,2
222.47108036397734,1
222.51553087075123,2
222.53618818843174,6
222.5381089205502,12
222.55725703290148,12
222.59491399599065,4
222.63058561888607,8
222.65781474804203,8
222.67267396113894,2
222.75234757525902,1
222.81550483202886,2
222.82526467193708,1
222.85128147597067,18
222.9075988129098,8
222.93512940818368,24
222.95104968227412,6
222.99704493108393,8
223.0281465732535,3
223.05081480866758,1
223.0666091778069,12
223.07784264278573,27
223.15549792161423,9
223.17580877122134,8
223.18093485238893,1
223.2105617042254,11
223.21887250773477,1
223.22807543458381,3
223.2721754985912,1
223.27377584769715,1
223.28089449908575,3
223.3173865835808,1
223.35717958568313,1
223.37361289023767,10
223.40172685745705,24
223.42380423139264,6
223.43001298965854,1
223.48150704695732,2
223.48286985446245,2
223.50661898869785,5
223.51159799717112,2
223.53401513451496,6
223.5424148735987,25
223.5647118815543,16
223.5909505840223,2
223.60157874875966,17
223.6156382315826,19
223.629750194655,1
223.73346602774177,1
223.7345206648406,1
223.74552737102158,2
223.79184632173917,3
223.7923724194496,24
223.7969592295056,23
223.82180823995344,6
223.90198153771706,2
223.90786592765514,12
223.91341889901258,1
223.91432703255632,10
223.9349308594362,23
223.95891347769964,17
223.96906143666388,1
223.98567737946186,26
224.02032296875225,4
224.02165969213016,1
224.0360889293685,2
224.07964010952549,11
224.11228754595356,2
224.1316515353129,26
224.13693162155155,2
224.1379577521227,18
224.14692145444576,14
224.15655804732177,16
224.16876093261396,2
224.24746321447137,9
224.2886094599535,10
224.3236284808422,2
224.33492173219926,14
224.33640546773037,29
224.35207142282937,3
224.37936320471192,15
224.41496172781396,1
224.4216271940221,21
224.42415816607777,3
224.460599361433,16
224.46731122977357,15
224.5227489165814,15
224.54114668218367,7
224.54662582639628,17
224.55186299374253,18
224.561490687981,18
224.57093152617725,5
224.5788823211695,1
224.59759947905462,8
224.65538689539719,19
224.66908632907138,18
224.7078009564582,24
224.7219468640887,1
224.72322541110566,3
224.74057291247513,3
224.75245582081303,18
224.76231321272527,29
224.7793888625144,2
224.8086292072546,3
224.81440679806374,3
224.8492484739834,2
224.84976554190416,10
224.89373738118536,2
224.8985091915226,22
224.935295322323,4
224.94074450131535,15
224.97385119355627,6
225.0046167041478,3
225.04875887345946,2
225.05183721037568,7
225.07410956587736,1
225.10879436657245,3
225.1419858926031,1
225.1609055022033,13
225.17758029514792,2
225.18571400813548,18
225.19933373105675,2
225.20621977683993,3
225.2119741696785,3
225.26433470067917,16
225.26439762951165,1
225.28533839430168,9
225.3581692292938,4
225.37009263514352,2
225.4093102554902,1
225.41503900109484,8
225.4392467659186,1
225.45515755596475,10
225.45932281966637,3
225.48380993595353,3
225.51099527674586,1
225.53476763454435,27
225.54813448717232,2
225.61434199404042,1
225.62393845040734,8
225.65793927103414,3
225.66589962929834,25
225.66785586043687,2
225.68020393908986,2
225.6872369905138,24
225.7022429315369,5
225.73383050070888,4
225.7621735852672,28
225.76685857192422,3
225.77269122372525,2
225.8462898308128,15
225.84857793383065,6
225.8922601029551,4
225.89230001480124,4
225.89416994562896,5
225.9188343120531,7
225.9277390263993,20
225.94144517417712,18
225.94723190643663,4
225.9603200633673,3
225.9659151526556,9
225.9729234338113,24
225.97702391650168,24
225.99038332588745,3
225.99112396361426,2
225.9914835522121,1
226.02235012152846,1
226.02827750008822,24
226.0338519919543,9
226.05270619305244,3
226.06645569153926,12
226.0961667145571,4
226.10177690716057,8
226.12745549683643,4
226.13995220014854,13
226.14252995971916,6
226.1520560234907,12
226.16199869044326,16
226.16436940947432,22
226.19440216881551,4
226.19832155011179,8
226.21501390438226,24
226.22301639362252,6
226.23074917230474,1
226.2311810015934,23
226.23125592137325,4
226.2365359014998,19
226.24289053307956,9
226.2523285742934,18
226.2558571065218,1
226.2576752229475,2
226.25980754216647,11
226.26313208408752,11
226.26559324689072,1
226.26655021412483,18
226.2736693217192,20
226.29917787629654,10
226.33374034828432,9
226.34492524168496,1
226.3545933547878,4
226.36236487415803,6
226.36814682823066,3
226.36950557602222,28
226.37015361537678,9
226.3714007422609,22
226.37435706513332,1
226.38086952556878,1
226.38565641123503,1
226.38786072963885,17
226.3935488345256,9
226.40224100889031,3
226.40444546009334,1
226.4228137659909,1
226.441982144394,18
226.44846070394846,3
226.4522088193782,16
226.46584184388604,27
226.4683916806062,1
226.46925413704292,13
226.4780964032996,4
226.5097287598649,9
226.5099778537887,16
226.51330393029653,6
226.51881806987788,6
226.51946586325977,12
226.5248632874374,2
226.53493466624434,2
226.5371730059488,10
226.53908434573364,10
226.5893880823797,4
226.59838163152622,12
226.60199051854477,27
226.62528205939495,2
226.63187509294065,1
226.64598028895804,17
226.65987733704662,28
226.66115361385755,25
226.70165391375983,2
226.70818062808337,4
226.7164833915817,1
226.71867653415794,11
226.72391636769396,3
226.72461535788145,14
226.72478597682493,1
226.73451233763495,1
226.76626623159424,15
226.7747029087438,1
226.7893656372829,23
226.8117333880401,14
226.819498658453,1
226.82569337766378,4
226.833460565091,4
226.8473954171647,1
226.85820142706186,1
226.85953982031845,7
226.85997689729544,9
226.87479484772624,11
226.88280930812758,4
226.88669381846574,3
226.89089856670807,1
226.90254591215285,8
226.9026684245065,9
226.9293360528175,11
226.94357618179185,13
226.94998255897193,2
226.9661552286332,2
226.96996244959274,8
226.97555339415976,3
226.99564283408787,20
226.99999222909344,7
227.00670540444835,6
227.02496960444617,1
227.03555326960435,4
227.03737178484167,27
227.04368148995906,19
227.07626843917103,7
227.07976181217438,12
227.1103845525906,12
227.1149709775326,1
227.11512401998186,10
227.13138372511497,6
227.13553871642128,10
227.15714275256732,1
227.1617928395727,28
227.16497689853588,1
227.17024116924952,6
227.17608213076417,9
227.19579313082627,4
227.20659999485696,24
227.20686943642073,26
227.23405528183082,17
227.26026761526805,19
227.27076418991987,1
227.27910639486518,4
227.28361582566615,3
227.31586925652852,1
227.3342169419206,3
227.3379009012661,1
227.33838067049436,19
227.34032423523502,3
227.34091729396192,12
227.3410098891195,10
227.34977746061077,3
227.3540218198734,13
227.35613467867833,1
227.3712116481813,2
227.37724205439528,13
227.37890518521192,2
227.38588417007253,27
227.38923568545275,21
227.4062887204865,9
227.41184867051746,2
227.416113815114,4
227.4168433871134,2
227.4249719186277,1
227.44195128285418,1
227.44607200234927,1
227.45074507221597,4
227.45361008851083,7
227.45946527172657,6
227.46235940021438,1
227.46876041192854,18
227.47217947772347,3
227.479275187804,19
227.5057464069631,12
227.54212785512993,2
227.546389507218,28
227.5561512847253,21
227.56498434933226,4
227.56856099276652,19
227.5897720996781,28
227.6024328111538,5
227.6157722860658,22
227.62254635447624,2
227.62972027020155,6
227.63483479626208,14
227.63574415731915,4
227.63677940959445,5
227.65137534040625,22
227.66786297483927,26
227.67159938179924,1
227.67369835875542,14
227.6920845679163,28
227.69444026494102,26
227.70066699319125,5
227.70694213532394,3
227.71226181985318,5
227.71906745373713,14
227.71940136991844,2
227.72209212998888,9
227.74011318810022,26
227.75297322114295,28
227.76217885687282,2
227.76550799887931,5
227.77010864995685,7
227.79021845289614,14
227.79329594762862,26
227.7995730091122,8
227.8011481110985,19
227.8227273644466,4
227.83059436244605,5
227.83140421108604,3
227.84381616456955,24
227.84620500181072,10
227.86154033330246,1
227.86284886975008,4
227.86381804334124,1
227.8723393454641,29
227.88878759935446,5
227.89284535381097,25
227.90390536700255,1
227.92387060526067,14
227.92551734191542,1
227.93589864139145,16
227.94209782026616,5
227.9442927963583,1
227.9625189975508,9
227.97606786175328,13
227.9794335221049,25
227.99298878624222,11
227.99706443408647,7
228.00526757407704,1
228.02492153723696,7
228.02786775928413,13
228.0296133436961,10
228.0508098468842,17
228.05658705074987,7
228.06191622213618,3
228.06194071314843,12
228.06326908653998,3
228.0690661424693,2
228.07467436984282,1
228.0977147425065,7
228.1155493620095,9
228.1219185738336,27
228.12512420642176,8
228.12806909684463,21
228.17275130912336,29
228.1795918796302,2
228.1903493811723,3
228.19498052464675,15
228.19873431893586,8
228.20654931328988,21
228.20689516365132,29
228.21003075415948,25
228.23748936453788,2
228.25234011242043,2
228.25911979176104,9
228.26180006784872,27
228.26217173899664,4
228.28454209122634,25
228.291004218358,21
228.29660296144695,2
228.30701253903354,4
228.31229698088194,1
228.34088154360592,21
228.3417198728772,20
228.36199835759365,10
228.36839265218072,1
228.375801246499,4
228.38390265101515,3
228.38402526557482,3
228.40811019922762,2
228.43327072028143,9
228.4366550009213,6
228.44950493342543,1
228.4686741408891,2
228.49158564828014,4
228.51095022932705,2
228.52702380580536,1
228.53704116315672,2
228.55955202694463,17
228.56207333008197,2
228.56308150332745,18
228.56939285264306,7
228.570830854371,20
228.5820261222586,16
228.60675342218966,17
228.61630528954498,1
228.62144057792472,29
228.63261734869494,1
228.64468419670087,9
228.65088752077656,13
228.6614770036152,2
228.66887220412625,12
228.694696852844,3
228.6971489412637,1
228.7202872910549,4
228.74013688692517,1
228.74049221105864,9
228.74353026226072,10
228.75151474348343,1
228.7630149544056,3
228.7640263938924,1
228.76555924907836,17
228.77489226699615,9
228.78762704982648,11
228.80312449485507,2
228.81526604012072,1
228.86063283053704,2
228.86284665143683,29
228.89680076733868,9
228.91136570978506,27
228.9181221092404,25
228.92907528831185,1
228.9325829047551,19
228.9363267540951,25
228.9378237749267,24
228.9443549495463,13
228.9481440735124,9
228.95423062055067,27
228.96071211006696,2
228.97159501901712,3
228.99382672016077,24
228.99813011842016,22
228.99912828852965,2
229.00225148267657,17
229.02569341164954,15
229.02710577400646,1
229.04978959517058,7
229.0660209099433,6
229.07632967621018,1
229.08749119273205,17
229.10092088558477,5
229.10123787067752,18
229.10276762968041,5
229.1062863396616,15
229.11152260864176,16
229.11766136717065,2
229.11837609272152,25
229.12588349691822,1
229.1266113944346,5
229.12820646522775,4
229.13780944088768,1
229.15418501427024,3
229.1562388359828,11
229.16549624826044,25
229.1667431697292,13
229.1706652373789,2
229.17765225035097,17
229.19527570414576,3
229.20003048044768,2
229.20840870671276,3
229.2194604959253,2
229.2370230379797,2
229.23716422190097,6
229.23917134467612,15
229.24132810538816,12
229.24394424720356,28
229.25212757270384,2
229.33953970116391,15
229.35901993199522,14
229.36370212644002,1
229.3938039748603,2
229.4012310091196,5
229.40908918866904,7
229.41735216224464,7
229.44842432134564,3
229.46654491356549,1
229.47213505582354,2
229.47830344136085,8
229.4829422121789,10
229.49137500641018,3
229.49559164918332,1
229.50479373213642,1
229.50763520968596,2
229.5083696710555,2
229.5085618473259,10
229.51893109245327,5
229.51954623762742,16
229.54338248483637,24
229.54694835344011,1
229.55086294810152,20
229.60105155372588,11
229.60723026823388,2
229.6181962940277,5
229.62039957512417,24
229.6443492021671,16
229.64444866485366,5
229.6450353819914,11
229.65509494203064,4
229.65569245331946,1
229.6643860079674,11
229.66582678021592,1
229.6731482172976,23
229.68076295830463,11
229.68091923403156,1
229.6911551586478,1
229.69121960459566,17
229.69669529452165,9
229.69999428827862,2
229.70527502236504,16
229.71247961031128,19
229.730323568747,16
229.73446084907312,17
229.73684922442766,26
229.75028355778105,5
229.75042243525945,12
229.76089399749085,27
229.76284036290997,1
229.7724414017473,16
229.7726500847761,1
229.77348601315958,9
229.78209439782245,12
229.79379501650925,15
229.79884163293886,2
229.83583758975504,24
229.84815809783908,11
229.85994133868496,7
229.86252010815153,12
229.87093938095848,1
229.929575987789,1
229.93026923009072,24
229.94423247276018,9
229.94574199199263,5
229.94978510407864,20
229.95228843229071,25
229.96138344449443,1
229.97020567729797,29
229.97214213545232,1
229.98550860883213,4
229.99810889461511,20
230.00191669649612,19
230.00365339886514,2
230.00433835670984,1
230.0081371204102,1
230.015509949331,25
230.01923391988157,3
230.023103046425,7
230.02977529797025,2
230.04701134526184,1
230.06846599896872,13
230.08331374809188,1
230.08426729074037,20
230.09373449489357,2
230.10296955256612,12
230.1039687315963,1
230.1174427346616,4
230.11774449591368,12
230.12696801741734,20
230.14451464423547,1
230.15450514369994,28
230.16668051439183,20
230.19176550879072,14
230.19560379054096,11
230.2159333737944,26
230.21902153980523,1
230.2254413545433,10
230.22668814902056,20
230.23286232124428,14
230.233927657527,13
230.25116970627903,12
230.25360193739292,3
230.25371801621213,18
230.2591971838034,1
230.26453085782242,6
230.26921585383187,25
230.3013349447783,12
230.30349875942028,1
230.30572002074717,1
230.32260134413642,7
230.3240813312614,1
230.32717682834297,2
230.33203394973802,28
230.33983129645188,4
230.3412793464229,21
230.37060999244105,7
230.3761049588162,1
230.38927462288544,27
230.402978849359,6
230.41147311493518,10
230.41376103529666,10
230.42361115791877,7
230.42390324246622,2
230.43389098688726,2
230.43647691490523,6
230.45025069856328,19
230.46059456341263,23
230.46449051165723,4
230.47963297541077,2
230.4807491034865,3
230.51577634784056,2
230.52026523539195,2
230.53871578331132,4
230.5432270856633,4
230.54963161530029,6
230.5556055807512,17
230.57461713113173,1
230.59273892200318,1
230.61099067201334,26
230.61250736002523,7
230.63199743006473,29
230.65575008583474,9
230.66656736526681,1
230.6826986625102,1
230.6857412197151,3
230.70216743253775,3
230.7038441656539,27
230.70897789915236,7
230.72282708394047,22
230.7630557107111,23
230.77142919682504,2
230.77748360186573,3
230.78058211047644,6
230.79328972486823,11
230.80590779301122,1
230.8061731567273,2
230.8151155050914,7
230.82690105644326,3
230.83729646819864,18
230.8493629826159,19
230.9233709814646,1
230.93314431573296,11
230.9357253795208,2
230.96905978166618,1
230.97263190190017,4
230.988762751003,21
230.98954749890268,3
230.9994352821105,2
231.00455400799964,3
231.01194099576432,1
231.02160171879228,11
231.0397016795052,7
231.04396572516632,1
231.06639556046764,7
231.06739686190178,2
231.07991575356178,10
231.09674700011823,1
231.1284447953542,1
231.14571968530737,1
231.15609041192485,4
231.1661010632022,1
231.18935618724674,2
231.19856649002494,1
231.21565877333748,19
231.2380996359209,1
231.260726296387,1
231.27336469617993,13
231.29733419326524,2
231.30701328909177,1
231.32380008448123,2
231.33345541903685,20
231.37971818570884,25
231.39684771981663,22
231.40238509870025,13
231.40750433359509,1
231.42487106674335,1
231.43072297607722,20
231.50709786604364,7
231.50882508548915,2
231.5295487665099,9
231.5383787575679,15
231.54070524628247,2
231.54544720194946,4
231.55634839772455,21
231.59015705519465,3
231.59903661227747,9
231.60433997072812,7
231.60853712975182,3
231.63058713091618,5
231.63344212867986,12
231.63441125754161,6
231.64431049179555,23
231.649160553625,20
231.65044905250699,21
231.656872746835,5
231.67462215006574,18
231.6761232729891,1
231.69176912928182,10
231.69373356759527,14
231.70860930318887,10
231.72609566045531,8
231.74610873074514,23
231.7502840621539,3
231.75053824193762,10
231.76858635668123,1
231.7763150428844,10
231.77726320592336,7
231.82378487209417,3
231.8336841047164,1
231.8378462625885,5
231.84232209171384,1
231.8454217550537,22
231.86320562856747,7
231.9021454454774,1
231.91581034122942,1
231.93503151805467,15
231.95085408590668,26
231.96938750300617,12
231.98863951915305,24
231.9930142036275,23
231.9958692038366,1
232.00128095764472,15
232.02660242598924,18
232.02663868425938,21
232.03105363398038,11
232.04813201874336,1
232.05475427387253,1
232.0806008959418,9
232.0874217330153,2
232.09707599325694,1
232.09930222909557,11
232.12851630560144,28
232.12898999524828,1
232.13225923906134,1
232.1449754772867,19
232.15864015256727,16
232.15936897623328,1
232.16681899950328,23
232.16969931742602,20
232.17144315360778,1
232.18313724883015,5
232.18373133312377,13
232.2090952180628,20
232.21914569449035,23
232.2210700995873,12
232.24919456457047,7
232.27488389210248,7
232.29191979887653,8
232.2985931295698,20
232.30312177774385,2
232.31195695601932,3
232.31395627380832,4
232.34309688475594,1
232.3642268429978,1
232.37272560550417,9
232.3750248498339,2
232.3894400016434,20
232.3993800628343,4
232.40234282380788,10
232.40264323081877,28
232.40349478357288,5
232.41806521894657,8
232.4267940259174,24
232.4282714225658,1
232.44355581617882,1
232.4564521970218,9
232.45672900372412,5
232.47307217713268,1
232.48680943510485,1
232.50134199865437,7
232.5161430784653,22
232.53296010880206,28
232.56304207816368,15
232.62257197501313,20
232.67295143659405,1
232.69404028462102,7
232.69485879900242,6
232.72444523480297,3
232.75201321037463,12
232.7603438721502,1
232.80097536174904,16
232.83372810265126,3
232.84004427815296,1
232.84083771527486,1
232.85164922297787,12
232.85525306198844,8
232.8866158052559,2
232.90349198297892,20
232.93322441875026,23
232.94577352217888,13
232.97739648481866,1
232.99999423630138,1
233.00540303414394,1
233.00555247461315,20
233.0419631729384,27
233.04669224126133,2
233.0623869531168,2
233.07427934100266,19
233.14592750809436,26
233.14639378248887,1
233.1687853540883,10
233.18833312029287,14
233.19269272661904,2
233.19430220814215,1
233.20618345491332,14
233.26754577119846,3
233.2706392090208,15
233.2737705902601,19
233.2748571669768,11
233.32589413917364,3
233.33021663449833,9
233.34193200773782,3
233.36192033428992,3
233.3765860811182,1
233.4168989302559,15
233.4283949195045,12
233.42954696632302,11
233.4609786275963,1
233.46121870459734,2
233.4689390798962,10
233.52962654090217,15
233.536192783565,14
233.58571858621676,4
233.59201423278026,27
233.59619935611357,22
233.60991247305665,20
233.61793883625336,28
233.61898523869934,3
233.66491175436343,14
233.69326927221343,27
233.7375100073933,5
233.74457179869177,15
233.78313459800333,19
233.79281926577025,16
233.7937521395375,2
233.79824597320348,5
233.81144063831977,7
233.82574072244034,1
233.8335918402955,19
233.86214572287207,6
233.87215665872063,23
233.89246758480593,1
233.91667248304043,29
233.95270296949525,27
233.96540653817158,5
233.98117856471495,10
233.98920805264078,1
233.99442248650277,1
233.9949743366394,4
234.00188624490087,3
234.0259868526734,3
234.15062305795038,1
234.16845202460283,1
234.17773245339302,14
234.20296396522906,3
234.20969060771188,19
234.2102086054624,3
234.25701538128388,3
234.2590488988243,4
234.3557831085789,3
234.37935070369963,28
234.40804894800263,15
234.5984719431982,6
234.61536028002718,28
234.6297755561827,5
234.67004612156933,3
234.67044725368376,28
234.6946356194645,1
234.71907825726828,3
234.7198181859865,29
234.8027503551179,13
234.90007231784674,8
234.92775346584116,12
234.95408752986808,11
234.97260731263998,3
234.97704167643167,18
234.98760889638444,7
235.06780782635812,24
235.06892006637787,4
235.11082055095324,5
235.14254741773368,21
235.16440617547107,1
235.1705541639239,3
235.1706498768652,24
235.17623622819713,1
235.1849445371355,3
235.19398767436897,9
235.1951143715823,1
235.224665171957,29
235.2565296641694,1
235.3588190460924,3
235.41562651849014,3
235.41799653922882,9
235.4319903136361,11
235.4587335719917,2
235.50879660993047,3
235.52293486745805,29
235.53936742982592,28
235.59434824760194,4
235.63776746621028,6
235.65600592787547,18
235.6759624673272,3
235.6991559575354,15
235.71218206625295,4
235.78391223079083,1
235.8252431702706,1
235.8536378435659,9
235.8547569207705,14
235.86841204143667,1
235.95406798820196,6
236.00326471855539,1
236.00782470226554,9
236.04827386718665,24
236.07619462958928,29
236.10462717587677,1
236.13219111937363,1
236.1568765602488,12
236.1922597114967,1
236.21693594197083,1
236.24168437057133,29
236.28664508872154,27
236.34819129341327,7
236.35457331111476,24
236.38779803546834,1
236.4270313125536,10
236.4499021270202,20
236.49806492374952,26
236.50605544166197,28
236.50850403251857,24
236.58685775979046,13
236.6305216494407,1
236.63358509570665,1
236.63794269881893,2
236.67013985450026,5
236.75026913470094,10
236.7990110819989,2
236.81487180363396,16
236.83214478983265,1
236.86855562401553,17
236.8806534654388,12
236.88298556870635,13
236.90693439284695,14
237.01580081991244,1
237.04020388582154,5
237.1090054025288,13
237.1123030995183,1
237.1268410310466,13
237.22511714979072,2
237.25313605755153,21
237.30674214310378,12
237.30675525492362,2
237.36894836180014,1
237.39778084151843,19
237.4567623816476,17
237.4616980495001,3
237.5253660871177,12
237.576106628642,24
237.5761087183316,9
237.61081857833398,7
237.658359408019,9
237.74314720532857,8
237.847636607225,23
237.85591153443642,12
237.9063959903423,1
238.09357259649747,7
238.11855188961948,9
238.13076205475917,27
238.20427017064742,16
238.23146471479222,11
238.34327460898868,9
238.35582066738917,29
238.51405679992158,21
238.56076030869522,2
238.57093265477678,16
238.7099872095618,2
238.71663098369993,8
238.7415872326071,3
238.78396504889494,23
238.90007016279247,5
238.92295426321826,11
238.97873179408847,4
239.00092806933029,2
239.02064820629562,3
239.04890911844268,14
239.10243449243399,4
239.17216430393955,1
239.23910930517454,16
239.2691482144974,5
239.31524985509398,23
239.36325622940842,16
239.40205741790953,12
239.585579562973,1
239.62524370424654,4
239.62702361722444,16
239.66585073563115,26
239.6927145266482,14
239.70749874211805,6
239.7328149522568,3
239.80844343614322,6
239.81319311791518,16
239.84829297970663,26
240.009343025142,8
240.0119978231122,28
240.06535815479373,12
240.1987030734512,1
240.23311263172056,8
240.2557213549011,10
240.31595307505177,4
240.37431739039994,1
240.43490730708152,12
240.44316855607005,22
240.4514427402642,17
240.45512394928622,5
240.4675064587035,8
240.5827640589493,2
240.59372572294774,4
240.71134569089378,5
240.7523569140835,2
240.77439459753415,5
240.8280843654648,2
240.88670317690796,19
240.9586185133234,1
241.07555817928323,20
241.09222752253996,1
241.10240603488515,3
241.19650350125423,5
241.22104933673546,3
241.3074557049194,1
241.40928487050016,7
241.4529881990665,2
241.470903356426,5
241.51536428590873,6
241.62487899427208,4
241.65727486367814,4
241.72753695841442,20
241.7416555650174,8
241.78250047971116,5
241.8248589457376,3
241.88170325083945,17
241.88324176685344,13
241.88940803377434,4
241.89324515936934,6
241.89615258193479,1
241.94343422382084,24
241.9641357395268,17
241.9901345552628,13
242.10659969583583,22
242.26849034947347,27
242.28522046047664,18
242.35846907345967,26
242.35913552259484,15
242.42475604634507,2
242.42844848274228,6
242.57070739875851,19
242.59253614437284,18
242.59646353769747,4
242.61964026386397,3
242.63811032501482,1
242.6482144188183,24
242.6920088463747,3
242.72236612423404,18
242.72975271490927,3
242.881265236137,9
242.89575618421972,1
242.95861990727576,9
242.98409025541983,26
243.03683118201315,29
243.0443472953146,13
243.0650810048171,6
243.10040962505624,4
243.15007471138932,6
243.15564374903147,2
243.18611834544004,29
243.29911965410807,4
243.30965677992475,7
243.31652352936266,6
243.33151215695392,1
243.3418710461421,10
243.4033299064461,1
243.42019425163735,1
243.50130715848678,5
243.60848173831812,6
243.62502862196922,21
243.67878765904382,4
243.6970903443971,24
243.7194854457791,2
243.76592179833187,2
243.773941156218,2
243.78592529780545,1
243.82796627401785,9
243.84706293267692,24
243.8604344671896,1
243.86305726970357,18
243.86828728545396,1
243.90992992706387,2
243.9291128485502,6
243.96241844865267,3
243.9876614863619,14
243.99335198993126,25
244.07463623844455,1
244.07693471989856,13
244.12816532127525,2
244.2394102958801,1
244.29012309102671,3
244.3272487578169,20
244.3815509079266,7
244.3982763163063,4
244.40287041514756,1
244.41932528711388,1
244.50186188349352,10
244.50769105910078,23
244.58796613307402,1
244.64474350222753,2
244.70560924780557,12
244.7964562078402,1
244.8505527048972,18
244.8810940156726,1
244.9499372914133,1
245.0465878218335,9
245.0480994056149,1
245.08842394591505,16
245.09009387857643,1
245.10657155084667,19
245.1552763287861,1
245.18506992592518,12
245.18558424308506,10
245.21236597586542,16
245.2684197757402,1
245.28731370822834,7
245.3804049482161,24
245.41163450598256,8
245.49895729182208,29
245.51032545356765,4
245.5470184917604,4
245.57325492320686,6
245.6430875127107,24
245.69782276675292,18
245.75524847030815,19
245.7950397387425,1
245.81017047715088,6
245.86714172781876,1
245.8713082133834,14
245.87660914877847,2
245.9145020729359,2
245.9715066790021,1
246.01895149110075,13
246.03902618283274,3
246.05335269519892,1
246.10815756461997,10
246.2167742261833,9
246.23323325802147,6
246.2370286619899,2
246.35886418381284,5
246.3952951313418,1
246.42518159883846,5
246.43163527113467,2
246.54177452945015,8
246.56974539376802,9
246.59265924468195,1
246.6117914155458,18
246.67477507672945,4
246.67995548422346,28
246.71977306364906,8
246.80091049489317,1
246.86183072631795,21
246.9264306748974,4
246.93873068706043,10
246.95471333575478,1
246.96253442505898,5
246.96646933669092,15
246.97502582128433,23
246.97793568431837,4
247.03611765088712,14
247.09725261206597,5
247.1001132789974,29
247.103672712452,8
247.11389996357244,24
247.151999084477,11
247.18728692999025,9
247.20290889980498,21
247.2053652634577,29
247.22484921213,24
247.22586290366056,20
247.24248929702304,17
247.29045814938956,2
247.2920091596213,22
247.34299939614152,5
247.35786149910052,27
247.3625208728952,2
247.3683169292049,17
247.39442900614313,25
247.40111936072634,1
247.40138281493628,6
247.41826874422978,6
247.42254112370293,22
247.43523775244134,28
247.4354598012938,1
247.45884631801627,7
247.45998550163566,6
247.4663532235847,2
247.47486663543995,7
247.49978366535507,7
247.50170142016864,1
247.538690421803,8
247.59043138857285,1
247.6604021029153,10
247.77636503763438,6
247.79524501943914,7
247.79578248915476,10
247.85880866088797,1
247.8609426264778,9
247.86209952911412,6
247.88322640081037,7
247.89132786771015,1
247.9073648991746,1
247.91467391623766,13
247.9653444563143,9
248.08633788553985,21
248.0940165502889,5
248.11370970680176,14
248.1190573964988,2
248.1688177375743,12
248.17287463848808,14
248.25215124834037,4
248.25909434791294,19
248.269137998023,14
248.29964150225504,2
248.31792249926445,10
248.37490906778422,8
248.44639040424764,17
248.48088914273836,27
248.4890858569364,15
248.4895271716384,3
248.5565265830655,7
248.57705963330392,8
248.60513926846204,9
248.64434627934443,3
248.67711204052475,5
248.68210854003462,2
248.70389037804694,4
248.72574641812662,1
248.75605394475718,10
248.77699287657558,13
248.830527351561,5
248.86035949755757,11
248.90418744274453,20
248.91053237567928,4
248.93599238649253,20
248.95882025765818,26
249.0269688048917,4
249.03410425100608,2
249.03620526723387,3
249.07495891825585,4
249.0923879625928,16
249.1120520449717,3
249.115660353646,3
249.12628585807005,18
249.19884300088876,21
249.2103530268357,16
249.21786456530626,15
249.2223110551878,1
249.2330098225744,3
249.23860149937764,14
249.24760854155963,10
249.24893294304314,10
249.27092771681717,1
249.2958214807232,25
249.3111583145538,9
249.32747825000152,3
249.3504793626961,23
249.37119647468032,10
249.3713841057746,2
249.40634086134222,19
249.41670653198312,22
249.4462348129229,5
249.49396007268902,4
249.51189841985624,5
249.51913074400346,6
249.54186204811597,14
249.5699015105561,22
249.57024485776697,5
249.58675327370835,17
249.59684842755382,21
249.60995574007418,7
249.63052971429298,1
249.65361946736996,1
249.65406922138038,2
249.66349505195387,7
249.73139669266848,21
249.74897527751503,3
249.75425242863432,12
249.76084492976966,6
249.7711896817223,15
249.78561520738072,15
249.78713602655182,11
249.80043353191695,4
249.80679119806672,28
249.81099886538837,6
249.82199090597018,6
249.91047942966543,6
249.91439151874783,23
249.91502809891517,13
249.9419186689174,8
249.95668988600937,2
250.04631245454226,8
250.06190960956482,18
250.10023237792794,23
250.16695640237072,2
250.17595935828516,12
250.18305722647258,1
250.19812761869574,2
250.20523215511326,1
250.22621289868704,2
250.23726467715346,25
250.2416962331063,1
250.2444590008051,1
250.24518002900496,10
250.25223300028264,12
250.25621010110237,20
250.25684154410612,28
250.27384464134443,3
250.30142433443095,14
250.306504973379,3
250.30793932676443,5
250.30919621770002,20
250.3171936439756,1
250.31955367112246,1
250.33219289991746,2
250.36821320819206,5
250.37899396270154,5
250.37960152603745,19
250.3867821606913,1
250.39978519362143,3
250.40209656529373,2
250.4033152271215,28
250.40932555866507,14
250.4164369024648,19
250.4277283664579,14
250.43011382419994,1
250.4510339443221,27
250.45520327299872,2
250.47005448659402,4
250.47816199328827,19
250.48473259686338,2
250.48901130024652,15
250.4999590830892,1
250.5201209788687,2
250.5369311279173,22
250.54233513716989,2
250.54820674454587,5
250.54989329028464,29
250.56381618175885,1
250.57878141388395,14
250.59900285835064,1
250.62074220382118,4
250.64627611728056,1
250.6706663654765,13
250.6826685786138,15
250.73782671988266,7
250.74240275106197,2
250.7467336813023,4
250.74944245619182,7
250.75182210507296,23
250.77424595493156,1
250.7747785261274,2
250.77743739774922,4
250.77837985889923,8
250.7867552248055,3
250.79415996818355,18
250.80572833634957,1
250.8097356880484,3
250.81057834788723,5
250.81197079944013,5
250.81356807242227,14
250.81592084188028,7
250.81618413920384,1
250.8179332333046,11
250.83708761947742,11
250.83806695922485,5
250.8469569345575,4
250.8529789318077,2
250.87344987722133,3
250.87820926793822,23
250.8920212588992,16
250.9097515384937,12
250.9501568244715,28
250.96309689045287,10
250.9631621034301,3
250.97564742993197,21
250.99885259407893,25
251.01595188838647,1
251.0230865253683,7
251.02318935132817,5
251.0284750391784,23
251.03320455159744,20
251.03731756362313,6
251.05886180804882,1
251.06432531437764,12
251.0775234578683,1
251.08119227517798,1
251.08402567309744,2
251.08724049435816,26
251.0965860703577,24
251.10723342877031,13
251.12132404882124,3
251.12623198038568,1
251.14341937364293,5
251.16503564532368,16
251.1651189807417,1
251.1681905251668,6
251.183150141415,23
251.19371692754927,6
251.20083425432082,3
251.20397011747747,5
251.21850666240948,1
251.22013524261828,5
251.22104082341394,10
251.22674396992485,1
251.2325497626771,23
251.2390093260439,12
251.24059139804146,14
251.2487979940006,25
251.25028384583408,19
251.25911419162537,1
251.2616902398166,16
251.27392243966415,4
251.27852657722786,1
251.28827047767123,1
251.30035197615075,11
251.30227083450657,27
251.30320996385095,9
251.32161014237525,21
251.3371051637706,1
251.33982549428512,2
251.35696738204882,7
251.36179171811625,1
251.373108744674,9
251.37621072554137,15
251.3802066207753,2
251.3897343446182,9
251.39115880766838,1
251.39656479466888,1
251.40013128639907,1
251.40338987057504,15
251.41053394773942,18
251.4182627702121,5
251.41949339920188,11
251.42797033056456,13
251.4386963242164,1
251.4481906708729,13
251.4588921893385,18
251.50418899138242,11
251.51480694107096,20
251.52130031783759,15
251.57296210035935,1
251.58145488773425,12
251.5930731454725,1
251.60644889552583,3
251.61593844059354,2
251.62871412111062,15
251.63901405619143,1
251.64213847601502,1
251.65110620484978,24
251.6607269915726,2
251.6918282312103,3
251.70661529888568,16
251.7271990234395,4
251.7278838343434,16
251.73155285084252,24
251.73626171070651,9
251.74654894261394,25
251.77965986274592,13
251.78463098676445,22
251.800384759999,3
251.80101308849837,5
251.8044500254221,6
251.8061011172636,6
251.81579054757853,13
251.82554688373784,21
251.82615880735835,9
251.85106225566204,1
251.8700306863283,1
251.88423440619533,3
251.88889722288337,3
251.8967316195452,3
251.90575099825992,10
251.92328455098564,1
251.9254402198872,19
251.92908258091066,7
251.93342611207248,3
251.94273279991108,5
251.9458275437075,2
251.9479782135417,3
251.94854795962826,27
251.9519856689665,16
251.95990589047685,3
251.96031871041893,17
251.96132011140378,2
251.97000483548192,7
251.97461701391387,1
251.99110992508832,13
251.9991822177159,17
252.03306496817962,12
252.03593868413463,13
252.04874711129173,7
252.0639984335898,1
252.0848074019358,16
252.08579141832809,1
252.08837757019967,18
252.09293799643194,11
252.09414130007184,1
252.09417351153817,1
252.098015788359,20
252.11464631242666,1
252.1271762888753,6
252.12964648655057,2
252.13145731807742,13
252.1379125931842,3
252.1387972111125,4
252.1620352344119,29
252.1869053675478,2
252.19356367861138,1
252.20749135761315,13
252.21007758350285,5
252.22376169886977,10
252.22576659142442,1
252.23752210737194,2
252.2404119054836,15
252.24466954055927,11
252.25581575934055,1
252.2558719642512,2
252.2581244654624,1
252.25953580216992,1
252.26424416774685,16
252.27660441891607,1
252.28421988279945,27
252.30391471329403,12
252.30593245993052,7
252.322396141672,5
252.32588324643925,4
252.3322944028287,1
252.35602393422164,2
252.36819737329117,12
252.37607232049612,3
252.37742271076272,8
252.3985254085649,1
252.40071458593007,7
252.40725059106248,9
252.4108948361126,1
252.41153191623857,3
252.4186073742186,21
252.4191788173806,11
252.42055192554477,4
252.424996611967,6
252.43796451853802,6
252.4495555058646,15
252.45761311467643,9
252.46599628373764,26
252.47996431295581,4
252.4842079779433,1
252.4919350223712,4
252.49592631687167,6
252.51212383178077,1
252.52392848248584,22
252.5295451314979,1
252.53183005301955,12
252.53694106954913,5
252.54239402283818,6
252.55236746936345,14
252.55501085617962,4
252.55650754676103,18
252.56611883069377,13
252.58024729444892,1
252.58425867346642,20
252.5864629211367,26
252.6040261506679,7
252.60473960419284,18
252.61418333557722,10
252.62538458035843,3
252.63866719304087,2
252.6404556982549,3
252.64056469616003,3
252.64143506513705,22
252.65038460954597,2
252.66694638948962,2
252.66825041293086,2
252.70031747002847,1
252.70755342629997,4
252.72423381861782,2
252.74508932135694,6
252.74963541171763,20
252.7699454483583,2
252.7777300440746,28
252.78243912159905,16
252.79097577873543,2
252.79642955330527,4
252.80336163513,19
252.81444776621046,6
252.82091909833355,1
252.8247227525566,3
252.85034269289181,13
252.86512184089253,25
252.87947729374397,22
252.8884435688311,6
252.89013012675724,15
252.89918524814158,14
252.902099814951,18
252.9159622699267,11
252.9194171356776,14
252.9227579588299,8
252.92848484552627,1
252.93343893482967,1
252.93524632933114,18
252.9441210826695,1
252.9615416198482,5
252.96217482303322,1
252.9745405192334,2
252.97747208563513,2
252.9821829722371,13
252.98620659287832,1
252.99494721589093,5
253.00435365382384,1
253.0296323403372,13
253.03280501909134,2
253.0450017836989,6
253.06672550133712,1
253.0773118384097,8
253.08009287276147,6
253.08367782271293,10
253.08804955127016,1
253.09428420341052,6
253.1040828509468,3
253.10921021860906,2
253.1101351317422,25
253.11250480491427,1
253.11780580211547,1
253.11920482466073,2
253.12752658380845,4
253.13399401295493,3
253.14926590704266,25
253.15502057692947,5
253.1670207776157,11
253.18184135831686,6
253.18681826170666,11
253.21901361414317,1
253.2412571192452,23
253.24750919100725,27
253.2512002871749,22
253.252168337979,6
253.25775400791815,21
253.258480667751,1
253.26123433945008,10
253.2626193622224,1
253.29876056174348,1
253.30466415993152,1
253.3176892061923,2
253.32030630564637,21
253.32798252043284,10
253.33481890064397,7
253.33539260869816,1
253.350662698195,2
253.35138561677942,8
253.36451345934523,2
253.37197303968105,27
253.37584889559625,22
253.37849191738212,1
253.3868360995128,2
253.3928907006459,4
253.42143288378927,2
253.44064095943435,19
253.4488227717716,6
253.47335200318736,1
253.48325898716547,2
253.48609599238526,2
253.4870500015335,27
253.49081481464452,19
253.50155488035296,29
253.50695989614067,5
253.50858034496798,1
253.51872862450003,1
253.5310432157153,1
253.53251989761432,11
253.5583504240697,7
253.56879271698304,9
253.57219240253264,1
253.57737459269052,12
253.57891817023352,2
253.58028166185198,11
253.59700698659907,4
253.60682276227328,12
253.61179734861426,6
253.6250844214458,26
253.6594893189124,18
253.66476495751078,11
253.6725447839971,1
253.6796691231881,22
253.68815557575405,16
253.70323703282875,3
253.7049754230871,3
253.70762480901638,3
253.7162722551453,5
253.72449114113124,1
253.72786921573535,16
253.75012483767821,1
253.75023962234738,29
253.76783403753976,1
253.7808957028916,27
253.783485693544,8
253.80014912909598,1
253.80287934128862,9
253.8030923496749,29
253.80331538284372,1
253.80536237553815,1
253.81789827791965,1
253.82576165741386,8
253.8405146455972,19
253.8414295919607,24
253.84947155449794,24
253.8747280550587,1
253.8755540622383,6
253.92042726297342,8
253.9232199527089,2
253.93829528758363,18
253.95166147032978,2
253.9674707608025,4
253.972775767391,1
253.97976273589896,6
253.98599584926393,18
253.99385349222143,2
254.0014062829922,2
254.01269978916952,3
254.02929285558108,1
254.04009357850944,23
254.04446054272466,8
254.06975916565028,19
254.08245994136922,6
254.11588397831233,4
254.12458353899746,4
254.1253726965253,23
254.14189253702222,22
254.15919913661153,7
254.15976013923805,2
254.16096683621558,6
254.18544350529552,1
254.2005899200198,11
254.20635060904854,3
254.20788147588442,10
254.20859503185156,2
254.24642049624015,28
254.26529375379974,19
254.285445033311,6
254.29475816129042,17
254.30040618607634,1
254.30258550754377,1
254.3346335620387,13
254.37567242882807,12
254.3800409225569,6
254.39873530609785,15
254.40183446138298,2
254.4198042111365,2
254.42027727133546,1
254.42275098093103,4
254.43705688451573,2
254.46095055495616,10
254.4676617950053,6
254.49102348308764,2
254.49624666198622,3
254.51879914224986,5
254.51972752196843,1
254.5369788695424,8
254.54689768095855,2
254.57663167420884,5
254.58033285774763,13
254.58533443354207,15
254.5969734992587,1
254.61645540205492,5
254.64566945592767,2
254.69352430685288,7
254.70798292639736,5
254.7276190712577,24
254.74539778218679,15
254.76073433125455,2
254.761545621804,12
254.8042684402868,7
254.81395466775606,1
254.81933649498768,6
254.8247633928376,1
254.8275646481857,8
254.8359417645018,8
254.83918245444727,5
254.86643818774257,24
254.88956331949552,1
254.8907188467534,1
254.89842442856758,4
254.9090124319872,10
254.91373830368494,27
254.91376324086596,23
254.9169235855094,2
254.91830574211937,29
254.92151216547956,10
254.9215674232655,11
254.94598775361027,27
254.95140941388658,22
254.98967881125924,8
254.9965772504208,28
255.03816936302235,19
255.04547229542575,4
255.04987171664567,2
255.05207743795106,6
255.06518189729158,4
255.06840911802578,28
255.07414756148256,19
255.12789763907423,23
255.13399088766954,11
255.1392028088499,4
255.18148958412155,3
255.19575682551715,8
255.19964507984213,5
255.24834378574522,23
255.28350115299153,11
255.28723248825892,10
255.2937871702959,1
255.3031082043389,14
255.36791775921893,9
255.37536471424832,6
255.37655172668332,22
255.41115655340732,7
255.4165202666047,3
255.43211276735775,14
255.43299019458135,9
255.44220137622347,1
255.44227814536163,3
255.44532208276848,3
255.45553275663613,20
255.45977784259355,6
255.4618376062912,9
255.50199086164886,5
255.51871417329494,3
255.51898153103875,10
255.53277701723385,5
255.53433469848713,2
255.56721040380185,5
255.57548972547,18
255.59781649085755,3
255.61699014153643,3
255.61800012698464,12
255.63338676339748,2
255.6788048265749,10
255.68705952737577,1
255.69765499949202,7
255.7061278949233,3
255.74744049245106,7
255.801576466776,2
255.8054508973119,5
255.80758419365617,5
255.80789384676828,7
255.87015016253392,15
255.88580971887822,5
255.88760375627749,22
255.89237955641838,5
255.89521507284672,6
255.90779287739824,2
255.93299949471364,16
255.93976423556538,4
255.95049754235544,22
255.9509254967421,27
255.9709742653,20
255.98489074324428,2
255.99537114964943,10
255.995581109279,16
256.0053879557474,29
256.0225409947126,4
256.0328947672409,5
256.0378037434931,2
256.0677932127561,28
256.0684270631571,8
256.14161385370517,2
256.14757705721706,1
256.1523735106644,1
256.1619341463847,4
256.18076617851744,7
256.18408049643284,12
256.2383756946033,2
256.24856480711713,14
256.27119071848557,2
256.30485194178056,3
256.33467282581256,2
256.37799688032106,27
256.4183296592519,27
256.4207713362568,2
256.42216369544417,29
256.43129000182523,3
256.4417261488965,12
256.4541905576349,16
256.5081166620894,3
256.5121190529467,10
256.513740168488,2
256.5168869570281,3
256.5514787639614,4
256.56476324640715,3
256.56598793152784,3
256.57433891218255,3
256.6103904922654,16
256.61804160084307,16
256.6409016293705,16
256.6904858104271,18
256.69900193181815,2
256.71057718993404,2
256.71646629527396,1
256.7190252918805,16
256.72009188556484,24
256.7559437973796,19
256.7704769442714,22
256.77382033781015,1
256.78546440266894,3
256.78798219124906,3
256.7887184943158,2
256.78974039790626,29
256.79484730625404,22
256.79929313991863,11
256.80382133297974,4
256.8363377813756,3
256.87107877693984,3
256.87475707396186,3
256.89052389808603,2
256.90931735210773,3
256.9296846259569,7
256.93998588878264,3
256.95963919865613,18
256.9642788744592,2
256.9860622415061,11
257.04906970471905,1
257.05946610965754,1
257.07264061479634,4
257.0823660387482,2
257.10445628811436,3
257.1345080065839,11
257.14478219439343,9
257.17072939830115,4
257.1772122734651,8
257.183645005416,13
257.19078002232743,1
257.2060942936969,2
257.2126716922273,6
257.2214426619956,14
257.2339883926493,8
257.23771824204084,3
257.2898210142793,11
257.29622830310245,4
257.3256433240213,21
257.35043772080627,1
257.3768175760453,15
257.40877935288444,15
257.42901425170055,5
257.50026165266036,4
257.50155256778123,1
257.5130160046818,8
257.51949356636135,11
257.52638739157925,4
257.5585336413314,1
257.60166084329296,18
257.63620619975035,3
257.64356757256104,17
257.6504703403029,11
257.68429592638256,8
257.69193021616616,5
257.69478797868015,1
257.82321846064787,18
257.8806656815116,1
257.9510869616402,1
257.9558565096884,10
257.9814888886113,16
257.9854002195381,1
257.9924956472511,4
257.99539289455515,2
257.99729915666404,19
258.006578592955,5
258.05380950704324,8
258.09279544632614,13
258.10546794115805,9
258.1405101717702,11
258.16996651355134,19
258.1848882007123,1
258.24752185257495,3
258.3144410419036,9
258.318631116455,17
258.33343350089706,11
258.35115721735696,2
258.3627773735249,9
258.3782866732789,8
258.4121457877467,9
258.55291751688065,24
258.59098285322295,1
258.5950697764456,1
258.60720826421846,6
258.63156526977633,14
258.65958613695784,21
258.7763145222981,3
258.78051771340074,1
258.7903813067528,1
258.8166811975215,2
258.84370440331617,13
258.8855816033515,4
258.8862988982446,6
258.96102003339615,2
258.97560649879443,1
258.98514652516633,1
259.0433563721779,1
259.0552826265676,4
259.1078083866999,3
259.1092016825697,4
259.1388159408534,2
259.15038957551116,27
259.2062457861261,1
259.2212932375404,15
259.2226059115427,16
259.2509346130759,23
259.2932147141866,2
259.3703274095701,5
259.42599493988376,6
259.4392845465729,9
259.4644797073472,10
259.4719409460128,9
259.49405924139404,5
259.5040172481336,21
259.51260545604873,2
259.5369892648873,9
259.5385263828488,2
259.5796700901093,7
259.7471676600358,10
259.75990944031895,18
259.7719513082702,29
259.7857547013588,19
259.8206113461804,3
259.8234575243775,10
259.87382281912795,10
259.8819978552146,2
259.8986806891122,3
259.93474180834136,2
259.94882180040173,2
259.9688824541644,1
260.09443066647844,4
260.1890355646021,2
260.20756258989957,11
260.2470559631807,2
260.2717947164505,23
260.27404954252256,5
260.42862713234365,5
260.46657094651925,1
260.48211978715614,17
260.5065281698831,8
260.5072181928275,2
260.59265058853197,15
260.60084163796523,5
260.6127658695701,4
260.6214062072792,21
260.6416221173937,4
260.6807681861667,26
260.71192537714734,2
260.716835240603,26
260.8510921520362,1
260.85914894072505,1
260.88174681455416,4
260.9258091811959,1
260.92916107610995,26
260.95675790982926,3
260.9799372223568,7
261.2383362808087,4
261.2583264659042,6
261.26755496830356,2
261.29215726825396,3
261.29962107808416,3
261.329946890008,1
261.3325168050781,7
261.45867142692197,12
261.4614974889573,14
261.464248313048,10
261.5240286182574,1
261.5810594572209,1
261.6374153365267,25
261.65549044171763,12
261.68598025108435,1
261.83562253747414,1
261.8642292173435,1
261.90812915930286,2
261.91665733120715,1
261.9777770171002,1
262.0609951912168,4
262.06259420615015,1
262.23571949928794,1
262.24053816819907,3
262.3030339162461,2
262.35994422284443,2
262.3877734098242,15
262.414923799517,6
262.47988442120635,2
262.5994765411401,9
262.61199823766543,1
262.6562549654711,2
262.6989762193272,14
262.7204184912431,7
262.79592689973515,10
262.7960051343715,2
262.8593558616951,27
262.88805357979993,2
262.90432472695744,7
262.91521436235774,9
263.0528197735249,10
263.0695024164608,9
263.11649365742693,1
263.15849323059575,5
263.2050657366064,7
263.20593478378856,3
263.4159133727672,1
263.57245559596726,1
263.6338457193677,8
263.6487366452758,5
263.6905987545787,9
263.760171599727,23
263.8021631944414,2
263.8302325026075,4
263.8384655610813,1
263.89665953098347,1
263.90310683611057,2
263.94417250409157,8
263.9526577199496,2
264.01951005274634,8
264.03834925366226,25
264.04316883952185,29
264.0623401757521,15
264.24170862090705,7
264.2426539328453,22
264.2468900904307,27
264.3195853014411,6
264.3632792850303,29
264.39737640068995,5
264.42012862380096,24
264.4671131562104,20
264.50928290817797,6
264.6016770053477,10
264.6215108077152,1
264.64893140825905,29
264.6709612747676,12
264.6732691642325,20
264.7586624770681,8
264.80714180974303,4
264.86406160337145,27
264.86849197204094,11
264.89467007558443,1
264.9296898864861,16
265.0706279634396,28
265.0780576648264,5
265.13948776485825,27
265.1828979906411,7
265.18807594887585,7
265.19158546248246,21
265.2284823816793,2
265.2876346550136,8
265.38792064997205,1
265.4304165690241,24
265.5191794774964,25
265.58684766860466,21
265.603135770265,6
265.69240670754925,11
265.7004732131829,2
265.7523795614592,2
265.7536325059049,1
265.77657279089937,4
265.7862572993813,15
265.9327621500408,26
265.949937799683,2
265.99614811477267,5
266.0231598269115,2
266.04663377056943,7
266.06830231554017,15
266.1015510912536,13
266.1211972056155,27
266.15930768918366,22
266.18075381806665,10
266.25640251127953,7
266.3029982914371,26
266.306865978233,7
266.3118104077914,5
266.3293183721682,23
266.37045191928786,29
266.39709656105305,1
266.43617242716914,13
266.4453161616328,5
266.44755873229593,5
266.4545148981573,14
266.47912393678234,1
266.50569609070305,3
266.5182371511897,8
266.5213499489674,1
266.5617229801418,4
266.5838837251894,7
266.60134870577497,4
266.61958400272175,3
266.68809853453183,9
266.69565203981284,3
266.7257198384295,7
266.7811105677075,11
266.8086488952799,27
266.8773133231045,21
266.91915455868224,7
266.91920046327255,1
266.92935628769607,7
266.961244533174,4
267.01880733869723,6
267.06508203001323,2
267.0889765706942,3
267.1089925958806,1
267.1520524702303,10
267.15606798344186,5
267.18870315676054,4
267.1955156559292,2
267.2597098396834,12
267.3499728715303,11
267.3524847666057,3
267.36369309308327,15
267.3725462909062,9
267.4149878854822,2
267.45957205548115,10
267.48326577991475,16
267.5239615159406,3
267.53751958255566,5
267.5963881529724,5
267.6405439257425,1
267.75824578223114,8
267.80233768735087,1
267.8097461173483,1
267.8724145194242,28
267.8804257315415,2
267.9294150976832,1
267.9639189943578,19
267.9933022181503,18
268.0434300706894,10
268.05250014261736,1
268.0540664242402,1
268.1017309127981,19
268.13462787123444,1
268.1527034150304,24
268.19993710657025,10
268.24738069182337,2
268.279671414037,12
268.28024868450876,20
268.2900349531864,7
268.31340714586776,15
268.36545882223396,25
268.40344729316456,25
268.55176187127086,12
268.6146337593906,20
268.6537302363521,2
268.65764651773225,1
268.657850379864,1
268.6785219082701,17
268.7612110038302,2
268.7638348015906,17
268.82418585763935,29
268.9261334197098,4
269.0556629699343,1
269.06548169972535,3
269.11383180297906,7
269.16938276887015,2
269.22244814314485,8
269.24611807771936,2
269.3414845176616,17
269.4321652664154,16
269.47478508738203,2
269.5048079043134,2
269.5115635203262,13
269.5762148258425,9
269.58385090810503,1
269.6027278232916,2
269.62681054318426,5
269.63001094340086,1
269.6582043877095,2
269.6743999917489,1
269.6753780690818,1
269.6800808676537,17
269.68642132774374,1
269.7045798769242,3
269.7078866936666,3
269.75791041965846,4
269.7633212756506,1
269.7884690668656,4
269.81901737938927,11
269.8193182988903,3
269.8576846064342,3
269.8880335630034,4
269.91102742879,8
269.9476770150992,10
269.95025667004217,4
269.98537836136796,19
270.0480838584488,23
270.053820669304,13
270.07112547037065,8
270.12107924688354,4
270.1418104239917,2
270.2143950129584,3
270.22302787398144,25
270.2799884842252,20
270.28714155497994,27
270.29572808233223,1
270.3218501884441,1
270.32284325714494,3
270.32878286562305,2
270.3704731737188,10
270.4692096654444,2
270.5021813743302,11
270.56426989730005,26
270.6193109173011,1
270.6229776150687,20
270.6673743331477,3
270.69112986730863,2
270.7196795389237,2
270.7294847452038,2
270.7474574232199,26
270.7651473585095,25
270.8140114151743,3
270.85747267078943,24
270.9014176823584,11
270.97811259413743,1
270.98423383561294,26
270.9883344721677,5
271.07501579110897,5
271.1240053618551,1
271.1512153556477,5
271.1584180217202,1
271.18333948610206,3
271.2193787712348,1
271.2615028054104,3
271.28950868728737,1
271.3283486146311,11
271.3408600831904,1
271.4069376709313,15
271.40720595604694,3
271.4321533923621,1
271.44845083186686,4
271.4535444407089,5
271.49630746305314,21
271.5171732374081,15
271.5258725370038,20
271.55424220572206,3
271.5595412898916,28
271.6507940856328,1
271.65660898409715,4
271.66387517327627,9
271.6772333784367,3
271.72988254375315,1
271.77295877080536,28
271.7739229070577,1
271.7897260706306,22
271.800926536289,12
271.80712593610895,1
271.81519336429307,18
271.83339472241624,9
271.8451429325021,16
271.89640032141756,13
271.90115490301287,12
271.9165175088998,6
271.94664209665666,8
271.9496363673498,6
271.9644457796036,22
272.01047194875645,5
272.0235409810521,6
272.03916318514194,10
272.1037959741612,7
272.1107107243306,6
272.1316815765094,8
272.1533007253971,1
272.15742874218535,4
272.166118627823,17
272.167461357449,23
272.17633506745085,1
272.17985879011536,2
272.1936826941367,1
272.2517230891448,4
272.2627554237615,4
272.31684707516314,3
272.3188505503242,2
272.3329732979209,18
272.3458190921565,1
272.3878459905674,2
272.3913978274264,3
272.40967996834456,13
272.44715804725223,2
272.449279402321,1
272.46890222471956,1
272.47477940414797,9
272.4785687978938,1
272.49509350886916,4
272.5869490861595,1
272.58894590314424,28
272.6060866232714,26
272.62262483061807,9
272.6340374447851,6
272.64514027676313,3
272.66828255377095,1
272.7067348771815,6
272.7178323887442,2
272.7356880263277,6
272.74631677840796,15
272.76840750303614,3
272.79377771537094,1
272.93541128768965,2
272.97018520801714,3
272.97415869140684,19
272.9851742152735,19
273.01268784107856,8
273.0184567568644,1
273.02450388517,1
273.0454122123465,10
273.0653263006702,19
273.09526805615525,16
273.09796222269426,19
273.22752477966196,11
273.2519599163284,13
273.2615265908452,10
273.2839844524658,5
273.31162341823443,7
273.31385876442397,4
273.3191823089656,11
273.3194857556027,17
273.3278200715822,1
273.34131607423063,2
273.3522374054659,4
273.36339095372733,1
273.4094856287684,19
273.42907251115827,1
273.48337079853394,1
273.49611835743946,2
273.50772735586764,19
273.50997370925546,6
273.51199876434407,27
273.52432782862485,2
273.5421131483059,1
273.54670455700216,12
273.5702321770927,1
273.58585119013657,10
273.6096701747638,27
273.6644414047019,3
273.67891052681,1
273.6867506524148,12
273.7076671801203,1
273.7113054957308,23
273.71260656371015,3
273.71691427295184,4
273.7222549317861,20
273.74254852809855,12
273.74580684397085,3
273.76453833794807,3
273.8279796641398,6
273.82809485000195,1
273.83070169415686,13
273.8498128849275,11
273.85963391004043,9
273.8719061874093,11
273.8863027431805,6
273.8898257165155,5
273.89477411308343,15
273.9041098389407,1
273.91133559637467,2
273.91590132911824,5
273.9366246738547,4
273.95599334414993,28
273.9905287441753,20
274.0078019768004,1
274.015153050933,18
274.0433983003558,9
274.0929207210594,7
274.10839639996107,3
274.11146266929126,1
274.1343989788818,4
274.1435194349919,21
274.1484941707108,9
274.1680481748184,7
274.1712807539837,4
274.17782214781124,1
274.1822422523554,3
274.1901721923013,3
274.2011061885089,1
274.2068033621219,6
274.2562282840327,7
274.2564743019014,15
274.27695777727877,3
274.2890281514767,10
274.2905279127793,8
274.3050405440184,2
274.3272881733549,20
274.3300434330532,1
274.33979750851546,20
274.34411964367104,1
274.34439433239845,23
274.347669255343,2
274.3706408651913,7
274.37787034384246,2
274.381855042009,1
274.39852333749167,10
274.4051056468554,6
274.4061830937465,14
274.4146632866045,3
274.41729502951824,28
274.4255795867299,1
274.4279878348423,13
274.46982496041886,1
274.4869118883272,1
274.4903950738524,28
274.4949217522363,7
274.4960052348864,13
274.496064537622,1
274.4982036298112,15
274.5022054719507,1
274.50330263864197,1
274.50584394446554,8
274.539455468643,10
274.55178868673613,8
274.5532975870806,4
274.5546608920428,7
274.5628028980464,1
274.56402838240496,13
274.579498394891,10
274.58032198891004,22
274.5816369074473,29
274.59577715258604,6
274.598599245125,9
274.60119686873514,1
274.60237731652643,12
274.60309532379415,9
274.6096525211047,14
274.62998693616834,6
274.63593048966595,5
274.67580205081697,29
274.6769412710845,7
274.6771617062867,6
274.6806923245007,2
274.68850077582704,14
274.6962629637034,4
274.69921665252537,18
274.70219198483414,7
274.71448680570484,1
274.7339817730633,1
274.7347073441036,7
274.73637398518713,3
274.76994903181316,1
274.8000533645704,1
274.82472492073003,1
274.8476477966695,2
274.8754512187621,7
274.8788285630432,4
274.88515114855267,28
274.8954570498471,13
274.90417600133065,9
274.9050366886012,21
274.91068748074184,11
274.91527570770126,2
274.9176929098445,3
274.9220957318019,13
274.92482770641845,18
274.9253028241762,21
274.92592263398814,1
274.92717281232484,6
274.93489174882774,8
274.9411886015161,11
274.94433969847506,3
274.95083810854754,13
274.96713726024007,1
274.97178573538264,24
274.9892617668839,2
274.9964015755771,2
275.01934039323476,3
275.01979966839815,24
275.0318111922696,26
275.0411858115306,1
275.04208106642704,27
275.0506416578021,2
275.05708999427816,2
275.0575779378355,3
275.06016808088145,23
275.0605792894419,11
275.0672640111644,1
275.06790502385405,21
275.07604475845136,21
275.08297059930203,1
275.09831004717296,23
275.1003848382727,5
275.1102434614973,4
275.11339965718605,23
275.1188120660138,2
275.11981497251037,12
275.12689702666626,25
275.13603798925334,7
275.1506003972807,5
275.1528146697275,23
275.1636444468852,26
275.18030435916864,7
275.188808196289,1
275.18897132137295,1
275.1905223578588,3
275.1952031617459,7
275.2044686504524,5
275.2127419695981,26
275.21571062579875,1
275.2165350290683,3
275.24203132271805,1
275.24857735071566,5
275.2492470940188,2
275.2615688752441,2
275.2690850745581,23
275.2735584160136,6
275.29116268732434,2
275.29363187664677,5
275.3216023642631,17
275.3236556937963,28
275.327828141798,3
275.3319879217112,27
275.34117882190935,12
275.3750260319987,7
275.3877224371276,20
275.4004536155461,9
275.4064620342135,3
275.4134159880271,22
275.42087173183813,2
275.42483407332656,2
275.4303268690643,22
275.436544886067,20
275.4452017453421,22
275.4468385723478,1
275.45513027531575,26
275.4641564805662,2
275.46489860817553,23
275.4727569239559,10
275.4728445533054,3
275.47863857109286,1
275.48751944200575,1
275.5000912983718,6
275.50338509279965,3
275.5076360894102,25
275.5235943848321,3
275.5421658253489,21
275.5487940505429,4
275.5715376261131,1
275.57452357991406,25
275.5803656596377,11
275.587736748098,1
275.5888091973471,26
275.5944005149342,21
275.5984064223283,1
275.5995534976549,9
275.6081432932323,1
275.6257267050846,2
275.6276102571706,1
275.65439098495176,7
275.6547274769352,19
275.66144567788297,7
275.68800363329177,13
275.71173926914247,2
275.71448041042464,11
275.7380017771953,11
275.7427677377036,1
275.747340801117,18
275.7586545323167,2
275.77028276755874,1
275.7982400517193,2
275.8018418179658,4
275.80228098054675,1
275.8109694116569,29
275.8300364749198,5
275.8447277546653,19
275.8561731975329,16
275.8617431317802,4
275.86760606426606,11
275.8742487331568,3
275.88579300540346,23
275.8933265021233,19
275.9266122711005,2
275.92890433067447,4
275.9389432163037,3
275.9391612113254,16
275.95377458029,5
275.95984245632314,2
275.96754368604803,1
275.9741807855055,3
275.97991804625485,3
275.989905142912,4
275.99894596723396,2
275.999010852202,1
276.0079294454742,10
276.00894178912836,3
276.02147191411524,25
276.02745162074854,3
276.0533222709975,8
276.06808555680396,1
276.10105609749354,15
276.1068306017311,6
276.1198290343831,2
276.1339517040922,4
276.1351116786612,6
276.16069459840224,9
276.1696695639531,4
276.17093533395916,27
276.181858981853,2
276.1834963570374,1
276.18819985887944,4
276.19067087861225,2
276.19759656205633,15
276.1998955500447,3
276.2291651015058,2
276.2395415099235,11
276.26298052928365,1
276.27744913914574,2
276.28558754321364,3
276.29227709217844,8
276.29499271536855,1
276.30592956813746,1
276.3134078182402,9
276.3147578696493,5
276.31808146746545,10
276.32206563055735,27
276.32773607110505,1
276.3316156551089,2
276.34365578592315,7
276.3500060256148,5
276.35357262262886,1
276.3564993360726,12
276.3586701733235,2
276.37184339947424,1
276.37653161593886,15
276.37895136397776,5
276.38728109008673,2
276.38934208364526,2
276.4045260751901,11
276.4081665261424,5
276.4155388230019,2
276.43613433481744,1
276.44825485493396,20
276.45682945564465,13
276.46232079295294,11
276.47772246047447,12
276.47903482168624,8
276.5016883256583,1
276.5035386575679,1
276.50624096231866,1
276.51271382200525,5
276.5149865212536,8
276.52076054715377,1
276.5317565538337,1
276.5325127609525,4
276.5330776614042,14
276.53346226878114,25
276.53573236687635,5
276.54172789135,13
276.5553777824928,25
276.5637961026043,17
276.5687390968946,19
276.5730484241733,25
276.57575609626895,11
276.5788343020881,2
276.580990646995,11
276.58427489088297,11
276.6041314401693,7
276.6200125761889,1
276.6206577933738,3
276.62796112345524,5
276.6302134770992,11
276.6401400799831,17
276.6445368190187,13
276.6566721479894,3
276.6948059468823,20
276.7041944495206,16
276.7120586321838,8
276.7169190608152,28
276.7174393552086,20
276.73206081786503,3
276.74283642691864,1
276.7447093781852,4
276.76290762063843,7
276.7656983229319,10
276.7706756688551,12
276.7767024663438,2
276.7942105331535,5
276.79785845096484,3
276.8277304569174,7
276.83212013113445,4
276.84181883178456,22
276.8694795776304,10
276.8760889805544,12
276.8766377753272,3
276.8879135593672,23
276.8901926222387,10
276.8953051132,4
276.895616717168,10
276.9112417804375,9
276.91575457106387,4
276.9179231108107,8
276.9421044358423,22
276.96352602223845,22
276.99018535156034,25
276.9902157852204,1
276.99158511378727,3
276.9921128305774,8
277.00109380162786,1
277.005864064726,5
277.01186471192545,2
277.0249823317526,2
277.0272603283704,9
277.0306229844882,3
277.03654834943643,4
277.04090707243904,2
277.07429182955264,2
277.0901832059757,1
277.10168550120517,14
277.1483063756077,4
277.1590746166629,2
277.16668709377444,18
277.1670268135096,1
277.1883541793207,14
277.2029278790772,4
277.2047816516651,4
277.20996722883234,18
277.2234402285134,7
277.2243815785416,16
277.23794386544904,7
277.23946016451873,3
277.25791308325336,17
277.2631644108689,20
277.2640524120577,1
277.2675903865698,16
277.27012350132696,1
277.2710140082274,2
277.2822256144873,6
277.30817975910696,5
277.3140563188858,5
277.3253092831497,21
277.3266240234771,1
277.3319667050504,10
277.3391700337085,6
277.3422536009635,11
277.35766879901945,4
277.3677390040959,2
277.39909041765384,3
277.40738847855596,1
277.42054671341384,17
277.42100000125095,3
277.42649637170376,12
277.4355263399725,2
277.4376974048097,26
277.43968000773003,4
277.44829278510304,7
277.4639390298634,2
277.46662092664326,20
277.47152423436387,2
277.47213958521877,1
277.49384093673723,2
277.50350301746323,7
277.51257027879615,1
277.51727944788576,11
277.525798709423,10
277.5369320393207,6
277.543712824541,12
277.55359088330357,8
277.5640116878333,2
277.56567317367,24
277.5686297713537,10
277.5826089660406,2
277.5905203355326,22
277.59167669146893,1
277.6136369678802,5
277.6293788390373,14
277.6332487734133,15
277.64267094274766,3
277.64343562897756,3
277.6472443393943,1
277.65416002542133,5
277.65745859735046,13
277.66200642515093,10
277.67118710896546,3
277.6735364690486,1
277.67374907720216,1
277.676809765776,29
277.68598555887894,18
277.6870433156793,10
277.6883025281737,10
277.6993385253658,1
277.72257096514886,1
277.72636071231915,23
277.7315951548246,13
277.74682291884653,21
277.75446111764137,1
277.7604535111878,2
277.77871719958205,1
277.77927242131796,9
277.7806293995857,2
277.79004051228395,15
277.8031427076376,8
277.8287265572364,14
277.8440504635038,3
277.84707928415787,1
277.8536954246572,5
277.85728571249626,15
277.85844958829745,5
277.8598235595337,18
277.8731892092626,5
277.88124950629293,2
277.886200724496,16
277.8878198242483,16
277.8942115111323,2
277.9066651042883,5
277.913979537085,5
277.9196343402361,28
277.92766118036286,22
277.94488161313797,1
277.9451914664428,2
277.94610365917487,10
277.95211069599634,22
277.959273226655,1
277.9882795316745,6
278.0081378066079,1
278.01441203038644,1
278.030392850159,11
278.05270905492023,29
278.07447166871026,1
278.08212575658274,3
278.0840381802756,17
278.0851862220514,28
278.0888857616263,1
278.1016299304599,29
278.1084351019809,6
278.11506434872643,1
278.1231577440085,6
278.1354020267014,17
278.15196310841577,1
278.15474253548257,28
278.1676321558567,2
278.17392305850933,2
278.17573616414074,6
278.1799655236892,10
278.1858381591971,1
278.1892389673072,20
278.1942219546629,27
278.2015842971942,2
278.20906751238465,12
278.211365198901,9
278.2195898161006,13
278.23466259697494,20
278.2351385735155,7
278.2525588899743,7
278.25791047495943,1
278.26812354136865,3
278.273953626698,1
278.2786130263601,1
278.28049541523313,22
278.2855459724342,4
278.28804205148947,1
278.2920834915398,1
278.30885122314237,2
278.31122722558996,8
278.3650631349684,2
278.36670162369256,1
278.36871403324756,6
278.3861965068081,3
278.3971567288585,2
278.406035902356,8
278.41009416761875,1
278.4217425714407,19
278.43235219626035,22
278.4337721955252,3
278.4346884806203,7
278.445127121368,16
278.44625105725254,1
278.4863727606274,7
278.51154104277083,22
278.54233177595984,16
278.54451280487694,21
278.54520717599786,4
278.5578398590494,17
278.56022506858324,3
278.570664347358,18
278.5773007683756,1
278.5819875260786,4
278.60943737104384,4
278.61431249004954,22
278.616917206211,10
278.61971230644656,1
278.6439588680863,4
278.66415977334634,4
278.676480303133,2
278.6901634388836,26
278.6904191671367,18
278.6906094980248,1
278.6927465211472,18
278.6984914636352,20
278.70115432012165,3
278.70911073882974,3
278.72167395319303,13
278.72661938426506,2
278.73092147308654,17
278.75005917837075,7
278.75807570453793,3
278.7719645901127,4
278.7802852744562,1
278.84205471269803,21
278.85267697322166,21
278.8664450336225,2
278.871312862047,4
278.89395770282755,1
278.90871025145896,7
278.92556976363517,21
278.9293208844219,12
278.9375069415291,10
278.93765062155114,2
278.94702306771546,3
278.96385156079515,5
278.96776385560133,24
278.9813806191441,4
278.9832254574484,14
278.98406507071576,2
278.9912553883234,3
279.0061372542479,7
279.0287464221115,1
279.0638341044113,15
279.07269855185876,1
279.08396831042796,3
279.12816133075574,6
279.1317198789026,15
279.14142184174375,1
279.14763756163916,7
279.1548570006196,23
279.1611099560448,5
279.18489353509733,22
279.1848959774705,2
279.1865599774186,1
279.1886322223387,8
279.20899740121536,2
279.2483337415502,5
279.2567572300111,18
279.3048609659428,2
279.3215480196437,3
279.34037331313215,9
279.35010789756564,13
279.36222926021725,1
279.376235042267,11
279.3841536089525,3
279.38870627813304,3
279.39043337492416,28
279.39747620004493,7
279.4018437740502,1
279.41953454492165,4
279.44964492830195,1
279.47632445698235,3
279.4783996194292,19
279.4839882830191,10
279.4841369618222,1
279.4859950693348,15
279.50887478266,2
279.51806138307165,1
279.53142511602147,9
279.53422993714724,22
279.5972941719209,7
279.6093998992922,7
279.6961259601816,23
279.7035900111004,1
279.70724941653094,10
279.70865770883546,4
279.7100408729703,7
279.71760530477593,2
279.7834161581188,1
279.78996983600405,13
279.8029958558121,2
279.8121777497825,7
279.8257355406103,7
279.82836630516493,5
279.8356603476864,19
279.89253735625374,22
279.91132977587915,22
279.9302437544584,5
279.9310442473041,8
279.95065297856405,3
279.953410743758,2
279.95888950384415,22
279.96491679071744,19
279.97530075871975,18
279.9947877112952,4
280.02582594155314,1
280.03198800933313,1
280.07071672316204,4
280.0904797059621,4
280.1340853035519,2
280.15916358921834,4
280.1644409316753,29
280.1778948486162,25
280.1887546954342,16
280.211785556508,4
280.22036712344993,27
280.2235653859869,14
280.2716767685515,2
280.2769968017089,1
280.3448215725691,16
280.37326885153533,4
280.3800370625521,1
280.4075548365959,26
280.4143320678389,14
280.4329680623752,1
280.4550251028728,6
280.4585750383114,4
280.46575398946226,1
280.48956266532275,26
280.5065442361269,1
280.5065459740883,19
280.5148186691075,7
280.51729181280524,2
280.535214973711,23
280.54659194101,1
280.5579876500001,8
280.57370684658355,1
280.5741425888326,7
280.57686218606483,2
280.5791999217234,4
280.58886200936564,9
280.6242464464435,7
280.65784023168715,5
280.6593634668654,2
280.6872923377723,3
280.688847178367,3
280.69685531508094,9
280.6992212177274,11
280.703925492843,10
280.7118749670706,7
280.7244200832006,6
280.72909440224703,5
280.72948529931307,1
280.7434029406952,2
280.7482680189501,3
280.7494697531613,7
280.8129042828701,5
280.820155635553,10
280.83775335029924,20
280.88766049017624,26
280.91421403611184,9
280.91864369420614,9
280.9555133066306,1
281.01995325902874,28
281.0298942081111,20
281.0381084137592,1
281.0612910696509,25
281.0818208183407,1
281.0901929397522,22
281.09068486554804,1
281.1129656656451,17
281.1139448528124,1
281.1429045514251,15
281.1491943471952,1
281.16227117051864,6
281.2174269629801,6
281.23747209088634,4
281.28844331113,3
281.29312800578936,6
281.3275270736841,7
281.3354229017513,1
281.33800751177307,9
281.343962859828,4
281.36647487944515,24
281.3983049389932,14
281.40800339562,1
281.4094224455538,5
281.41186036815293,2
281.41620282731475,3
281.4353128445394,4
281.4502794413263,1
281.45368626184035,1
281.45864926705485,9
281.4597446324749,3
281.4890219847783,17
281.498087896964,1
281.5027576380271,10
281.515662375135,13
281.5326846437807,4
281.53377392407606,15
281.5388563537958,17
281.5773267790886,1
281.58352864621764,1
281.5890205437302,7
281.59634073609766,4
281.66482683192294,1
281.66955509906956,2
281.6731726686665,1
281.70054069256673,6
281.81442585511644,7
281.82971898301895,12
281.838349637017,3
281.85080249636536,24
281.8568302893045,5
281.86356480647834,1
281.8720198336379,2
281.87605755119597,4
281.8992916142682,12
281.9293077009445,24
281.9335289469628,14
281.9499215668083,9
281.96982574094903,1
281.9966191998535,2
282.022898545654,2
282.0484333150614,6
282.1035755824229,16
282.13493659668865,13
282.2039691182644,1
282.20894453816464,9
282.2685352748477,24
282.2978419639352,2
282.3067971910165,14
282.3293564983137,10
282.3479923756773,9
282.3669789938528,1
282.42156420329087,16
282.45940682092095,2
282.478369809995,1
282.49089548950735,3
282.5421546264328,3
282.55645968823586,12
282.57884949022076,4
282.6269020205872,13
282.662503954444,1
282.67408562514515,11
282.74818944310005,3
282.7829104797392,17
282.7849376730903,19
282.81282191670414,26
282.93588952375546,1
283.0018837262472,1
283.07633297791597,2
283.14231553736767,1
283.17519351809256,1
283.2268821262326,26
283.2455285116218,12
283.3056296140463,4
283.3058453053981,11
283.3073695828926,10
283.43095491897367,3
283.4401269773602,2
283.575896225188,4
283.60613973355123,20
283.65996022434115,11
283.6753883932509,7
283.71543186596557,2
283.72758365211183,1
283.7564247210595,1
283.81869018611707,3
283.8224296387035,5
283.8271614608028,13
283.8463848950904,14
283.961801544342,1
283.9693544353009,4
284.0741240129805,4
284.09894425119046,22
284.1116882148737,8
284.12733713186344,16
284.13798968300006,3
284.1958011820206,12
284.2404998688552,9
284.2729273669469,22
284.30654097279836,11
284.3099115673568,5
284.33495708582643,1
284.41274692644424,1
284.42427848443424,2
284.4257134622057,2
284.6037428411689,1
284.64787996625085,28
284.6853155718156,1
284.69938639401323,29
284.7763104273049,3
284.81278835018577,19
284.8589013135139,5
284.8666718299122,2
284.88257601221767,4
284.96425079224684,9
284.9815088259273,2
284.9918446009426,19
285.022520225037,3
285.04455241112714,6
285.0468774365345,19
285.11799447252895,9
285.129308091191,4
285.2110103918336,22
285.3251254838807,2
285.33510043382427,2
285.34361171074363,19
285.4456578864715,1
285.5609165109017,8
285.5999793839677,10
285.62151220583775,1
285.7497083897328,1
285.7553352767898,3
285.7751777810806,6
285.7999284368358,4
285.8622927576182,10
285.8800038305509,19
285.9574585960156,3
285.96920708677396,1
286.04656536471094,5
286.06412513290934,1
286.07335646098375,14
286.0980218347929,28
286.179898512856,2
286.1833427870932,1
286.2466768630875,3
286.2816337317668,2
286.2919926501296,1
286.31724761295123,1
286.46737248405486,19
286.65957949473375,14
286.68469553800844,2
286.73555868778965,6
286.7545089918687,1
286.80101547000476,5
286.8369105897674,6
286.8637833444364,7
286.88995614746597,10
286.99058547363336,8
287.04968744978055,8
287.0972287538414,29
287.09848705668816,4
287.10006665475,7
287.10519835683516,16
287.10990977512097,17
287.1355596110724,2
287.15028921180874,9
287.16367223654083,5
287.24174597643196,27
287.2638417434639,6
287.2695971735876,1
287.2939410692656,2
287.3084240123023,21
287.3097626485142,17
287.35319372856566,9
287.3874212605098,23
287.44348166339637,3
287.4479557615799,26
287.50535227959557,10
287.6892847507151,1
287.6993143219151,9
287.83541069100824,2
287.8619567824431,1
287.98869597432366,9
288.0497240278899,3
288.0540090365616,9
288.0615891775216,1
288.0918459709301,3
288.26532137244476,2
288.27924783988783,9
288.28731089479425,3
288.6162203448339,20
288.64037713611316,4
288.6880595527813,14
288.7941234396495,10
288.80610056794035,6
288.9244432578284,27
288.98553153362434,1
289.0396022703131,4
289.0525180826507,2
289.0941412721266,4
289.2394267220418,12
289.2674118737445,4
289.30140345364407,8
289.305047977105,11
289.3974499010601,1
289.419340961348,25
289.4964974916196,12
289.5188120758085,4
289.57798423409463,18
289.6095649383033,7
289.61350310122435,3
289.62442328691924,1
289.67114292863107,2
289.71177391528,1
289.76161661205066,10
289.8214164777687,7
289.9804306616821,2
290.0881417998222,10
290.089367032234,1
290.1302194866391,8
290.13599673290577,23
290.2431596394086,4
290.25036677874147,5
290.25230367168996,16
290.3136400142663,1
290.34384344723003,4
290.34824017047566,2
290.4655538647988,14
290.4822426240063,23
290.5394746152932,6
290.5606544157727,24
290.5877808071868,18
290.65083125186834,16
290.6569460336542,14
290.68122593151134,1
290.68223493200196,4
290.7306373042953,13
290.81690969102885,11
290.8178376372365,4
290.8268813305712,21
290.86834736843116,17
290.8940369709411,4
290.95836453748535,13
290.987498568535,1
291.03792074169746,15
291.13020094791733,28
291.14207205037627,23
291.15024503602007,15
291.1664504179819,14
291.19159865221826,2
291.1985722078381,20
291.2029020089694,28
291.2173592957056,18
291.2660876917366,1
291.36093155869537,2
291.4517212835777,13
291.5055474694501,2
291.50589013232945,4
291.5330589406343,3
291.63345937868735,5
291.7431435576362,2
291.8741210599257,18
291.9260006339603,8
291.93027854346303,3
291.93622099015494,13
291.97390739578174,7
291.97544359406004,1
292.00745745883165,13
292.0340613037539,15
292.03615093424753,3
292.06896268337204,2
292.1371532346694,1
292.20488578244414,2
292.22430643873827,12
292.30253425409114,1
292.30348898839657,1
292.3162818655771,11
292.35321011092975,26
292.45842956005885,2
292.49773653671923,3
292.4979436262608,6
292.52413385507407,26
292.5576817443731,1
292.6359171972093,18
292.6469953668368,2
292.70921897341583,11
292.75581116689784,2
292.7784792316934,26
292.8558305013756,1
292.8953836407981,14
292.937786004658,2
293.0131362030678,1
293.16687878682103,10
293.19772996888287,5
293.2159042676743,10
293.2898987246535,1
293.31263061158603,2
293.31287352115606,26
293.3172764721221,27
293.3648848002529,11
293.3660759588933,16
293.36755983071305,1
293.38326426940887,2
293.4106965383875,10
293.4457830261357,29
293.48534902162817,11
293.50111048515635,17
293.52125182256486,1
293.5489599776704,1
293.6081566221728,1
293.6140958714898,1
293.61666618042494,5
293.6184586811126,1
293.6276879180013,2
293.66168181640546,1
293.66228395024353,3
293.67934178239375,5
293.6913862460417,9
293.7260344142317,6
293.81240483194165,2
293.8321204408965,1
293.875393163658,4
293.89602745626826,23
293.9287292943718,9
294.017536220948,2
294.0230326144344,6
294.0729461075578,12
294.0908551644873,27
294.11812348290573,5
294.14398180754097,17
294.16697038825566,10
294.19473432774674,9
294.2983856581248,12
294.3121181917713,10
294.345783222663,5
294.34618054481894,6
294.3848807625638,5
294.427717396674,3
294.5429027367275,5
294.5455739442752,3
294.5671303831138,11
294.5747696366697,6
294.5877891329662,15
294.6151784817084,4
294.65429221567234,5
294.6770812171844,21
294.73246002834634,1
294.74375814187573,3
294.74866928161026,10
294.7708936254966,11
294.7816246184056,5
294.85551465702844,1
294.88327491006936,7
294.90596565471805,3
294.9593235018065,8
294.97354073034296,13
294.992714588807,7
294.99377483322814,3
294.99711065779604,1
295.0249577378023,3
295.03440710997796,10
295.0654156545943,8
295.06784125959126,2
295.071887507522,1
295.0874918203781,1
295.2155749780088,18
295.2532511497091,4
295.3812364678448,26
295.43118474159553,2
295.43572157178005,1
295.4513127275814,8
295.4744047684463,16
295.47982159635285,17
295.48072187311294,10
295.48136192508315,2
295.48330615833436,2
295.5136242572777,23
295.53049234322714,16
295.5316886531092,1
295.5708404737023,1
295.5740046807661,1
295.6937354744484,29
295.74562020881075,10
295.75658431146195,4
295.7907146143112,5
295.7946808473889,16
295.82786625925706,1
295.8337169481034,24
295.8380064328387,13
295.8390092264491,19
295.8400683768372,3
295.89260588686176,6
295.8943015572319,4
295.9021246894433,2
295.9262263557129,16
295.93591671881904,19
295.9585312409013,11
295.9671502229634,8
295.9987364775175,1
296.0046695765062,18
296.0398229622657,1
296.06555728528855,18
296.0844073136311,2
296.0949488224529,18
296.1138262455075,1
296.1148904802508,10
296.1341879104667,10
296.1537066837518,1
296.17475674780013,9
296.18038456598515,10
296.18075935195816,2
296.2037422845538,7
296.2228036261808,5
296.229097958971,1
296.2791362142657,9
296.29061295191485,1
296.29135413469214,15
296.2931003437642,2
296.3019760275414,1
296.3302494649708,5
296.3360375505346,8
296.34426349849383,4
296.3526739407387,15
296.39315080915236,18
296.43681765449753,8
296.4769904638028,7
296.4977040332002,7
296.5282885443417,17
296.53061474594983,18
296.55884611358283,2
296.562997516401,6
296.5698828271665,7
296.5727018848823,1
296.58224428707933,12
296.5882637822744,1
296.62599207221916,1
296.64220040947765,12
296.64392624655966,17
296.66968538388477,20
296.6820786866564,2
296.68558968503663,1
296.6883665638201,2
296.7190559751582,9
296.7222864900927,1
296.7238187639733,1
296.72597391489427,7
296.7487671095818,2
296.7532463517053,6
296.7848977808856,5
296.8075566394384,1
296.8126660238221,8
296.87886742978804,4
296.88147793418767,2
296.8889029114474,21
296.9392010711401,3
296.94328818538065,2
296.96971279210493,12
296.9861068101892,12
297.0054826862176,2
297.0278035663091,3
297.08848050084055,1
297.12631923901074,1
297.1323813357269,1
297.1511438347214,10
297.184331599727,13
297.1848479584719,11
297.21982529386605,20
297.22036954270493,1
297.2435157687893,3
297.2518320347978,20
297.2632462125368,1
297.26830881477866,1
297.3031387821893,3
297.34503172265727,1
297.35723895479646,14
297.39715617348145,11
297.4411432129351,1
297.4446012663797,6
297.4508394254445,24
297.4666427353688,12
297.4748133910822,1
297.5294644631086,4
297.5626240865081,3
297.58452557300035,1
297.59125469894263,17
297.6500419306776,12
297.6516583226379,9
297.77649091884257,1
297.80739808175343,11
297.8152947048471,6
297.8170936768827,2
297.8264367541724,27
297.8321353209012,2
297.83756644350456,11
297.8498085425601,11
297.8703470089658,1
297.8926016915305,15
297.90051239045647,9
297.937651244816,4
297.93849494446823,14
297.939706004763,2
297.9407360790893,5
297.9492047052626,5
297.9573838921215,9
297.97694504480984,7
297.98414244768884,3
297.98978219266695,6
298.00461313060123,7
298.01792786827434,5
298.0347746666353,11
298.0417494611436,4
298.04432939103884,1
298.054440975384,6
298.06035714663034,27
298.0697570706761,2
298.09129599531684,1
298.098547848047,15
298.10136752998545,2
298.1027143198925,18
298.1322136899426,20
298.1477291849208,1
298.16181160630987,1
298.1691895591842,3
298.17514660740824,5
298.1933455115862,2
298.193974194268,21
298.1965979571479,7
298.20713211311215,10
298.2142614217436,7
298.2284354280921,28
298.25646227359266,2
298.3102966469902,24
298.3213188136311,20
298.32647336573365,23
298.350313639876,4
298.36792165761653,3
298.369632778172,2
298.3840457591977,8
298.39046626809505,25
298.39959721666185,23
298.4102668099082,8
298.42544763113625,2
298.4430565766382,24
298.44536494933004,11
298.456949112544,4
298.463110482927,1
298.47104129482364,5
298.47696453892485,10
298.4845086159607,24
298.5152662959704,21
298.5255286284233,9
298.5334162655323,1
298.5341183463717,4
298.54252298171684,7
298.5580577254214,27
298.57874971300834,4
298.58029108206784,3
298.5908413544276,1
298.59383495676525,28
298.61002476033923,6
298.62431820414474,7
298.62992862726253,6
298.6358921475157,22
298.6380735605729,11
298.65154046725394,2
298.6802075567868,18
298.68101551851856,7
298.74256410725843,1
298.7507574703283,1
298.76512832507575,2
298.7724780627763,5
298.795795303622,3
298.81737972478726,25
298.82199397957896,8
298.82410993352335,15
298.82873892165867,2
298.8300413786538,12
298.8354485051422,1
298.8403615122718,6
298.85183677652003,9
298.85194353691713,1
298.8756385817475,13
298.88400534205624,1
298.8846923756147,16
298.89053237831905,6
298.8921713473842,10
298.9091168333814,6
298.91288721373354,2
298.94433946490494,9
298.9507843880349,1
298.952166402703,3
298.9522924892122,17
298.95300727970556,1
299.00810146926597,2
299.01335188924156,1
299.0135932229813,4
299.0172032984861,4
299.0432070049466,2
299.0495401670033,22
299.04954132224356,27
299.0503282474787,9
299.0516226706711,1
299.12025757887045,4
299.1253220575673,1
299.1392378265732,1
299.1499709341467,1
299.15244370763594,1
299.1742364155244,8
299.17461397290515,4
299.17850088004144,14
299.17966016465954,3
299.18807444952256,1
299.1897946657048,15
299.1980192604497,1
299.2014399311255,11
299.20364261642766,1
299.2448957032619,1
299.24822372956,4
299.2516858248293,1
299.27477217828414,4
299.2884157820639,11
299.30355766882764,1
299.31009315435546,1
299.3365999845841,21
299.34484566072666,7
299.3455981602099,28
299.3613380833728,2
299.3729914452354,12
299.3838603162868,19
299.3947349326848,21
299.3955604231174,10
299.3965964428534,5
299.4243690333541,25
299.45351433438265,23
299.4745089854649,18
299.4950681873828,1
299.5057377302079,1
299.50701184745395,1
299.50722579808956,25
299.52988150649264,3
299.5396625631017,6
299.5538054358792,21
299.5551797039526,12
299.55888628963584,6
299.5619634989249,1
299.5771466440708,1
299.61103286147926,23
299.6178642687742,21
299.6439204986678,1
299.64628086193323,1
299.65779835757513,16
299.66373063621546,2
299.67106873925644,24
299.67703014271655,13
299.6856040516962,2
299.68926276379733,7
299.6918979101435,16
299.69483254320545,12
299.70180074248356,1
299.71363003823336,11
299.7260113093841,1
299.7261190124903,4
299.7353856885498,1
299.7367938613124,26
299.73834188326384,7
299.7499345037662,11
299.7752413866738,13
299.7838399107875,8
299.7867986545712,4
299.7881779957015,2
299.78847906502494,4
299.7891721195808,4
299.80566330478,10
299.8215257959498,2
299.8278667906436,4
299.85058936445097,12
299.8510851714313,5
299.85972316578716,5
299.86216841827,18
299.88051026638266,3
299.90574080412335,1
299.91009410713406,3
299.93555916200665,23
299.94016255421036,5
299.9468107849779,1
299.9542349112079,23
299.96037298013863,2
299.96764521462967,3
299.96792680356566,1
299.9754828136459,6
299.9838481563992,1
299.9974471235888,6
300.01094034279026,2
300.01505481742834,1
300.04495208285056,3
300.051880803789,7
300.0585454717229,11
300.0593785232857,15
300.0683259933136,3
300.0691709138952,1
300.0785073885771,1
300.0885718825187,7
300.0921985702908,15
300.1088751385615,20
300.11807948675846,6
300.1290670110782,12
300.16374059466375,4
300.17192522272035,3
300.1926359051268,2
300.1927183680438,3
300.19375104644627,6
300.20931383114015,1
300.2187020999607,6
300.23255310327744,3
300.2389581724515,3
300.256776237977,3
300.25765756589266,10
300.2688582709244,1
300.27071534394054,11
300.28035758951484,3
300.28442405029585,28
300.3009276416436,8
300.3029820213904,13
300.3030298590855,2
300.30780337076555,17
300.3202556481284,1
300.3213077619242,9
300.32493781007565,7
300.3390195333148,13
300.3467845289058,7
300.36115796008363,6
300.3696010441878,2
300.3885922383405,1
300.39133443784834,4
300.40665053044,28
300.41047785332256,27
300.43388637816093,22
300.4352618116377,2
300.4388332288212,4
300.4389473844621,1
300.4453258630112,18
300.45224176870323,3
300.45649425144074,24
300.4602045035309,5
300.4606528576025,22
300.46340957146714,4
300.4643154519888,18
300.4690005010786,2
300.48867534254936,1
300.49797240572406,8
300.52562789139523,5
300.53447958732346,2
300.5382493548584,26
300.54658523907364,21
300.5505999775062,25
300.55205036480464,8
300.55593618825947,5
300.5602375911859,13
300.5716483938314,6
300.577535161229,3
300.5778098683335,7
300.5816386329234,12
300.5890070116307,2
300.6003948225706,1
300.61366726655564,6
300.62504169481224,13
300.6260145913215,5
300.63278306948075,1
300.64339119891184,9
300.64567915192396,4
300.66267646838753,6
300.6653880366809,4
300.67420684137375,6
300.6931746134431,1
300.69350554517763,5
300.6957950546774,2
300.70664984013877,3
300.74060779454413,1
300.74752443473477,16
300.7671996077868,24
300.76918136067195,12
300.77264047446647,14
300.7882198980642,3
300.81099459442066,29
300.829245076374,3
300.8310900277795,13
300.8403435758534,1
300.84734724964824,26
300.86422762330176,2
300.86899767770717,2
300.8691766187705,23
300.88022095942415,13
300.88112249515166,12
300.88852210583474,8
300.8914943788356,19
300.90303846515656,14
300.90857924558384,2
300.911884744394,3
300.91379375007244,2
300.91413010518136,10
300.923852954893,19
300.92455676810584,8
300.9276785854666,4
300.9312128534606,1
300.94271266695034,1
300.9456972087714,26
300.94695695292535,7
300.9513174930081,1
300.96353649054345,18
300.9660848740659,1
300.9843887945015,4
300.98870877104093,3
301.00180354493364,2
301.0029578562702,1
301.00749958263754,14
301.01354004071624,1
301.02022950784,12
301.02561436914857,1
301.0261702213621,2
301.03047022059184,25
301.03248509400316,2
301.0405759749749,4
301.0519205383251,2
301.05323939134877,1
301.06282085872357,2
301.06578715920756,11
301.06787977829975,13
301.08416836353206,4
301.09385359891246,1
301.1170420062445,4
301.1187578265485,4
301.1231199397552,1
301.1252857202375,24
301.1319526654835,1
301.13661612428155,2
301.14810078648617,3
301.15074007561503,4
301.1628211663342,8
301.1788784541484,3
301.1825434132684,24
301.1837934540786,1
301.1933670518946,5
301.2036025896123,17
301.23753123351224,13
301.23931022594843,2
301.2456038909795,24
301.25697115955523,1
301.264490171482,10
301.2743631821339,3
301.2758414747737,1
301.28421971239794,1
301.30243743472494,1
301.30347145828455,9
301.3106282047183,2
301.3155593704858,3
301.33137085390774,2
301.3320468158097,1
301.33242817865977,2
301.3365954621724,18
301.33958341397073,16
301.34128513464987,3
301.3520391570835,5
301.35961401008785,23
301.3609312241597,2
301.3690135987041,18
301.3893765790171,2
301.3901760223069,18
301.39168544882364,7
301.4107655700883,1
301.4118258977006,24
301.4280158648934,1
301.430164294502,1
301.4340461147297,18
301.4510537310235,10
301.45760114882825,3
301.4627373247934,15
301.46517321484964,3
301.4767044836134,1
301.4804648030323,9
301.4811025763773,5
301.48812365436635,6
301.5052079385815,15
301.50993508941383,18
301.5116488839322,1
301.5200183209165,4
301.5302308753574,23
301.5465255021536,13
301.55550484839625,7
301.55607560613663,6
301.5698703490925,22
301.57870598701675,4
301.5808749409711,12
301.58189119062257,19
301.5989013417749,18
301.609007853041,1
301.62090109735516,1
301.63507741715705,4
301.6377479570324,3
301.64148521254447,3
301.6433208942853,18
301.64351752098,15
301.64985839043175,18
301.6695016483735,13
301.67485215951484,1
301.6782270275946,10
301.689433351686,9
301.7055417242414,19
301.7072446058478,17
301.71709377711596,13
301.73195998211617,1
301.73550039004897,1
301.7374454999742,5
301.7402400718499,20
301.7640240234078,1
301.7767708200041,11
301.7809760424162,17
301.7823678581475,3
301.80715767621103,5
301.8195279578918,12
301.82115222829407,1
301.82137189401396,12
301.8339053248154,5
301.8443028902154,15
301.8557181344509,22
301.89026750555604,12
301.906443395563,1
301.9151887805599,12
301.91704511564177,17
301.9346533864498,5
301.94445501618895,3
301.94472664450296,6
301.95034767063595,1
301.9776552922308,3
301.9852239298811,20
302.0330175400786,29
302.0390400760282,3
302.0465706136623,7
302.04848079079756,10
302.0511603732768,16
302.080131594132,3
302.0834804329311,2
302.08423447811606,6
302.08525529754667,14
302.09819808290774,3
302.0988439586336,16
302.102421420067,3
302.1035812899327,10
302.1073274477678,5
302.129963536497,1
302.1444794218165,1
302.1683537811497,1
302.1706217022332,7
302.17456308894174,16
302.22162292911815,5
302.2267530212144,9
302.2359505980499,14
302.2545294373844,11
302.26360022320046,1
302.2783746423507,12
302.2807924342657,4
302.30133388588786,2
302.3437014052496,4
302.34958550891184,11
302.37868556668116,5
302.3823730636118,6
302.3846495299282,3
302.406044975538,23
302.42439438278967,14
302.42523170301007,1
302.4284908540728,12
302.4386560020834,1
302.44421835513464,3
302.4707571024059,2
302.4853653254429,1
302.4930304581244,6
302.49766072620037,2
302.505802619916,3
302.5225893492853,2
302.5323381096641,2
302.5385628497317,4
302.5498437222689,6
302.55002690858765,5
302.5503490068602,8
302.5526309610408,10
302.55854761410535,7
302.5929226439505,14
302.6104984497855,2
302.63950986992734,23
302.6595987706053,3
302.66532301156354,10
302.7002091153712,4
302.71162049260323,3
302.72978309270144,7
302.7320358835454,18
302.74173410462606,17
302.74883674138033,8
302.7531797466382,4
302.75590395565655,2
302.7786209442673,7
302.7980685018384,1
302.8019717502284,14
302.8033397714588,10
302.8069104844789,3
302.8210333980635,4
302.82862461855274,3
302.86336105898636,3
302.865764324218,12
302.8789090209579,10
302.90957985917703,2
302.93511328160395,14
302.94240714977497,3
302.9722712181659,22
302.979375395318,5
302.9847472606878,17
303.0131942574389,3
303.01658934202277,23
303.0218907383085,3
303.10530330919795,6
303.1236897712346,12
303.12381659058747,10
303.1299338809171,6
303.14151916295776,1
303.1774616741418,4
303.19304806129855,11
303.2087487507016,2
303.20887825128494,10
303.21151594837147,13
303.21381623373657,5
303.2172653686385,8
303.22084042072987,3
303.23691886526257,18
303.24860156219665,12
303.2498555173269,1
303.2548020072455,2
303.2648087228223,8
303.2866940943045,1
303.2872532924485,8
303.29664212317886,2
303.31336544002676,26
303.3369890185303,15
303.3458823980267,1
303.3554710833039,1
303.36056549949876,2
303.4186861910931,2
303.4318708458054,10
303.436246801252,16
303.4393390181541,22
303.4408771928563,11
303.4649192384948,2
303.4658374079677,1
303.49164651137306,7
303.49388704098413,2
303.4981239902363,22
303.50947121854875,1
303.51565115640165,4
303.5258097134512,1
303.5434425202454,5
303.5563684138759,2
303.56333225178633,19
303.5637457684849,11
303.569034250918,8
303.6085349728991,1
303.61536158765944,25
303.61957993505024,11
303.6350676364677,19
303.6425943591632,2
303.659564863629,5
303.67202126769814,17
303.6721114529965,6
303.6738990293528,3
303.67949060040064,19
303.68835257998774,4
303.76791988228985,9
303.77071193288015,1
303.77445272374626,1
303.77516754220414,4
303.78300265665786,16
303.78585689192255,23
303.7877829233623,1
303.80011074516807,1
303.84608710801314,5
303.85126286361964,13
303.8559699383267,1
303.8653356247334,13
303.866888184351,1
303.8707070972967,17
303.88047954933205,2
303.8851027120084,1
303.910516267443,1
303.9241539215597,19
303.96836266864585,3
303.9692792718186,26
303.97148590251106,2
304.0327790437017,19
304.04887159123103,2
304.0527489521613,4
304.0529133078425,22
304.0863992379859,26
304.0884033180257,4
304.0917565488343,9
304.11402139197526,8
304.1246481891474,5
304.1261412537049,1
304.1975494812116,3
304.20849837116043,8
304.22012616355636,19
304.2330554900391,8
304.24048423263,1
304.2514244850689,2
304.2749414632228,2
304.30063489736096,1
304.30079997102473,3
304.3654229108862,1
304.36719592790377,1
304.3729156180101,2
304.383954397643,2
304.39526333468734,5
304.3976100327727,1
304.411708660651,3
304.41960020530274,9
304.4238703469723,9
304.4376743692723,2
304.44037026459,7
304.4440384224745,3
304.4536805250083,3
304.4777700508537,28
304.4793182812452,15
304.4812627927496,20
304.4884716308767,4
304.4896828550011,29
304.4961067033075,2
304.5627863583006,7
304.5786098529416,1
304.58128600387397,20
304.6536662150236,1
304.6634102421227,2
304.6673252628812,3
304.6789130128725,1
304.6887664637503,1
304.69519913009435,2
304.7310860547619,3
304.75424691215744,2
304.7648213767646,3
304.7844557531375,2
304.81521273570024,11
304.8198192789903,10
304.8234278274328,9
304.82507746793397,1
304.83706077116005,5
304.85451779546764,3
304.8586097659468,1
304.86994325637295,10
304.9229204886416,1
304.9414401749771,3
304.9707950704261,2
304.9862749189496,13
305.0088626787888,2
305.02263445300025,4
305.0276641891444,3
305.0303591986495,18
305.0502042341785,2
305.0571853681168,18
305.0617839011075,4
305.10007685183604,12
305.1005515707435,1
305.1272311820301,8
305.1430350692825,14
305.1513776138307,11
305.16118778228423,2
305.17398537583443,12
305.19041531423073,27
305.2139993684981,1
305.2224779242685,9
305.3009580616083,1
305.3535820395767,1
305.3611707074835,21
305.3939304303963,2
305.4066244122804,8
305.4091098069793,9
305.42202081513256,3
305.4437682109146,1
305.4532338326443,4
305.47058026007454,10
305.5171633576915,2
305.5266238920209,1
305.5705244231361,25
305.5779484921166,7
305.5978762867435,4
305.6021620153593,2
305.6359320995849,2
305.64133747913456,26
305.6446011904829,10
305.66207767994086,2
305.7207722478202,9
305.72088613370215,5
305.73449025900686,5
305.73571851632886,26
305.74223924743234,2
305.7484184253118,3
305.7562079618626,28
305.7633320726924,8
305.81545626584335,29
305.89265210507523,5
305.90131399807507,9
305.9643105481338,12
305.9690744294917,28
305.9736607514789,2
305.9819198464161,1
305.9875252937531,3
306.0299718996738,1
306.03269374513286,29
306.0571687306652,1
306.06190821500866,7
306.07936784369315,3
306.08994895331136,3
306.10674002335315,23
306.118228325046,2
306.1195362341301,18
306.16999262812317,27
306.17362881199097,2
306.20998595560206,3
306.2288098179479,2
306.2338483544461,18
306.26076476891717,18
306.2748329432278,5
306.2881720156347,14
306.32050300014083,8
306.3329271002376,13
306.3484401928226,2
306.35411140739075,22
306.37162500258546,27
306.39855596523023,5
306.4020154623317,8
306.4192606292724,17
306.448438630361,11
306.50728411208775,26
306.5403261191957,18
306.55598343598587,6
306.63847607241735,4
306.68127800254564,8
306.6869801978661,5
306.69419463831684,26
306.76228651480164,1
306.7652820361307,3
306.7963539538294,4
306.8144561522484,1
306.8174938047183,2
306.8941973818108,27
306.91300200933495,1
306.972512300393,13
306.99680401540985,4
307.03791722974245,5
307.087235694117,5
307.0939460009096,9
307.13017461115817,1
307.1327239761838,1
307.2498813120775,15
307.2622136097617,1
307.28087652922324,8
307.3032201922687,9
307.3246686636389,2
307.414281474325,1
307.4532934438064,14
307.47131752618975,8
307.4805519293799,1
307.4865983748397,11
307.5135045322366,23
307.51788823882765,1
307.52721542571976,14
307.5354807034189,1
307.54226680291987,6
307.6006958768834,26
307.61878777822017,1
307.6358745541825,2
307.647699239801,3
307.67323093281607,11
307.7001359183932,12
307.75597103419204,26
307.76457769799026,7
307.76918831618184,1
307.7774933533097,3
307.8055597616298,3
307.8586040326462,14
308.0041032498908,6
308.00638210594724,12
308.0381019444134,6
308.0646029226607,3
308.08230049999844,25
308.09453910391585,1
308.10932311360335,20
308.1164155377829,15
308.1506651351758,18
308.2150123448285,1
308.24631309885297,8
308.25260982435066,7
308.2705368135722,20
308.2976814165983,1
308.3340296601381,13
308.3353505556373,10
308.34384117090565,28
308.3751596252239,4
308.44680463810187,1
308.4850947089323,13
308.50467635963395,6
308.5438200238363,10
308.55164680045317,2
308.6171848938419,9
308.68682261284374,1
308.70584177162306,22
308.71664533032333,8
308.7862875474928,10
308.8121016452675,10
308.8379625790078,19
308.85312313749404,1
308.90314035293807,18
308.919751659375,1
308.9475031181075,12
308.9508702674826,17
309.0342759298383,1
309.07893526143187,3
309.0830859554438,27
309.16423767274455,15
309.1759168559667,12
309.21201209072154,7
309.2133833081924,2
309.2829424949548,2
309.3799800878564,1
309.38339279770247,4
309.46122653946276,7
309.52997016659293,17
309.55833291529126,17
309.5822225879758,2
309.58683119579484,12
309.6307787042322,2
309.73069275377213,5
309.77130087315123,1
309.7924877978367,18
309.7988241800134,4
309.85974319098636,1
309.9375275440136,20
309.9809472068718,5
310.0619851766379,14
310.0827740407876,19
310.1076529770496,15
310.14144690683213,8
310.14510736579126,9
310.1808607362204,23
310.2341668328684,2
310.3033525534115,1
310.3821035548085,15
310.4260946218481,1
310.52313360326764,16
310.60923878420033,3
310.6411737551905,27
310.6648946302956,8
310.67518010745084,2
310.6791496703666,3
310.7449760946545,6
310.9396176606044,3
310.9730705449086,26
310.9747746229121,7
310.9835943951234,4
311.0068022860408,11
311.05433158036914,6
311.06206668771506,5
311.13422177055946,3
311.1426045701158,1
311.1536459028046,4
311.1755793358809,1
311.2116113573583,29
311.25449226324343,18
311.40873252616325,1
311.42312399213085,1
311.50645765799067,7
311.5171685062381,18
311.52631120832206,14
311.59617971430015,18
311.675052750675,13
311.6866148229444,11
311.70707415142715,12
311.7131406704724,1
311.8800114476325,1
311.8846085706986,2
311.91088269523266,5
311.9876256369367,13
312.018551131814,12
312.03952156789074,14
312.05985521580163,1
312.1305202673906,2
312.1377632979276,2
312.15797685198964,18
312.20948988586696,7
312.2194385816017,6
312.2408261481273,22
312.2860411233116,2
312.29599707140557,9
312.30024042718463,1
312.3235988987602,7
312.3294027992347,29
312.34605688088806,2
312.37032104262727,2
312.41649696891716,6
312.4482276627059,16
312.47636029572067,7
312.4877213572397,16
312.5969115948744,1
312.6157362521049,3
312.6309654722557,1
312.66876907533117,1
312.7828305390219,1
312.7979994288104,18
312.811734155403,2
312.85594131639357,3
312.9509313573309,14
313.02537611118584,9
313.1120545612497,4
313.14404761450197,7
313.1556802769929,8
313.2568040680482,3
313.37218885084775,10
313.4263601722623,10
313.476884252708,4
313.4882699095344,28
313.4953099451983,5
313.4974146417835,3
313.5225459498306,14
313.59163779194006,4
313.6982358117262,22
313.7356479681104,27
313.96461756156896,1
314.02093624540146,3
314.02197754190223,19
314.0993956456221,2
314.1600476293983,3
314.2050515719579,4
314.2313878193858,2
314.3389159003306,3
314.3765248387105,8
314.4238951631298,1
314.53578203857677,3
314.546532861877,4
314.6091939699561,6
314.6169750592559,1
314.6622818018991,17
314.67703126923647,1
314.70842163866564,10
314.72254791064614,18
314.7320218029382,5
314.78008825271985,1
314.8850290476877,2
314.9059805173969,8
314.9515417265183,3
314.9686649673609,2
314.9899343181421,10
315.0417322544812,4
315.0659428591888,2
315.0848289131353,2
315.08854885473335,3
315.1046306271316,15
315.13752226641225,25
315.1583514124686,28
315.2308707863959,9
315.3166324316863,1
315.3538338480218,9
315.405922610336,12
315.4345382810546,6
315.4582390822377,28
315.47870974360967,21
315.52953198352395,16
315.60312696949467,23
315.6036793352903,21
315.6164662152536,5
315.6251832212616,10
315.68013386925264,11
315.7013799715099,2
315.7327772841615,23
315.7736480444127,12
315.7825978863012,7
315.7827198386513,3
315.8027834957963,10
315.83110978883815,18
315.9620794017509,5
316.01066863082843,1
316.0297315484109,19
316.0467350741984,3
316.0652235513469,2
316.08880336429314,1
316.1009766867605,5
316.13708165305843,7
316.1722943673309,14
316.2327113459374,6
316.2879720383484,24
316.3042297969421,1
316.3063031653419,5
316.3265143012338,1
316.3617983953372,7
316.4087209254139,4
316.43308272418125,1
316.45994121790915,2
316.4641464172672,8
316.5092941311441,8
316.5330667912077,3
316.56276176961234,4
316.56646586515694,9
316.64846674005844,5
316.6912711919192,8
316.7415573383903,22
316.7435146152794,1
316.75641619940205,13
316.75967229553635,12
316.8026637081271,3
316.88959814540743,8
316.9182391301747,28
316.95172693782246,26
316.96465241605176,15
316.9702019380571,17
317.00471276677285,1
317.00571088895964,8
317.0081880923587,23
317.03985028495003,1
317.0613744517275,15
317.06938156225755,15
317.0696573279194,29
317.127172000685,1
317.1451188524971,8
317.15413424120334,1
317.26415992156666,12
317.2684622069887,2
317.30495969975243,1
317.3603414023697,1
317.44557103628046,1
317.45284510156284,2
317.46627574537536,11
317.49046934597635,11
317.5122205267262,1
317.52680433303533,18
317.64388947297306,5
317.64629539485674,2
317.67808601344836,11
317.7051780622334,2
317.7290428538606,15
317.7337896184237,2
317.74592584957304,13
317.78757751903356,21
317.7975827881416,3
317.83357836424466,13
317.8507149624756,5
317.85800165076085,2
317.8904595100798,9
317.91409326676967,2
317.93809319933786,7
317.9540752363,10
317.99981108297413,27
318.01649621944324,2
318.0199098077309,2
318.0323987247282,1
318.0617201618508,7
318.0675274590461,11
318.0778416355407,16
318.1397245872803,8
318.1456318338139,3
318.14652694531486,5
318.19467320451963,5
318.1994087726926,4
318.20583747462445,3
318.2253099818745,8
318.3055179773496,19
318.32921947117075,11
318.3700723043828,1
318.3895731182669,3
318.4164763466518,5
318.4200079195719,27
318.45747868782394,7
318.47060276638,3
318.52386353490743,1
318.52811740854,22
318.5372904535094,3
318.5420936732504,19
318.5593652256142,4
318.63589425283703,1
318.70909884086643,26
318.7136923796072,2
318.73286680022903,16
318.7508216632536,19
318.7977324483754,8
318.85068535826343,6
318.90377037187,14
318.92814402627175,1
318.94254615924314,9
318.95372255595447,1
318.9592510084002,1
318.9682196753319,2
319.00334389271416,14
319.00674960950766,19
319.03756668383596,2
319.0380791827732,4
319.1122236302395,2
319.1825797573361,2
319.18871026092785,22
319.1909280776311,26
319.2880836207881,19
319.3348690532909,4
319.3611546552756,2
319.4034779892079,10
319.41526551406827,11
319.4650556644131,5
319.5084586190052,28
319.5382591025664,24
319.5421696179718,10
319.55949869922387,4
319.6086649628806,11
319.6212430902607,1
319.6385733441519,2
319.6544093225692,1
319.71492255287717,25
319.7289220777647,12
319.7814527038631,2
319.8014836870193,1
319.8117380261156,3
319.84626654783494,1
319.87078984224485,5
319.8805962598658,17
319.8985080333605,4
319.9037387400703,1
319.90680917010684,2
319.9272458967186,22
319.9285989501168,1
319.9453648818537,1
319.9465658995038,4
319.96050554799615,10
319.98459129180293,10
319.9879799355155,5
319.9992478367433,3
320.0342791040517,21
320.0377034460855,3
320.0428354045547,11
320.0692049073311,1
320.10370026376165,5
320.11294119594373,7
320.1157993372156,12
320.123148443895,1
320.1231557477274,26
320.13517134038574,29
320.18204437545205,1
320.19336298351124,11
320.2010132435713,3
320.20405099601794,1
320.20525957821616,2
320.2187275469916,4
320.22072294686507,7
320.2297428097524,1
320.2585174201519,1
320.29094914032237,8
320.30300341563844,8
320.36766165481004,6
320.37117394919835,7
320.3814043931043,2
320.3946339452746,1
320.4086846130769,8
320.4361752196326,22
320.43781711247806,3
320.45704675815244,10
320.45798124919173,23
320.4673314917799,1
320.46804034738255,8
320.5275721807566,1
320.5937406762778,2
320.6183301857993,20
320.6418371082085,2
320.6438958546887,1
320.64436777928216,17
320.6449498917473,6
320.6518078269488,6
320.6817879926045,20
320.6925740327192,8
320.692797540217,15
320.6953556771518,11
320.7010756895248,9
320.7209974318849,2
320.72693080011265,1
320.76487771044214,9
320.7686760158858,3
320.8008626114844,11
320.8208328611515,1
320.8361302533511,17
320.85434070382826,1
320.9455755025478,4
320.96541148006975,9
320.9655916980297,4
320.96798440629584,3
320.97353273376933,3
320.9859497678708,1
321.00064035478505,10
321.005606318158,2
321.04059169472555,10
321.0534182176442,3
321.06842872201344,1
321.0869345883882,7
321.09522533332284,6
321.09559868089997,15
321.11463453787655,10
321.11678445909456,9
321.2000718940665,2
321.2080209337157,21
321.22298600344607,11
321.23588591121745,4
321.2436374996737,12
321.24953289699295,2
321.25730767230596,19
321.2653528283874,21
321.2887091922348,23
321.29578158442905,1
321.29713018600654,1
321.29949392269515,11
321.30108694882574,10
321.3169968208194,14
321.3371423064975,9
321.34114046373884,25
321.35607276954005,1
321.360613027762,10
321.36165129487824,2
321.3847697580569,1
321.39922652974195,1
321.45412649335435,1
321.4553088644611,1
321.4647263408708,22
321.4877581239074,9
321.49282468340743,1
321.49355131541085,3
321.5017584986049,10
321.506112257886,20
321.50845085297334,12
321.5267663625844,25
321.572520577108,6
321.585826607973,13
321.5925891370056,24
321.6053651037983,20
321.60986422620056,3
321.61598952583944,1
321.6430075087599,4
321.65298557327776,4
321.65422980880845,1
321.66602682984706,26
321.67768483577316,7
321.74066614583995,2
321.7523663590782,4
321.8467386129094,5
321.8518387859702,3
321.85188550681664,14
321.8530640353799,8
321.86615219213024,17
321.87150872988406,3
321.87156067435996,23
321.888641312366,7
321.8928699657261,14
321.9050746128012,1
321.93777970095914,1
321.9464556885779,1
321.94679710519756,2
322.00560329729,2
322.0339514742019,10
322.0616105314009,8
322.06284684129196,4
322.06679184769365,1
322.0727565803264,11
322.07840085656176,3
322.0934152364489,25
322.1198647666551,1
322.1202888187625,8
322.12593858894445,2
322.12925955667777,9
322.14082318921896,21
322.1426849555364,25
322.15427990922933,11
322.15885562304686,5
322.1600693216084,1
322.1619487472172,1
322.16614079772984,11
322.17632443772857,1
322.17795540455234,1
322.1939000054685,6
322.1981601417289,1
322.2154077298934,13
322.23378913314684,13
322.2366444727381,2
322.2394899730826,11
322.24744969568366,1
322.24799687727136,20
322.26338678176216,4
322.2726776427274,13
322.2913521090095,2
322.3000019725332,2
322.3038439572473,2
322.3092501861912,6
322.3133774216665,17
322.31522139433963,6
322.3167866237716,6
322.33042166910354,5
322.33487073640276,29
322.3536177950328,6
322.3634966359832,1
322.37909994788185,26
322.4000662559044,14
322.40849799312343,2
322.4155722457152,8
322.4343715759766,10
322.44286669929255,13
322.46185761724405,5
322.4641763497023,14
322.50256328645895,25
322.5104333546752,11
322.526754781564,3
322.53092611698224,5
322.54092935406356,15
322.55646412730516,12
322.5600833173428,3
322.56668058079504,22
322.5718272791176,3
322.57612959152107,3
322.5794000072669,7
322.58173094829414,17
322.5832695652905,8
322.5857350778252,28
322.587022845384,18
322.5928668109594,13
322.60696969214445,1
322.6238673039561,17
322.63476339817043,16
322.6377271449663,22
322.6678672921127,4
322.66903442713107,1
322.67336418945024,4
322.6743507583734,8
322.7205534687312,5
322.7297963849189,26
322.74010780514044,4
322.7485370614404,6
322.74917458514693,4
322.7958785562865,1
322.80438180197905,21
322.8058168283665,3
322.80918401998906,27
322.8137995449633,17
322.8146300948162,19
322.81856635795407,1
322.8637471412953,1
322.86776733579336,14
322.86922887939835,2
322.87069621269325,3
322.87283894741313,20
322.87356296761646,4
322.89199237804746,10
322.9008495232257,6
322.9137777851444,2
322.920443406209,12
322.9297524253363,3
322.9337209200556,7
322.9366501165838,7
322.94081028808574,18
322.9456611441203,8
322.9463681271271,4
322.9543471314177,16
322.95943091393974,7
322.96249425955654,22
322.98156158235355,15
322.99132194150764,7
323.000124825381,2
323.0316481543756,2
323.0331957381368,2
323.04200921675994,4
323.06412932005105,2
323.081619858828,7
323.0850791784225,2
323.08564120715124,25
323.0918454926194,10
323.09637720335377,1
323.1015108937029,1
323.1079494828064,14
323.1277236254216,10
323.1320907870175,12
323.13318085503835,10
323.14905234010814,2
323.1648551486944,6
323.16765774270283,24
323.1990929468662,15
323.2031633916882,2
323.22637438693084,2
323.2425434158277,2
323.2463727641464,19
323.25281332413084,24
323.2596469884878,2
323.2608455123311,8
323.2683727347898,1
323.27619338913854,23
323.2889270766288,13
323.2954145303343,10
323.3176866923146,13
323.327857101601,8
323.33059140901634,1
323.34731690822474,22
323.35049558792826,4
323.35926048468446,4
323.3680882152369,6
323.3845455118394,6
323.40545459045927,29
323.41519870304364,14
323.4166323014655,19
323.4179806371512,4
323.4261638002254,20
323.4512516473982,1
323.4519523171512,6
323.46022813110085,1
323.4618894861307,1
323.46935945326794,17
323.48797541254146,1
323.50180737342305,7
323.50224587473406,6
323.54886442446076,3
323.5526215800331,11
323.55391425770733,1
323.56324074672665,11
323.5688865260476,11
323.5749813975959,11
323.59015817255647,19
323.59872966164096,4
323.6193909621528,1
323.62109258370765,2
323.636323222193,1
323.6599619033227,8
323.68266703308245,4
323.6959731243147,2
323.73875031824423,1
323.7414871128864,5
323.76663737989367,12
323.7766471233184,8
323.7951351247175,7
323.80487171969776,14
323.81590277447475,1
323.8177339299319,4
323.81842645297036,9
323.8245609306427,3
323.8527839342396,7
323.86551364999104,9
323.86772493206865,1
323.8981174765261,6
323.89929792283215,3
323.8997691295012,19
323.90838769249154,5
323.92004121769736,3
323.9413745843334,5
323.9538418089438,16
323.9741906424683,2
323.9947902593282,19
324.0045953686973,14
324.016516989032,1
324.02274977529584,3
324.0254435279588,19
324.0424288029687,26
324.04341176053094,4
324.0452025928548,20
324.0473563061274,3
324.05965886870575,3
324.06984106343214,4
324.07165291426423,2
324.07586167494804,11
324.094443973918,2
324.09736437622195,3
324.09752547796734,2
324.10417864486385,4
324.1148991958225,25
324.11828121515225,11
324.12099303697846,4
324.12551076462466,2
324.12796588551873,20
324.1311688484012,11
324.1441301498463,6
324.149564631186,1
324.15232993606105,6
324.155907104164,1
324.1564322816436,20
324.1591480284113,4
324.1632183221544,2
324.16433456372005,1
324.1670339810188,1
324.1705463785836,4
324.1813648690495,1
324.1848866420939,2
324.18717295624884,18
324.22468171065526,1
324.2248187169531,2
324.2333642290637,12
324.234346386545,5
324.2356036406782,7
324.24451473957646,16
324.27837894452426,3
324.29165017984207,13
324.291725394398,4
324.3651014640443,5
324.4029596549351,3
324.4043274145789,5
324.40600310844843,3
324.42027604897424,7
324.44147417964297,16
324.44708755809745,15
324.44804649624234,2
324.450541778996,22
324.4587450899854,3
324.46649168287286,15
324.4758834255193,18
324.478577660555,1
324.48343561078013,2
324.48730470761,2
324.4896365621079,11
324.49142886120075,10
324.49921946411155,15
324.50300315238854,1
324.50425039465375,2
324.5118577288333,3
324.5185986567327,22
324.5326525942218,1
324.54486163779035,24
324.5477547970691,25
324.552930286617,26
324.55741774022243,11
324.58083743923584,22
324.5809173870168,23
324.5855286036382,2
324.60504414595107,18
324.60964358225374,19
324.6174316945813,23
324.63325848651016,1
324.6343857470442,25
324.63516731435993,1
324.64099648620066,18
324.64450516545713,17
324.64842200383276,12
324.66045507435496,23
324.6606552355687,9
324.6628535204054,1
324.6634313911635,8
324.6635185417476,1
324.67250742442496,19
324.67561680082315,23
324.6765847871121,4
324.6787964978089,2
324.6955365354014,3
324.74866461157404,1
324.7531106782595,2
324.7634898963385,2
324.77251980369016,20
324.7769937502975,1
324.7892380480281,3
324.7977769730013,1
324.806821362283,2
324.81254949101327,15
324.8183025061019,1
324.8198776754279,26
324.8227467896656,1
324.83534609140565,2
324.8400372944151,5
324.84934497702926,15
324.8799308696123,8
324.88220032572553,18
324.89326394708064,11
324.89806652879645,5
324.90138815260303,26
324.92217102289777,4
324.93385764806027,1
324.94966985893416,11
324.9506705979824,11
324.95384845892744,5
324.9817692483708,11
324.9869607273562,5
325.00046924596097,15
325.0027009394461,1
325.00628063790896,1
325.015540772182,10
325.0485072253061,3
325.08815774391303,5
325.12128029205104,1
325.12275338859,5
325.1230675080708,6
325.1238790682321,3
325.12759521758306,1
325.1370540120215,8
325.15069650457195,3
325.17383591313234,8
325.2120186064498,6
325.2462696245438,13
325.24652955924756,1
325.2626016152637,17
325.270811284507,1
325.27863154603165,1
325.28987066319206,1
325.30605649802794,2
325.30746535340865,28
325.31703112650644,17
325.3182274406709,4
325.3196969942252,5
325.3369669075261,7
325.34067751609854,4
325.3435647427962,17
325.3474342679554,15
325.3721365478326,6
325.37768601772564,14
325.37896923540495,7
325.3876860578345,2
325.41006083745356,11
325.4238035485539,11
325.4267863312837,23
325.45171519017543,1
325.4640268140305,10
325.4839772810793,2
325.487588996724,1
325.488789809674,11
325.50242858719076,1
325.50504776655504,6
325.5099791540163,1
325.511786053306,11
325.5138296097713,7
325.5146663990993,2
325.51621005867116,1
325.52108017069105,3
325.5229361659091,1
325.5268401620419,1
325.540348639559,17
325.559609074464,3
325.5738458830797,1
325.59084159680395,1
325.5921487297857,3
325.6197208722671,2
325.644367606912,22
325.6679484431644,3
325.69349986658443,20
325.70032944082607,3
325.73035587354013,13
325.73578897119376,14
325.7393667676385,6
325.74013603357326,3
325.74144357347666,19
325.7444431771949,17
325.7465998428338,13
325.7624446948946,2
325.7693889589122,5
325.7719777746986,7
325.7720668141487,1
325.80278935328863,27
325.81139541965535,19
325.83132048646274,3
325.848816092375,25
325.87131064788343,7
325.87829241167276,4
325.88276074244436,2
325.886914546784,7
325.8967589726408,1
325.903112187676,1
325.91943447796245,9
325.92068314194785,1
325.9259032020032,15
325.9304163796688,7
325.9402334056642,2
325.9448713803765,21
325.9551606073045,17
325.9658781180703,13
325.973491663782,15
325.99691554841024,5
326.02187637924425,9
326.04629391763814,1
326.0676090293926,17
326.078846103134,1
326.0986141681534,18
326.11002314209276,4
326.1136030970801,6
326.12249258925834,1
326.1229147794192,2
326.1240329914316,14
326.1270136690352,15
326.1359999962713,4
326.1367667100541,3
326.14379356357153,12
326.16388623464934,1
326.185502416526,7
326.1991017614893,6
326.2177167021415,1
326.2260378888562,2
326.23787808344895,1
326.23809174458177,1
326.27196441205365,20
326.2765506532998,25
326.31124242009304,22
326.3344291760971,1
326.33814715001614,6
326.34926731748783,11
326.3504031756674,20
326.359445189927,8
326.36972547901007,22
326.37609468752726,26
326.3829111549165,5
326.38454763498305,5
326.39626390974996,2
326.3999282034281,3
326.40285844347056,6
326.425475970442,4
326.42851325512805,23
326.42975041632445,5
326.43555338442263,3
326.4790864129017,2
326.49926509724344,1
326.5001509404344,3
326.51057369517116,17
326.5171404628898,3
326.52033867777146,6
326.54128288416865,4
326.5610790265759,1
326.5668177748156,23
326.5688852527078,28
326.5945657579196,17
326.60041264382835,5
326.60650544411595,1
326.6266648969485,3
326.6295054027751,4
326.64722833800477,29
326.6523065579545,17
326.65785619438316,9
326.6611224158752,1
326.67970400556464,1
326.69081011483826,2
326.6994286708703,5
326.7036583650865,12
326.7339259922036,10
326.7660099239072,2
326.7660932174653,1
326.7936751943075,28
326.8057725233094,3
326.80776554700344,3
326.81305655507146,5
326.8164733739369,3
326.8285787015414,12
326.82955864771475,7
326.8368085517911,22
326.84398850170294,3
326.8536661899722,6
326.8840868086471,3
326.88820884078257,7
326.89700832146536,2
326.9108835120113,15
326.92374771105693,6
326.93728024186566,4
326.9948236446758,18
326.9961911164781,7
326.999085568533,1
327.01425340981973,1
327.01446060548074,1
327.0202207823497,15
327.0229044784023,17
327.04081441193733,4
327.0633111937895,7
327.0881247905876,13
327.0959645738449,1
327.0989339236205,5
327.1181774127119,1
327.11986442021725,22
327.12209790017505,3
327.1804154449423,2
327.1847423136838,2
327.2065012435937,11
327.23893325130933,7
327.26770219952914,22
327.28261904218124,18
327.2949332601808,8
327.3180140637899,24
327.33085140095045,11
327.36500474750966,1
327.36510539123014,1
327.39033656259085,2
327.3934555649663,8
327.40536834492553,24
327.409816787081,15
327.4128488568093,1
327.44857459457677,10
327.4504494667165,16
327.4718635337809,21
327.4886151686232,1
327.4918524566403,18
327.5044808956949,27
327.5160367036804,10
327.5371077088789,1
327.553182167565,16
327.5547051384348,1
327.557657587249,22
327.58996484569394,16
327.5932794127061,2
327.59394089379913,15
327.60709001125326,3
327.60723098639545,1
327.61048434475737,11
327.7010171156359,1
327.7081502423662,10
327.7206818315896,2
327.7439990949896,5
327.79905712795903,3
327.8039507924015,25
327.8141835730137,8
327.832761866057,10
327.83525481459276,6
327.83752504841624,14
327.8558414813227,1
327.85944835052607,23
327.8662876649397,3
327.877410934822,1
327.8829394750553,16
327.8920107460897,6
327.9410498560604,1
327.94366584447954,14
327.96009581770517,19
327.96116302873924,5
327.98652803796944,13
327.9983726564972,1
328.01468047734426,1
328.01657182365113,5
328.03698670191983,15
328.04845073754745,5
328.05452522348986,5
328.07467608310384,3
328.0816050712096,15
328.1306990231417,26
328.13100051099576,1
328.1530725800878,3
328.15425056942183,9
328.16877122652244,5
328.1735722001556,15
328.17711712797256,6
328.1778902924478,7
328.1842394803077,1
328.22791331693736,1
328.22794283139024,12
328.2372785730041,6
328.2503640342807,3
328.25695536380255,9
328.26408533506327,1
328.2668622297002,8
328.2891878828536,6
328.2939502227481,1
328.34397369445617,5
328.34738585481733,2
328.36299298679694,10
328.40421090965907,3
328.43672977795717,4
328.4642386716811,1
328.46879901715727,1
328.5068084769653,5
328.55194343351195,7
328.6299488587673,1
328.65275722062603,14
328.6638523305762,1
328.6885786327237,4
328.69740692872796,5
328.6991886191742,7
328.72599261952394,5
328.7318329003325,1
328.78495042062053,14
328.7997454117196,13
328.8234477194904,1
328.8450066200234,16
328.85775642663066,1
328.85940881495145,12
328.88760152225245,14
328.89653385663354,15
328.94400812163974,24
329.0023360608986,14
329.01358101190954,17
329.03256633258604,1
329.0592457246431,2
329.0638490817114,17
329.09337826011836,8
329.1052688522382,14
329.1358256461198,1
329.14238801606473,23
329.1539366020172,3
329.18137917586034,10
329.1825602186059,11
329.2142902792923,1
329.2241044045019,2
329.2670193394904,17
329.27156060209467,3
329.34268803571007,9
329.36222019616974,1
329.3692060872938,8
329.373075992211,21
329.3760595079682,6
329.3798515511211,9
329.39291230335823,21
329.40014787960513,12
329.4108774978477,8
329.42936004938747,9
329.4316461171241,22
329.44632966508254,1
329.48546694073514,3
329.4870440828649,1
329.56689638420676,9
329.5878408751921,2
329.6073981678247,5
329.612247268631,1
329.61414917683345,1
329.6156131599303,4
329.63168176767215,3
329.6382618783565,4
329.6426636038231,12
329.64696748961217,26
329.6494780506775,25
329.6512644610826,11
329.6852801892137,3
329.7317316046111,1
329.7346130114335,2
329.74020001477646,8
329.74736475528783,4
329.74791531117904,9
329.7533655111147,6
329.8345676281757,3
329.84539238930614,1
329.8754390100811,8
329.9385380851684,3
329.9492642157436,25
330.02177085249514,1
330.0526795639626,3
330.09441040272486,1
330.10935727415944,14
330.13194688526875,25
330.14169573872505,1
330.14832720055057,1
330.1800115534011,26
330.2382751885418,2
330.28351300789296,24
330.4022541689594,7
330.4079101787918,5
330.4336759466716,1
330.56610467056095,2
330.5981352073826,15
330.6225637587284,24
330.63182981843346,26
330.6481960530467,8
330.69522958203873,4
330.70351763488065,18
330.7526827277406,11
330.76201352976807,1
330.7653379466083,2
330.7918438855846,13
330.79459185363544,4
330.81763696314846,11
330.87099959232114,3
330.9151882539321,9
330.9255629732571,17
330.93315314998443,2
330.9583387200984,25
330.9918374011949,1
330.994773797841,1
331.05844883368957,9
331.0598371414319,5
331.074617412202,6
331.1037971018716,15
331.1887237986627,5
331.33346863923765,26
331.3366138453896,15
331.33676104489115,15
331.3378961110915,4
331.43718205940235,15
331.4471416992709,6
331.45641945665,11
331.463203663828,3
331.4798483181581,7
331.5023003768898,12
331.50787018186895,2
331.5859738462022,15
331.5932790681968,1
331.6007316482873,3
331.6362480096532,1
331.6463690005264,3
331.7940577331132,1
331.88182010847873,6
331.9465668865662,13
331.9496880813197,1
332.03460486800805,5
332.08434360910604,13
332.1385269234848,1
332.1395743680213,5
332.14722463755965,3
332.2526750832535,1
332.2915992009989,9
332.3405371140827,23
332.3902821138208,2
332.3965807655417,1
332.6141268102906,13
332.6658192646761,1
332.7125886256508,2
332.7231339079467,2
332.7680279776494,6
332.81250025707834,3
332.83263461025905,6
332.9542788391797,26
332.9885857614724,26
333.0328807589271,19
333.03759126448983,6
333.05471147983275,20
333.12449142628935,4
333.13784656306484,1
333.1924854717709,1
333.2521623648682,2
333.35674870315705,1
333.39345975938954,4
333.40694189418093,1
333.4356285631579,1
333.5301281952942,15
333.53046181307843,6
333.5580013024271,9
333.5681306500346,1
333.60157270754365,1
333.613399821869,1
333.61638438812616,11
333.62722527268096,3
333.64378034121336,9
333.64994705513186,3
333.6873114561482,14
333.7366091347993,2
333.77512002916325,2
333.80632462466866,15
333.9089223868204,27
333.9389665366907,3
333.97402118848817,7
333.9784738102382,2
334.0658750884948,9
334.15570744437304,10
334.1780858447968,4
334.24243125198353,11
334.2714917716393,16
334.36564277383246,1
334.3666655553551,18
334.4531952856837,8
334.4755075840162,4
334.58267715940787,16
334.6931122357276,13
334.7038611225139,22
334.70873364615187,11
334.716118794651,15
334.75921088352175,1
334.79593939603524,4
334.85203831451526,29
334.86976704440315,22
334.91077398588266,7
334.9678224905984,14
335.03551301354656,29
335.0849016627195,12
335.1133460496054,4
335.18722304635634,27
335.2155052462485,3
335.2170255296772,1
335.24787066517507,29
335.35418027841035,2
335.36983682295624,2
335.44955693306207,18
335.49939104347686,16
335.57255019060074,1
335.576871863825,1
335.5939327983889,4
335.62625449378527,3
335.6641876366453,18
335.6951806601331,2
335.71417965155786,11
335.7630381072335,21
335.84546232811135,12
335.9023303881917,1
335.9050528424104,2
335.98317873264926,1
336.0036831273703,15
336.013814543032,21
336.02798350183764,1
336.0558004853704,13
336.1086711539865,16
336.1296184191789,12
336.14241710837075,27
336.20349804384006,1
336.21582973383454,1
336.23006500315375,3
336.23873757900174,16
336.26365977338827,2
336.37279201217825,17
336.5389681524453,24
336.63813628731987,16
336.70311429286033,6
336.72982887119406,4
336.85479722942137,15
336.85677919220177,17
336.8961529547714,24
336.8997831112519,2
336.94464172066097,1
337.0524620774158,1
337.13772219056546,2
337.13888969515773,9
337.1574933450756,5
337.16397757889655,20
337.1744648736437,3
337.17657599140097,1
337.2223652115178,20
337.3342983691691,1
337.4372904467708,15
337.5209373617339,3
337.6265057668249,4
337.7361876338338,4
337.7814046785882,7
337.8064515780495,16
337.82617742664814,15
337.8711605879517,2
337.9234849616761,11
338.0792427127255,14
338.08896369169565,1
338.09740451570684,7
338.1305594605775,3
338.1398044672151,2
338.2683900901539,29
338.2757984948379,14
338.29156354634074,2
338.3414556216134,4
338.37630800250304,5
338.51822516354633,25
338.55610986162316,1
338.75128632352977,4
338.8277371010688,4
338.86595685000896,1
338.88758783124484,5
338.92341348391454,2
338.95666046052986,27
338.98936903243396,6
339.0417748973026,8
339.1449947299239,7
339.15099084762835,15
339.15923794273397,3
339.3002854394747,4
339.32358667018696,6
339.33727282993107,9
339.40160940770954,19
339.4042891895068,28
339.4126727037465,9
339.4317900730409,3
339.4350616525751,5
339.5005115573986,8
339.5948390389731,28
339.6999125578765,28
339.7237717710754,18
339.7565449386198,20
339.766370694757,13
339.801505380284,15
339.8047570514084,17
339.81929533350296,2
339.84705327777624,15
339.9658094072502,3
340.129139980168,13
340.16878168329447,12
340.2044225065202,3
340.2058895562914,4
340.2960171885353,2
340.41633331158846,12
340.6352027516242,4
340.6888700556689,7
340.7734505675094,1
340.8137309491604,4
340.8487822845294,1
340.92261285284843,1
340.9689723571648,28
341.05874921117015,1
341.0736438437772,1
341.11018397730817,2
341.132479999385,1
341.15412224523806,1
341.155905987736,28
341.18839144522894,2
341.2159134599298,21
341.25065583977414,18
341.2614547398842,1
341.297519822377,6
341.3130603816531,2
341.3564519935166,11
341.4895589802993,1
341.504590262704,18
341.51102524754396,6
341.5325079330145,13
341.57927243802527,8
341.586426251711,4
341.58708890251387,4
341.63301719187194,28
341.6900666150824,1
341.71936357586145,1
341.7342732301026,8
341.76303655643403,9
341.81652399062995,16
341.86402360181904,2
341.9222697616831,10
341.9844658036148,28
341.99475210690395,8
342.0848023921387,2
342.13970198922857,1
342.15551169605203,2
342.17703914649826,2
342.19706550284116,1
342.2296209679271,4
342.23146750147146,3
342.2467553093294,3
342.25538434799836,4
342.2605371235468,2
342.3283593855113,1
342.36131208929703,4
342.3737288107326,25
342.38471984666086,12
342.4005413062406,1
342.42660607577045,3
342.50556761235373,3
342.50684062247785,1
342.5182065896888,3
342.5450513589322,1
342.5724578296087,1
342.6830562362158,10
342.68811056732505,1
342.7220944730207,1
342.72527724525145,1
342.73288907996556,4
342.76295240639,1
342.78355251076766,1
342.8360994241289,1
342.84787915531666,1
342.8517524305487,12
342.88059321635757,7
342.9101896586724,6
342.98962539588405,2
343.0049803042117,7
343.00765163295756,6
343.01735340492877,19
343.0232655027195,3
343.2305945337741,6
343.27626360401683,29
343.3268891025065,14
343.33709743558063,9
343.34340694596943,14
343.37300814749557,19
343.3786116023381,2
343.3917878227269,20
343.41060437953985,14
343.49248381342386,9
343.49261718267206,1
343.49603911037394,4
343.4985615127915,1
343.50832532725434,9
343.5587824925085,4
343.5960104690836,3
343.6082803484997,9
343.62166015950555,19
343.63737362788413,1
343.6905319425574,2
343.7050329756154,13
343.7712570256453,14
343.7942985734182,1
343.7960730985347,1
343.79980401644224,1
343.8120505128467,8
343.85520655744057,1
343.86541161103776,14
343.8852432051885,14
343.8879819157889,7
343.9238467960056,16
343.92740481657836,2
343.93547790250005,24
343.9494121624327,23
343.95712669036317,1
343.958330489644,2
343.98450230286545,16
343.99277323651074,3
343.9959538855001,13
344.00309035434015,26
344.02930892506936,12
344.0570923050171,21
344.0825092656513,3
344.0900122111145,2
344.1188435880563,7
344.17042600528407,26
344.1779310527395,3
344.2093640936908,28
344.27838761224007,1
344.30106853666393,6
344.30734739992636,1
344.34650100305373,1
344.34874968492653,21
344.363165816669,2
344.3640459268011,1
344.3880719020977,17
344.4234597313161,1
344.4543943631823,28
344.46452536803594,9
344.5544166559054,26
344.57871185308295,1
344.5904171308377,26
344.6120225194424,17
344.6352841147796,28
344.6459396587611,1
344.64790313171306,6
344.72635543009665,26
344.72658627754913,18
344.7397324481432,1
344.75487458626105,29
344.77303358764885,19
344.77370306292414,4
344.77878682322194,26
344.7876085794779,6
344.830874118287,17
344.84198633761997,1
344.84292464194397,12
344.84333489140135,21
344.85728618644254,2
344.8701679388581,3
344.9006247536615,2
344.9514592597476,1
344.9548309475559,1
344.96731025667225,6
344.9679896252559,1
344.97242543263184,5
344.97884988457844,1
344.988014757382,12
345.0038341857898,4
345.02432337957765,6
345.02700868502797,1
345.0671019741909,2
345.0784925851711,25
345.08024825328863,3
345.10466425830924,22
345.1109290362343,7
345.11442393397226,4
345.13675848844844,2
345.1374833330931,6
345.1787904962944,3
345.2086597997011,25
345.22292839737753,6
345.2650138801627,9
345.2716903516898,6
345.2912487421849,1
345.3212243972685,11
345.32825336423554,5
345.3331388851738,9
345.3902988277142,9
345.44112976016015,13
345.4628362310295,1
345.47796016007095,2
345.49030739852685,2
345.60162039172036,9
345.6059508206048,1
345.6177538883761,17
345.6200388377465,1
345.6309231702007,2
345.64121210321804,2
345.64600244318683,3
345.6978829686056,27
345.6986564933812,2
345.7244242215988,20
345.73294382961,8
345.7401011148134,4
345.75247489991926,5
345.7689381341436,27
345.76928354915384,1
345.7963896802652,8
345.80638948010954,4
345.8259579778457,1
345.8471873864378,18
345.86404861110105,8
345.8990022789007,1
345.9049283702728,7
345.9116178687939,4
345.91506311782746,22
345.9630742546289,7
345.9635986409571,2
345.9879656091247,4
345.9995371584617,9
346.0029438287922,3
346.05549417572166,3
346.06377163460195,20
346.08532256704547,2
346.08734251223115,1
346.11094564798805,10
346.1119708027701,7
346.1169535313963,1
346.1277495260324,5
346.1312844386613,1
346.13444452013766,17
346.13536821318837,1
346.1600554003324,7
346.1629663129559,26
346.1736867102426,19
346.17729564063495,26
346.1844400826429,27
346.1859225615538,26
346.1918072027343,7
346.19801282467444,13
346.2145163816152,4
346.2242599125587,26
346.2400902413255,1
346.2698400971918,20
346.2787119503854,17
346.2892974761762,14
346.3118067924822,27
346.32437562461183,17
346.3441858010982,2
346.3450819268947,12
346.35314953867436,17
346.35672824811826,3
346.3576983286504,21
346.3722927636805,4
346.3964134855922,4
346.4010060498712,11
346.40564755225427,1
346.4100145241885,2
346.4157014734499,5
346.41598883572976,4
346.4182559308969,2
346.42418059610486,29
346.43327105682874,10
346.4410446667901,4
346.46571231218127,2
346.4674928006045,10
346.4725298180613,19
346.4725747256353,22
346.47334761257065,10
346.50248989772757,17
346.5474075201591,12
346.54888880537914,22
346.5510893544547,3
346.5547738845464,1
346.578929978588,4
346.5810105893939,10
346.59264831427976,21
346.6033126433444,22
346.6045541143626,13
346.6116599030428,5
346.621379739973,1
346.6215455443722,3
346.6227617836452,4
346.62396383750706,15
346.6258534957406,4
346.64555045465414,26
346.65241051875915,1
346.65975136891296,1
346.7105754837266,6
346.7294375172349,27
346.72965574222565,4
346.7615089936992,1
346.7906908399548,2
346.8014516084205,15
346.8041227857708,1
346.80859009492355,27
346.8136309905407,11
346.81606959127487,19
346.8181061067858,4
346.82103217195424,10
346.82436353124444,5
346.825367255851,21
346.82919858097773,18
346.8299158127704,1
346.83164220481285,4
346.83376813303255,6
346.8347865711785,1
346.8765395792959,4
346.88233038856544,3
346.8862145140711,1
346.90730645182634,2
346.9212356802152,4
346.92574502808327,1
346.929134422261,4
346.9302663067004,18
346.93356629668324,14
346.93491379973455,21
346.9380903190489,1
346.9432994649407,1
346.9829439631866,8
346.99072514743324,26
346.9950518085302,18
347.01226935917884,21
347.04611328845584,1
347.05175358171897,4
347.0651374073069,6
347.0670841876499,1
347.09105172991053,4
347.1084295410941,19
347.109781520879,2
347.14188871009924,4
347.14520517191875,6
347.16062880494707,2
347.1607246859272,4
347.17193014268963,21
347.1755981348079,26
347.1984002959924,23
347.2013064070784,1
347.21350045785397,1
347.2220976332076,13
347.23333435012006,21
347.24752623275157,9
347.2492502765363,25
347.2510440549231,1
347.2612741342379,11
347.26315759398244,13
347.2690469959075,10
347.2720436262741,7
347.2738139211954,9
347.3025838274675,1
347.3030491802295,1
347.34377453084005,7
347.3552357876677,1
347.35838996693667,20
347.36015969999835,5
347.37881723065584,21
347.37980564565197,5
347.3858366312952,3
347.3905619481943,1
347.39730338918065,5
347.4056777370245,3
347.4261567419824,3
347.43394026839684,1
347.4465532751777,17
347.4484364322582,9
347.45025857095294,6
347.4819041604524,3
347.48376988775755,3
347.4993606781914,13
347.5032538995134,6
347.51674732482445,3
347.5304727969441,11
347.5369869989175,2
347.53863765257347,10
347.54810673545205,16
347.5542025704584,21
347.56010017388894,3
347.57203319739483,4
347.5754185560069,22
347.58528678372096,6
347.5870496860118,2
347.5881819154284,1
347.59855266837644,22
347.6082705319285,2
347.63945878282544,24
347.65181064997233,6
347.65266677277293,24
347.6574422035811,25
347.65946684777504,1
347.66615826598957,3
347.6714957350063,7
347.67445664090656,6
347.6803575991989,17
347.6811813708682,18
347.6870440902509,1
347.70258146343934,1
347.70598504818656,15
347.7275925770996,12
347.72860423365574,1
347.72878459136496,1
347.7354381496907,22
347.76515921010963,1
347.7745082174693,4
347.77800736292033,12
347.78384739435296,8
347.78549520585193,25
347.7905922917679,8
347.8150998066048,1
347.82430265134843,22
347.82655211948077,2
347.83724317844224,25
347.8447579995004,2
347.8485252735859,8
347.8738634672003,4
347.8793652776227,22
347.8821348578974,4
347.89875200441844,5
347.89902849603743,1
347.9008025846617,1
347.90524339539445,1
347.9333201134038,1
347.9378819682554,4
347.9482601799733,7
347.9489899573356,26
347.96217589334833,1
347.9728350059825,13
347.97365890962647,5
347.9758144516788,18
348.0092012565004,20
348.0258649888265,14
348.0344553529376,1
348.0384081303726,2
348.09589681928304,2
348.10382541837237,8
348.10488247112966,8
348.1087593906669,7
348.11603402208465,5
348.1172044006623,3
348.13206944670685,6
348.1372883115441,8
348.15495425119127,1
348.1644391140077,18
348.1822708338488,5
348.194741759299,5
348.207357244984,21
348.21923837911027,5
348.23894294981255,1
348.2564204984943,7
348.2573777116471,5
348.26678303869045,5
348.26826351229624,9
348.26914726141234,14
348.2863709234779,29
348.29061050489247,17
348.300311942781,29
348.31019659547076,6
348.32556972303666,11
348.32965122348526,14
348.3376182426911,3
348.346483502,7
348.35148588314496,15
348.3678217104119,2
348.36895094211127,1
348.36919251471613,16
348.37146424034415,4
348.39248746270215,12
348.3998984628368,15
348.4272511677012,1
348.4491190506837,1
348.451676395547,12
348.4602710025124,19
348.4635769558907,29
348.46898591735504,1
348.4689895043271,1
348.47221279783014,1
348.48589604272246,12
348.498306545261,2
348.49879164904166,26
348.51532659884447,27
348.5201391741072,4
348.5290037554947,3
348.5436079783354,10
348.54638907397526,1
348.5508461082936,16
348.5514702069813,27
348.5616158902704,22
348.5663967129906,12
348.5711642103524,19
348.5927785596869,11
348.5992350663117,10
348.60405338073207,5
348.606741808282,1
348.60886490083516,20
348.6168837068475,19
348.61711777400154,5
348.6190888389633,1
348.6289934194064,6
348.6295209958971,1
348.6449572581193,11
348.6488457372366,2
348.6501136139329,26
348.6570525190927,6
348.6601192195779,6
348.6647433960732,1
348.6853645086715,19
348.69293613823623,12
348.73314608827525,4
348.73749188683263,9
348.74143357601736,18
348.7536678795792,13
348.7585740103092,24
348.7811563453951,12
348.79226041145324,7
348.80150685562046,1
348.80335491284154,1
348.8094285663184,10
348.81729025397556,1
348.8241079795638,1
348.8246518413366,29
348.8261776909513,3
348.8300412502963,1
348.8305324519311,10
348.8397628976851,24
348.8415292993876,2
348.8562902754311,5
348.8623884719484,17
348.8663182760996,4
348.86737971385264,5
348.87250503312276,2
348.89063795799103,2
348.8916360712896,1
348.9004755471609,4
348.9011918229178,3
348.9034726795454,1
348.90623872959793,1
348.91379912885134,3
348.9450281747056,17
348.9559897397778,14
348.9590120225537,3
348.97551251886375,29
348.9780669056316,2
348.97826030742783,2
348.99226882637885,20
349.0033660850887,5
349.03302483052477,4
349.0659604867134,6
349.0682534978943,5
349.0780337512433,2
349.085841255618,7
349.09086857320176,6
349.1193433720777,14
349.1220765911868,17
349.1259336248693,3
349.126481860719,1
349.1274104117818,4
349.1374739014246,6
349.1567142268798,14
349.16000271069566,9
349.1719950720513,10
349.18711731867376,11
349.1888389248263,5
349.19352050063065,3
349.21751647272225,3
349.2264609032172,5
349.22740203140575,4
349.23599872661805,11
349.24068784789034,1
349.2569467149843,17
349.26027017022676,4
349.28429786242407,2
349.3051876712351,19
349.30757327330883,2
349.3298409032555,1
349.33042528628664,15
349.33332051909724,4
349.3401392413858,8
349.3459557058228,1
349.36710226087735,24
349.3784847038411,19
349.38078954288943,1
349.39229304901255,9
349.39482723728,7
349.4015426547566,11
349.4040833729687,24
349.4070672601999,4
349.4118205240692,1
349.4225665399021,2
349.42478709262184,2
349.42589491587023,13
349.4349128167203,5
349.44534675101056,26
349.445867833489,11
349.44764825815605,2
349.4712667346336,2
349.48287722448794,1
349.4865643341545,9
349.4957855476555,1
349.50836453411523,14
349.524957380069,3
349.5264398845359,6
349.53637571694827,1
349.5375710237589,9
349.5524395714906,1
349.55410028165363,9
349.57151157245966,5
349.58062235718626,9
349.5888928570989,2
349.6226966555293,1
349.6250819780432,7
349.63568775921067,3
349.63685431359926,5
349.638801586284,26
349.64278659220275,1
349.6541710708445,1
349.6570565362162,5
349.66950185479993,13
349.7203520900251,17
349.727646136658,2
349.7398547961801,7
349.7474269373352,1
349.75344659295683,2
349.7554289989891,1
349.7587423707169,11
349.7837392710779,8
349.79553065551175,28
349.80733019792444,12
349.81224745690747,19
349.81675472321325,22
349.83651447098106,11
349.83657006808636,1
349.8401636594006,6
349.8463076627444,13
349.84931134348307,19
349.85250744608356,3
349.8544967435045,9
349.86439996396564,19
349.8652275218792,20
349.87451307476755,13
349.8951398969985,23
349.90321518362146,26
349.92253325302323,18
349.9420447957429,2
349.94856801791724,13
349.9734599024573,3
349.97688147742275,5
349.9888662186547,1
349.9897468746713,18
350.0039337006082,6
350.00806980318777,14
350.02318714010084,1
350.02508971540664,14
350.0344043014909,4
350.0360872648355,25
350.0573899351372,1
350.0637222374185,2
350.06684271642905,1
350.06970349213606,8
350.07684053456154,22
350.07821162097565,8
350.088364007793,9
350.13422871110754,2
350.1622038840132,6
350.16512076633256,2
350.1726711029795,1
350.1854672194505,8
350.1979719506803,12
350.2044960652451,28
350.21142576290066,28
350.2157857845178,11
350.21650505842894,18
350.2229889603582,17
350.2396964492045,18
350.2407658987363,1
350.2433542014126,28
350.24599421846415,14
350.25301240885443,1
350.2556685640378,28
350.2668524080619,12
350.276761560586,16
350.2856608998117,7
350.3259265240135,20
350.3317963350039,1
350.3699046832099,28
350.3793646437871,7
350.3966232885455,10
350.4024149986247,3
350.4058834872369,10
350.45948417495725,17
350.4824117215438,19
350.4941940025592,10
350.49797659298713,9
350.5079623615821,3
350.51003063775585,2
350.5136679738758,27
350.5239935512988,2
350.55858118618545,1
350.5626863673919,18
350.5684349627742,2
350.59640971529825,2
350.5999191014581,17
350.6048167158013,2
350.61665558909726,8
350.63422196921215,2
350.63762805441655,16
350.6377314375576,15
350.6592067556653,15
350.6600939075021,1
350.6606315392708,5
350.66729593329086,11
350.68675311516427,16
350.6886714297933,2
350.6916273293171,2
350.6931501614669,2
350.70819765259716,5
350.72906361651104,4
350.7335899062905,6
350.7479474649612,24
350.7480325151727,25
350.74882739846987,2
350.74915991214164,7
350.7663234088721,1
350.77455221793895,15
350.77774204800625,7
350.80370116644946,1
350.8088234788291,2
350.8223035967069,11
350.8229705278785,1
350.83080919173824,15
350.83219690949386,1
350.84637940307783,3
350.8701609099306,15
350.8712639971103,3
350.88009584384906,1
350.8862965191455,3
350.8992431966052,9
350.91418928058863,16
350.9267973070672,15
350.9387601079059,4
350.9452804362807,15
350.9468127533647,2
350.9640432712069,8
350.9880070173356,1
350.9959011446295,10
351.00175579887167,5
351.0028980130144,13
351.06396179286537,2
351.0736791398568,1
351.0830426981501,24
351.1218857822182,1
351.1361059168916,1
351.1390014771419,2
351.1481169609538,7
351.16293781472524,14
351.16316025476186,18
351.16577326015215,1
351.1712517364167,1
351.17642092076164,9
351.2314906660757,1
351.2384321081945,2
351.25362489413897,26
351.31001517219386,27
351.3270363283043,2
351.32847022104204,1
351.33222177317674,1
351.37829150690345,20
351.37909296763803,4
351.3980373551242,1
351.39828423838753,6
351.4012510050463,8
351.4092175623332,4
351.42847656301325,16
351.43076139244795,2
351.4360511881106,1
351.45496853998793,23
351.49069186284845,6
351.4926456747607,26
351.49393413073585,2
351.4971386383784,27
351.52620618019324,1
351.542110418714,17
351.55098059428724,1
351.56232832338424,26
351.5648520146007,7
351.5915736088616,4
351.6080303725027,28
351.6182856109826,11
351.6236909401291,1
351.6262519248149,19
351.6469653221198,1
351.66195173727846,23
351.6656989243474,28
351.6703403794691,2
351.6936367828828,23
351.73203408846484,15
351.73264369525293,2
351.7352033273859,8
351.74369735549715,8
351.7491423396063,1
351.75172930224875,6
351.7634418440098,15
351.779658447149,22
351.794242772427,1
351.8028152616528,11
351.8167150141556,12
351.827026360896,1
351.8325052992817,2
351.8478279600868,6
351.8563993571453,8
351.8655353638935,11
351.86595717559493,13
351.9304962726405,2
351.9384028634236,11
351.9395971411709,2
351.94504556013646,8
351.95188356738925,10
351.96783789762884,2
351.99641740625725,1
352.0110354853689,11
352.0225254329525,2
352.0352426261808,18
352.0424668583236,5
352.0448045847552,6
352.0840970616096,18
352.1030269563675,2
352.1063780465296,14
352.127291312468,3
352.128207977334,5
352.13571703989766,4
352.16184062978095,29
352.20050941564915,11
352.22320564706456,1
352.2306747245493,3
352.24347424214227,12
352.2499863989823,14
352.2593839794515,1
352.26705671049143,11
352.27641755150063,17
352.32212706920257,4
352.3256456932344,1
352.36581514743193,2
352.3703238604467,4
352.38335612106204,9
352.38464107295283,9
352.38625201993136,6
352.39717513239356,1
352.3982564320074,5
352.4140341032951,8
352.4222510435036,1
352.43673477062896,2
352.43881901594517,8
352.4564778714148,14
352.47863186421876,4
352.50873534432884,18
352.51541009831715,1
352.5196935433159,2
352.52946420793137,4
352.5682656794274,12
352.5720714622714,25
352.57654437278376,11
352.58385568848576,17
352.59062072093616,16
352.6269604999184,1
352.65732768887403,12
352.69902288183624,20
352.7149686326305,2
352.73380602343457,1
352.7492145416586,4
352.76875881555213,28
352.7714707920631,22
352.80961477705887,12
352.8354177902999,1
352.85315628647567,1
352.8917362870804,14
352.9275606577422,7
352.97192167337147,27
352.98203914298244,10
352.99269090400435,10
353.00067675658164,9
353.02248379395195,3
353.03490526569436,23
353.0526855469901,27
353.052805359554,1
353.05528899873406,11
353.09963987311085,8
353.1524148724302,16
353.1632882341461,4
353.16637406702057,3
353.17742104548273,1
353.18560073308623,3
353.1894945465541,8
353.217558003394,3
353.2211326038859,7
353.2223240483,20
353.239097861831,2
353.2695361815242,1
353.2721708639694,11
353.3343152916153,1
353.33510154711615,2
353.34712443546186,20
353.37660590087324,9
353.3920982870737,2
353.4034326796564,13
353.4196971363238,6
353.4281884992758,1
353.4617671141863,3
353.4762965562737,1
353.4987206081058,1
353.51930850510223,13
353.5205543307707,10
353.5445527926641,6
353.58663844507777,12
353.6008337904902,1
353.60819442515145,2
353.6131254834619,25
353.62084522786944,25
353.65172507315145,5
353.7766331676769,12
353.781617328441,21
353.79751587926165,6
353.8096839802707,4
353.8124916359296,3
353.82201245233347,1
353.86454289827225,1
353.9347486708473,7
353.9924217339208,2
354.0166381531766,4
354.0485730886635,1
354.11312729069556,3
354.11727176550545,1
354.1226543234807,2
354.15728706875746,20
354.19103127019156,1
354.2235795202149,4
354.24998027512703,3
354.2630578345405,1
354.3456339227706,1
354.38838022067875,3
354.40886175049894,28
354.5300701532204,3
354.5425070449993,5
354.57211010994513,11
354.5798957836072,10
354.59312055675576,12
354.6088878310591,28
354.6448637511474,12
354.6681825365641,1
354.68851434950716,2
354.6951456848193,12
354.69730219742087,1
354.71242470816765,11
354.76916062949977,2
354.7892236823524,5
354.7947236463836,2
354.8671257720211,8
354.87417104859,10
354.98436290344546,13
355.0042182021809,8
355.063974120533,6
355.135021299658,26
355.19683293630413,9
355.2212756376483,16
355.2544084250834,13
355.31565807182835,13
355.31664164517423,12
355.3712161551252,1
355.4160604746574,17
355.4370875065982,2
355.53527896940403,17
355.56689015459494,9
355.61804792412045,13
355.6187432279878,1
355.67342929360996,15
355.720997792479,29
355.74200094002964,8
355.7970068480201,23
355.8991937516678,7
355.9631411034147,3
355.9917433279119,6
356.0028070236528,2
356.03586843038926,8
356.13430103887777,7
356.16594442312663,1
356.188227499173,3
356.27177931677005,9
356.31223918079223,7
356.3469157052742,2
356.35484557730933,16
356.38428478320026,2
356.4067627894778,3
356.41042841942294,4
356.4537551866186,11
356.4591114185334,6
356.468418811531,24
356.4830542697733,4
356.493442641331,3
356.6220898167281,3
356.66405233731547,9
356.6688266568065,6
356.7697037360707,9
356.79443897244033,4
356.83305520031246,2
356.8724262779597,5
356.8920790294073,3
356.97477356234486,2
357.0168239804429,10
357.0290033004658,5
357.0891677170905,2
357.1063319386094,1
357.20785434093267,12
357.26194741642314,25
357.3118324654104,3
357.3674647436343,4
357.3861546343833,23
357.38749756278236,12
357.39077641514325,19
357.4470078608052,25
357.4817310870367,3
357.53750941443167,3
357.59680728475865,1
357.69816504000397,6
357.7147584070509,14
357.7802166199992,1
357.7906119356862,6
357.8065397328205,4
357.840606793662,1
357.8885561631594,25
357.9132042967064,9
357.9265833534181,2
357.9684259334253,3
357.991961113993,5
358.0003710984443,1
358.0220924705331,4
358.0486755842513,1
358.05494811564074,2
358.10140376947214,25
358.1561513454896,1
358.1602258105262,7
358.16260800256816,4
358.20625670332583,11
358.2779919767372,1
358.46957972823697,2
358.4723043925672,24
358.4731766797553,7
358.4896096481192,3
358.52609213123185,1
358.53891150860426,9
358.55646903071647,7
358.71851167058315,1
358.75330888497746,1
358.83724527667255,7
358.94588853599413,5
358.95438144079526,9
359.1982055892139,2
359.2150573622221,8
359.2208732571601,15
359.2252025056437,24
359.34175933980214,7
359.34706026189593,8
359.3518026524225,7
359.4301391211685,17
359.52571191935994,15
359.54077738682753,1
359.58706908298177,2
359.61055171133603,4
359.73941415431483,13
359.7889097945725,13
359.8581133356131,11
359.874037446178,8
359.91119131545116,2
359.91122934274705,4
360.03577417021677,5
360.05176180192547,1
360.061403903785,7
360.07232521519114,3
360.18962183440823,8
360.20784586214285,23
360.22842480206964,6
360.25055730575934,16
360.28610211460386,7
360.32479187533204,1
360.337530618824,17
360.4669429570493,18
360.46802427492514,6
360.50958868753,16
360.51016107853883,13
360.5204289435182,16
360.5211729293827,2
360.5222570733729,18
360.53678505145,6
360.5447551787342,29
360.5602685625664,8
360.60059321558975,4
360.6121888243328,15
360.61833754147557,14
360.63701966634403,29
360.6585996577229,1
360.6673117622553,8
360.7092429850132,10
360.8510092326582,7
360.855154686438,1
360.9662610074446,17
360.974686234311,12
361.07816939476754,1
361.2978438463562,11
361.333909580779,16
361.3892881192635,1
361.5030688688872,1
361.52344368946035,11
361.54386002455846,17
361.55474255993863,1
361.5659854244127,13
361.5981128174597,14
361.61757276703656,1
361.6436487277449,12
361.6479343121303,17
361.6699306029035,7
361.7799386035296,3
361.7991681666443,8
361.8054885035493,16
361.8446185158373,2
361.85467360144713,3
361.8592503670013,27
361.8842457946472,16
361.93154457432223,8
361.9491004068611,2
361.9560529445204,8
361.96924870883873,20
361.9878386043583,3
362.18654406759987,10
362.2402792591301,23
362.24976840312866,14
362.2595245712485,3
362.2782469037386,20
362.30486156972415,1
362.3922577815217,4
362.39469897657176,12
362.3971865681554,19
362.459311988206,23
362.51832562923914,25
362.5778847280655,6
362.58711396826016,11
362.80654470815784,12
362.89589604508524,20
362.89719553105675,1
362.94756069228697,2
362.9486519736309,11
363.0524278768951,5
363.1572790860697,5
363.2711865952126,1
363.2805357079349,3
363.4884587317521,2
363.4954678214826,2
363.49580694616765,7
363.5841308796158,24
363.62401731736105,19
363.6525763005531,28
363.66807627413317,13
363.67132343409423,2
363.7140486725413,3
363.73344419266994,24
363.73734704926875,29
363.7718951261298,7
363.8040244193484,1
363.8056317988901,28
363.83375032257936,3
363.9152560279665,7
363.9455232770954,12
363.9900862340577,1
364.04993158757406,1
364.1596606236817,5
364.16240071841344,6
364.257453984037,2
364.25990931008533,1
364.2921771058702,3
364.3126808975095,1
364.37536763710204,4
364.4177104564684,2
364.4502386496923,2
364.4846531272433,1
364.52549455564514,20
364.5885853453206,9
364.590950495937,1
364.62341068655434,27
364.63844604604856,24
364.6674817878339,1
364.7076735882505,13
364.7105480827515,9
364.7392735031632,9
364.74408789252954,14
364.80290101400465,2
364.81283032249814,21
364.93345747284604,18
364.9467143808447,2
364.95280772013626,1
364.95970707799273,8
365.02621846988177,2
365.0364689661951,17
365.10096918904225,10
365.1045753486648,13
365.14791494188023,1
365.19117778589646,19
365.20385735926874,2
365.2803422470377,20
365.28111360177513,3
365.29679032964316,13
365.31087593939026,4
365.3286029229809,1
365.3561096726033,25
365.4728400102109,21
365.56081487173185,2
365.59527258078776,1
365.5968845273583,6
365.60931849117793,5
365.7677847556282,25
365.7908486968253,1
365.8275710564601,7
365.91061662884135,25
365.9204422546528,6
365.95024407743546,14
365.97646864362383,20
365.98152204155895,8
366.07797921961577,20
366.1119858120821,25
366.1258473555421,11
366.27127927241366,11
366.28717621086054,1
366.30837725456826,8
366.3539107883427,1
366.3991270631709,15
366.42097229194104,21
366.5462742518967,2
366.60145910244466,1
366.65130422949585,2
366.6563436393346,20
366.6595111211588,1
366.662620285333,8
366.6702748267511,4
366.7277542384799,1
366.7489685349748,1
366.75723979835794,8
366.7713331608172,1
366.7802394120323,28
366.8300379453687,1
366.83341825161096,2
366.87457933002764,4
366.8860004679206,10
366.95100604337955,1
366.9520794995037,3
366.9578424121674,19
366.9749817499784,2
366.98473289860095,3
366.9968992479148,26
366.9971306908834,2
367.00097661700886,6
367.0045326197529,1
367.0735953177153,1
367.0883500439779,10
367.1256542012287,5
367.1559199238423,2
367.21554812188583,6
367.22860704122775,6
367.2579973472388,3
367.26316294059075,5
367.26554395701083,1
367.28864899736067,22
367.3130304195907,2
367.32307797897846,12
367.37748134262057,3
367.3801675482272,11
367.39281073003923,9
367.4133602096468,16
367.43343336113185,12
367.4426623215605,4
367.55523782948075,2
367.591874003138,25
367.59957419800793,2
367.60018450794297,16
367.61549967993443,9
367.6274014846487,1
367.6323494704679,6
367.6429945351289,9
367.66202333486973,2
367.680300622903,1
367.71342347922626,14
367.71845809420995,6
367.72592363386076,6
367.73492880052316,3
367.7509736228424,3
367.86751975581086,22
367.8893883917995,8
367.91182836370155,6
367.9303580316177,1
367.96650232973684,8
368.0136625888173,1
368.05450725025366,22
368.09817443108943,13
368.1009004166334,11
368.11236945691803,1
368.1333893666695,2
368.1486896750067,14
368.1660425795789,6
368.16782634668203,3
368.1880541998566,6
368.2521629058189,1
368.25634105907466,7
368.2587039276624,2
368.26844510593776,8
368.26908970229624,1
368.2879584622172,26
368.3069267419091,22
368.3855807488529,2
368.4189090484137,5
368.42233471695215,8
368.4417877608759,2
368.47992859992536,10
368.49294368084395,5
368.50466912088723,28
368.50972862689673,7
368.5225072952361,6
368.52738443250905,2
368.5332103138997,1
368.5395778555272,5
368.55622578125167,22
368.56586281566337,1
368.56667851312636,1
368.6092729368445,1
368.6093150609993,17
368.64314300799424,11
368.651193636659,23
368.66488064005915,17
368.66600112620154,1
368.6696091737014,2
368.67918903547593,11
368.7025280322538,12
368.7177440710796,15
368.7372519926886,4
368.74246590958904,5
368.7455960222637,12
368.7686096264515,3
368.7920299143791,12
368.81251433618826,25
368.821128491795,9
368.8290276880421,23
368.8550372164307,3
368.8657937983878,3
368.87627045005576,24
368.89600979594746,7
368.8985081829363,1
368.94074932887355,23
368.95327824878103,22
368.9900748765685,1
369.00325311719183,8
369.00528561602135,1
369.00769197546043,14
369.03459533454895,1
369.06809744985554,18
369.0720738142774,17
369.0950503886836,8
369.17714927728224,6
369.2124812279405,8
369.2190233207963,3
369.2368935522689,1
369.26269481197346,1
369.28904238003867,20
369.3010033347503,6
369.3025705554497,22
369.3055776887022,3
369.33649213836884,21
369.3832864054147,1
369.40608761167397,6
369.41222309269665,16
369.42734708588165,1
369.43171629376496,1
369.44289284172174,8
369.4629270039801,1
369.48573300635246,6
369.54196050445523,3
369.5419605967341,1
369.560932295547,1
369.5623784828345,22
369.5768505504,9
369.59028810940555,1
369.59731239481215,21
369.5976734571802,29
369.5994615536784,1
369.6024286778718,26
369.62096638060774,13
369.628372515349,3
369.6354779909922,18
369.639180425722,2
369.6440656853127,3
369.7568933586407,29
369.7657546716786,3
369.7731774620942,3
369.80146676340223,2
369.80745558822537,12
369.81626248538635,4
369.8169690558866,2
369.82376175191865,2
369.8407199529409,6
369.85558326957755,2
369.85947455602525,1
369.86244542574724,4
369.8777725674701,1
369.89546848400386,28
369.9105655702797,6
369.9117844700161,1
369.93260125358455,28
369.95627371380573,18
369.95772485790604,1
369.96517480538006,1
369.9758060629176,6
369.98733868942907,13
369.9876434977865,5
369.99808119182876,3
370.0014816839374,13
370.0035643608026,9
370.005866246445,10
370.0092668458466,4
370.01732508129766,4
370.02889696559004,3
370.0466996825538,7
370.0601839725799,18
370.08175490562013,1
370.08954227752594,3
370.0980979074769,10
370.1060505284719,11
370.1166373225498,1
370.1282503277448,9
370.1304205061122,1
370.13576737819056,1
370.1504259533888,7
370.1525873242029,2
370.1596472043823,1
370.1649761929395,1
370.16535914007136,20
370.1740836795987,1
370.17713825156227,20
370.18963044019887,2
370.1911343459605,1
370.1960622596409,10
370.1971985757222,11
370.23183016263243,5
370.27394827403486,2
370.29677276901623,12
370.2980242207656,3
370.30265476777754,3
370.3137446203905,11
370.32220500207404,16
370.3257439108512,7
370.3294664735892,16
370.3296994304509,2
370.33932061745065,2
370.3417273090242,7
370.350250968077,12
370.35342209085616,1
370.375199968823,16
370.3805337220396,8
370.38942129467176,2
370.3896158599396,8
370.39024528930105,1
370.4004686184504,3
370.40445726114405,2
370.42132732364234,16
370.42913546111356,11
370.44650345888266,8
370.4499905652605,14
370.46694767219077,1
370.4788593800854,12
370.47929097984337,15
370.5075565997591,7
370.5248759390253,11
370.52840206070783,11
370.5404797457772,3
370.5688912688406,12
370.5692821500326,1
370.5923755439627,21
370.6038899028224,18
370.60746255937556,16
370.6113443967854,10
370.61204041268513,6
370.622909767631,24
370.6340671595907,26
370.6467639319267,18
370.6524664231616,2
370.659659631305,1
370.7002254504492,3
370.70445626338665,23
370.709108600645,23
370.71347637703224,19
370.71871338994936,3
370.72572681723653,4
370.73139591726743,3
370.73425413083635,2
370.7375006875106,9
370.74138671735477,12
370.7460225494758,4
370.78718633642416,1
370.79305204413834,13
370.79775203256827,1
370.8000648589542,17
370.8045190100857,12
370.8137332044029,23
370.8435028967026,1
370.84504222301,6
370.8498262228094,1
370.85663108360126,1
370.85788204621286,26
370.87573455837503,2
370.8768861200776,21
370.87776799812906,6
370.90761521393125,3
370.9104502925446,6
370.9146566893867,6
370.92536470844107,1
370.95349079558144,3
370.9683992394857,12
370.97280430130786,13
370.99742185521717,14
371.01128417358507,6
371.0148683732618,16
371.02796066479425,7
371.03500929372655,17
371.04818736527903,17
371.0519842846226,2
371.067518504682,2
371.079153284709,8
371.0800528177928,1
371.10209209521787,17
371.11819701169907,20
371.12468227119405,21
371.14170586068576,19
371.15513538686236,3
371.15690882130485,14
371.1594522451228,1
371.16097973374593,12
371.1803139161084,1
371.1993556340336,19
371.2040050309101,1
371.2070440786785,4
371.21010000214994,8
371.21098293191164,1
371.2153918692337,13
371.2264968781016,6
371.2428928948676,23
371.2744268652746,5
371.28171163950987,8
371.2817392484853,8
371.2930162369209,8
371.3181940582054,19
371.3629908144803,3
371.39075666993637,16
371.392217152156,2
371.4061465818963,8
371.4192034774553,6
371.42024946307845,19
371.4443748024765,16
371.45073452172096,13
371.450998651385,6
371.4774183945402,10
371.4811238562401,1
371.50342262673917,1
371.5080666722759,7
371.51423186727675,4
371.5401445759583,6
371.5476511491394,3
371.5670650563784,14
371.5771126517813,1
371.5807067594871,3
371.58696668859506,27
371.5897412555162,20
371.59598557872846,25
371.5979306934736,17
371.61208998860275,1
371.61650858308496,8
371.6224553457086,19
371.63640242628986,23
371.6371288177208,8
371.66191248045,17
371.66375896023106,17
371.6708631693345,1
371.68592257966395,6
371.6942598659114,23
371.7203280990904,2
371.72346647023215,1
371.74374482864704,3
371.75408509391895,9
371.76156194131573,28
371.7663754247333,4
371.76763499638537,10
371.77264934348216,1
371.77730851397354,3
371.8035473170001,3
371.8083373520546,2
371.81360691758033,1
371.81454704203253,2
371.81616993879703,9
371.8210183554812,1
371.8298415638111,18
371.85242750841223,3
371.8819885380436,1
371.8917101182516,17
371.89334603091476,3
371.8949110860414,8
371.9009137719542,1
371.9082070322051,24
371.9130765314761,8
371.9313811941851,1
371.93893285677666,2
371.9409195555931,8
371.9468743392288,5
371.9585590261571,5
371.95975684535904,14
371.96133467158415,6
371.96295364289386,2
371.9734632000914,7
371.97416611722264,8
371.97466148218336,3
371.98710971211653,14
371.9930663174162,5
372.01654838021256,1
372.06695394000866,10
372.07792675687017,1
372.09622581969774,1
372.0991495658912,4
372.1231995413011,3
372.1446239274194,3
372.1458258579922,10
372.1539154547076,4
372.1705174553902,2
372.19243676686693,13
372.2029660645417,1
372.2058169003155,1
372.20986426616116,26
372.2304376775359,13
372.2422819738332,1
372.24473801745864,13
372.2591751022937,11
372.26647673422406,4
372.27996203607273,16
372.2813544591523,18
372.28674785279173,2
372.2918833648431,14
372.2935564784247,4
372.301188135444,7
372.30723378032366,16
372.3096762272594,3
372.313916511742,6
372.31830575890035,4
372.3200053929066,2
372.32435270025235,1
372.38238930339463,1
372.3916011087215,23
372.4079710568552,18
372.41256615149416,4
372.4151408715081,3
372.41649212045763,4
372.42023575089206,4
372.42441593368176,2
372.43550510794586,6
372.4356731298405,1
372.44100260078255,6
372.4422900356266,21
372.44468819763694,4
372.4463941046869,5
372.4465763373155,10
372.4849491633939,1
372.48887270391555,2
372.4948306745266,8
372.5042027174691,1
372.50697184488246,8
372.5196121917406,2
372.536210207043,1
372.5457305888384,3
372.546867869495,18
372.55648875414045,16
372.5599745275975,3
372.57017558874037,6
372.5890177335394,6
372.5984428258521,19
372.60388303398156,1
372.60703486518383,16
372.62616218377394,3
372.6419161117058,11
372.6437715159394,4
372.6445136371534,8
372.64532579509677,9
372.64557536236623,6
372.65569397309406,1
372.6574354412526,5
372.6608380035204,4
372.6701445254525,12
372.67015585800897,5
372.681455447622,19
372.6852691058456,28
372.6991891023444,23
372.70340970446244,4
372.7042398617546,5
372.709923895899,1
372.71883244171295,19
372.73712335570974,23
372.74442161861134,9
372.744445596114,6
372.7492846410045,2
372.7616798493148,12
372.7637684365392,2
372.77048105262855,5
372.77651175567786,1
372.7872328257062,6
372.79529598315304,14
372.80379118599353,5
372.82388873963487,1
372.82772418315574,1
372.83148187285076,17
372.84633996202996,2
372.8512864204752,19
372.8524372514529,2
372.87167894094114,1
372.8806010319192,2
372.88334934477706,8
372.883546229281,1
372.8850383042423,3
372.88605577333874,2
372.8962172289926,2
372.91631023087035,2
372.92001432040405,1
372.92271061217787,1
372.9259275646669,12
372.94401768564603,1
372.9632234654621,2
372.96884250664607,27
372.98065051931735,1
372.9962821265554,1
372.9998097737542,1
373.0001896973211,3
373.0031869941362,2
373.0079293028491,15
373.01274296489686,1
373.0141573203005,8
373.0232970727624,19
373.0248499483989,3
373.02855592626594,3
373.0336234263113,4
373.0411993827349,23
373.04399229812987,8
373.04742147532784,3
373.0585765157203,2
373.06389712471787,14
373.07690059152605,1
373.07711037747663,22
373.10095097304134,6
373.10754447670723,1
373.1231968965505,5
373.1331288425203,14
373.145877479333,8
373.14616433716753,19
373.15380000826565,21
373.1644091204061,4
373.1849298970708,9
373.1863224731699,1
373.20581777950497,1
373.2135217098559,11
373.21378018988014,21
373.2245970819526,20
373.2332762098276,1
373.2340742707341,6
373.2529927439798,14
373.25601636198263,12
373.2773380804743,2
373.292258950277,20
373.29550261223585,2
373.30458793647966,6
373.3116661485925,2
373.3227098872176,1
373.3328688530047,11
373.33632867616257,2
373.33787535492144,11
373.358080499776,2
373.36470278776795,8
373.368708307701,6
373.3703277694379,11
373.37537440652983,1
373.3815920631704,27
373.3826739577888,4
373.41996524325293,10
373.4349760797955,3
373.4361776346927,8
373.4398152705822,24
373.4482025561409,20
373.4633081124464,4
373.48481498765307,3
373.50051749422516,8
373.50287428177853,4
373.5142655636825,26
373.53265626553866,5
373.54088931177006,1
373.55899148199774,19
373.56034535001174,4
373.5732548404374,4
373.594824140491,10
373.5990866092392,1
373.6089944709319,23
373.6123002430012,1
373.61429894739706,1
373.6207436089743,1
373.64296291141477,3
373.65245363764313,8
373.66862127791717,23
373.673503244003,1
373.71452132728916,29
373.7231347385137,14
373.7348778511844,1
373.73520452604515,29
373.7355728888038,3
373.77451904883685,1
373.77798065675626,4
373.7820009574695,14
373.7959006562415,14
373.81621192569094,15
373.82673619838613,5
373.8403310297073,2
373.84448644122085,26
373.8560419067823,23
373.86489430866254,16
373.8650403052029,10
373.88461440349346,5
373.91238677020567,2
373.92152580209444,7
373.924020146491,1
373.9483535534744,15
373.95790805244513,1
373.95917312709054,2
373.96387749187255,2
373.9661597999229,9
373.96760613561963,1
373.9796430314022,7
373.9922035506193,21
374.02387859792555,4
374.05679579419046,15
374.07878472253253,1
374.0831447614021,1
374.095195982579,6
374.0988547022325,24
374.1108427930774,4
374.1203263242149,3
374.13207605507233,5
374.14436971487294,4
374.1649695748072,5
374.1716814133032,26
374.18940937489435,5
374.1936370796601,22
374.20669803394526,1
374.21397534440445,4
374.2188982570056,4
374.22746008366113,1
374.22967459653,29
374.24215059469486,11
374.2691930322409,2
374.2890750072241,1
374.2996187544381,27
374.3129355226082,7
374.3343582240872,29
374.35130412383575,2
374.3827844390889,2
374.40009454894783,1
374.4231643504696,13
374.4253333876526,1
374.4274569692731,18
374.43642211052844,19
374.43988386908137,8
374.45816540706176,1
374.4697218233808,3
374.4701813553767,1
374.4735845766122,3
374.47908402658516,8
374.49363488099584,1
374.5209322171689,7
374.5216235921158,16
374.521635126023,6
374.5295494847665,3
374.5346085714175,5
374.53989404778645,1
374.5400759715162,1
374.5479925458504,2
374.5649945238111,2
374.5661588938306,1
374.5711523367089,3
374.5728805794466,17
374.57708727642006,1
374.5980708327671,1
374.6005129954636,17
374.6119422424713,1
374.64970790089166,13
374.655824513791,1
374.676048812891,2
374.6891812190491,6
374.690075142505,14
374.6920605173503,1
374.7076565669502,4
374.72900177778826,2
374.7291572895467,12
374.7364781013406,7
374.7420713497122,1
374.75071194521263,5
374.7620758162167,12
374.78132846359307,6
374.78271201823134,12
374.7969074252272,16
374.79797585412706,6
374.80092272284037,8
374.8340755807294,1
374.84059137334253,8
374.8422842508744,3
374.8503360103913,3
374.88073033224794,8
374.88989893245116,8
374.8988348333718,3
374.9065860708928,5
374.9352063187048,10
374.94423541166293,16
374.94507811282307,10
374.95372222147154,21
374.97153569747974,17
374.9775533030326,11
374.98117683960515,10
374.9824886573106,1
374.98273363440154,1
374.98739217737335,3
374.99945599765925,1
375.0156442823134,4
375.0186180454513,1
375.02449351769604,2
375.08715821090635,2
375.10289246848816,3
375.12887476755384,22
375.13496481728413,1
375.1401624863604,7
375.1492137383861,2
375.1508036955231,1
375.16986850845234,7
375.1782739294653,1
375.19288333010724,1
375.2039401869066,7
375.2078145008825,23
375.2165278215502,1
375.21823336844886,4
375.23217913328216,29
375.244518874135,3
375.2993829016424,23
375.30834383516753,5
375.3095817689332,3
375.31565313973334,4
375.3816768991151,4
375.398825568065,6
375.421795073296,2
375.44872090984603,2
375.4520409795523,2
375.462190289078,29
375.46428277868046,10
375.49462775637966,25
375.524002650098,2
375.53898678135937,21
375.54873127707793,1
375.55992921113517,5
375.5660424058352,10
375.6027167892784,14
375.6307681510087,13
375.6357902436182,4
375.63873523551814,9
375.66097955485435,5
375.68473939270206,14
375.688758025929,7
375.6918503605501,7
375.69962926255243,3
375.7016253981059,7
375.71669767421383,6
375.7276430731271,25
375.7673142270711,3
375.7735068970366,7
375.7847453149752,3
375.7861432671104,2
375.78979576349155,4
375.803963127463,21
375.8065835344118,20
375.83552716546757,1
375.8424819566207,2
375.84406819682135,21
375.8475601195866,4
375.90796366221633,13
375.9320779160192,15
375.94475696735725,9
375.9867889131298,1
375.98920943297986,3
376.0018496459814,9
376.03668207378735,1
376.05308768406786,5
376.063159343478,9
376.0810312125738,28
376.08809682757476,10
376.1043675393872,29
376.14139885776956,17
376.1446620845404,5
376.1472857000974,9
376.1488501454833,9
376.15821990483187,9
376.1750435393522,29
376.180228337014,7
376.2072614126745,28
376.21734003517173,7
376.2223410746821,1
376.2395576056568,17
376.24614307426384,6
376.2502162122322,11
376.2652414799559,20
376.2849514250811,7
376.29252470661066,13
376.3111611108868,27
376.3166049014594,2
376.34718791918215,13
376.3644331455624,20
376.37312222521524,10
376.3911808472078,4
376.39503804667726,13
376.4038394419646,2
376.41876288884384,3
376.4201571065365,14
376.4301090967686,6
376.4512858050941,3
376.453227882751,16
376.45782027049665,5
376.4609227636251,27
376.4782998701171,26
376.5909983835786,6
376.6112577300176,15
376.6332791156659,26
376.66525310286636,4
376.6748096680005,10
376.6848194250898,20
376.7090901777913,3
376.7190297616142,2
376.785963621358,13
376.79011264432415,4
376.7933879405745,3
376.8018248884366,8
376.8048869273896,5
376.81264014751696,15
376.816259028512,3
376.8225367797504,5
376.82736843802127,7
376.83773377541564,23
376.89489239109434,5
376.9107135022048,9
376.9113830763387,12
376.9129685221961,18
376.92131462155646,4
376.9695998903853,8
376.98011655966985,24
376.9838641985518,1
376.9935547072767,2
377.0181629706882,18
377.02082402804405,11
377.03504328842615,10
377.04956132485887,5
377.05168061845,27
377.05930760186976,3
377.06018768163284,28
377.10938719405647,1
377.1397620951029,4
377.1541986976284,5
377.18303584365015,2
377.1840342890026,1
377.1958872656762,18
377.2167471535713,5
377.238371946044,1
377.27587330763794,6
377.28127314897677,1
377.28240759597867,25
377.2914878599804,18
377.33439881889444,1
377.3457366292184,4
377.3492880692229,1
377.35356018675446,8
377.3738673412755,15
377.3801293909929,6
377.40736156700206,23
377.4092175687123,2
377.4294190709196,1
377.44671560539894,10
377.4562674555663,6
377.4680993037173,9
377.4926732195337,1
377.494217209687,5
377.5009605784121,10
377.50693244803085,12
377.5109629483048,1
377.5385277884098,9
377.5581614446351,2
377.61909540935847,9
377.66444492802844,1
377.6814516243459,5
377.7077651862544,17
377.73222392886015,2
377.7464847016577,1
377.7494252717313,1
377.78829451102075,1
377.7977083107319,20
377.80560655972164,29
377.81822946064057,19
377.84423960778867,2
377.8462702779696,5
377.8491160467093,1
377.87389752204604,9
377.8766354928503,5
377.88177699232256,19
377.88280836160374,7
377.9052463629858,2
377.9258087740998,17
377.9322696139482,8
377.9573767210705,1
377.97703901445647,15
378.01569214507566,23
378.042537205717,11
378.0481121795511,17
378.14769450936507,1
378.1590658862213,1
378.19981276036265,1
378.26340494878696,4
378.29635226431617,22
378.30346576643774,3
378.34642142186163,13
378.3569546920049,13
378.41411307546645,1
378.44660407785307,19
378.45486719778603,6
378.49915774387625,8
378.52221190525285,14
378.57907004038657,6
378.64214147452685,19
378.6742709118747,5
378.6829761791995,23
378.71492843383095,8
378.7154568210055,2
378.7233680660705,2
378.73647176295424,21
378.7660783444486,2
378.7998415011146,10
378.8665458157125,3
378.87488617981023,14
378.92760563043794,1
378.9568317880405,21
379.0123302318016,15
379.02495987883293,2
379.06085495560967,1
379.0691076071217,1
379.0786930020798,8
379.1119465477153,10
379.1426362440356,23
379.201505531527,8
379.2107113602433,1
379.2135823614276,10
379.2180886406855,14
379.2415720074626,1
379.2611605938985,1
379.3339551216942,2
379.34143286349405,4
379.53282434691454,15
379.5582562192915,19
379.5952983322803,1
379.6197944337514,16
379.75181585246935,4
379.7709949480469,11
379.8703223621025,14
379.90707741769864,1
379.93833011355514,7
379.95297962320876,5
379.9536791911612,1
380.00747312086867,11
380.01003326180745,9
380.07941097720857,17
380.08691661640347,3
380.12841084394955,1
380.1467278167848,6
380.21684515570524,21
380.24871314339975,1
380.24933954296347,1
380.25625801525837,3
380.29842357262527,2
380.3380470035921,1
380.3444512989129,12
380.4657343615492,3
380.50097856104594,1
380.52376223418565,14
380.77694132867623,8
380.81684435983834,2
380.8457637638701,12
380.85636491519034,1
380.8893272889583,7
380.89253421721816,23
380.99712568818285,1
380.997580520887,19
381.0341299194757,20
381.1635247963725,2
381.2113844005388,1
381.21458251056254,23
381.25475983424263,14
381.2563280040355,1
381.3093621963192,6
381.4106081339213,22
381.511528120537,4
381.52101971364203,15
381.527277474838,24
381.5576457105315,12
381.56777208835337,6
381.7644467990898,1
381.8124989777734,1
381.8515671573465,3
381.8529332450261,16
381.86657796682493,13
381.8872279995822,1
381.88795135142954,2
381.8892658738647,9
381.909962017146,3
382.0985095075683,1
382.1180452079711,22
382.12773228473463,16
382.18146263687277,1
382.1874040274456,20
382.1927409284025,10
382.20330786649265,7
382.23587443387373,10
382.2456425783675,16
382.2476224736789,1
382.4737634795481,3
382.47609730041063,2
382.55690507547683,1
382.585952903728,9
382.58969446521945,12
382.59953716244576,19
382.6696495766217,5
382.6762089794797,2
382.8104500263865,1
382.87827405343097,24
382.91035671218566,18
382.9370275521864,1
382.968548964717,1
382.97591892733,22
382.9859303967919,14
383.03433518682476,4
383.0791786673426,18
383.09046830163334,6
383.2105094489163,29
383.24089210792926,19
383.2633382892186,2
383.3552654628099,28
383.3598918783209,1
383.38565980079915,9
383.4177664174514,25
383.4873140439854,19
383.60207617982076,1
383.7332200206349,2
383.7912233115279,17
383.80091100518285,23
383.8260890143631,17
383.8281118146953,1
383.8349762727172,4
383.8652456870493,25
383.89631258885714,17
383.94629345031996,1
383.9622961058505,5
383.98771998845456,2
384.03063140276964,1
384.09871284620544,9
384.13706880613483,18
384.14787990575854,10
384.19246427002395,23
384.2245864394894,2
384.27980257379176,2
384.3022277782506,1
384.3056638713875,4
384.5348871822333,1
384.64135898759713,26
384.66708307461477,8
384.67151811473394,26
384.7882586794901,20
384.87490347713907,4
384.92372744987506,13
384.9352268717611,7
385.11225693316896,8
385.12614058284015,2
385.1800441383243,8
385.23831215773987,3
385.2817131941087,9
385.2894306264652,3
385.32978166025805,8
385.3458027692462,6
385.3652718456523,15
385.5332062152248,6
385.6197543232184,2
385.65350298198945,4
385.711119929286,4
385.77219377174987,1
385.7773519462264,2
385.85228252591173,6
385.86601959376395,10
385.9845321769133,1
385.989929873199,8
386.00406495879923,2
386.0661558631639,1
386.15673093838967,27
386.16698776812075,21
386.17336399779214,1
386.22696942643927,8
386.2559997219888,24
386.2880862004714,5
386.31200951201504,10
386.317224844186,1
386.3275738332665,2
386.58007791969413,12
386.58661705286767,1
386.66073833245,1
386.66550323602286,10
386.66756040569356,8
386.71362728433184,6
386.7599754542446,7
386.832273230429,6
386.93843173869567,4
387.004069494006,19
387.0279352340745,8
387.0326850337554,14
387.08670128230625,7
387.1238671228772,2
387.1484702443968,4
387.24769975972845,1
387.31347522182466,3
387.3242485531524,3
387.36961411383635,1
387.3713288409608,1
387.383503620708,15
387.3927400712958,1
387.4142560847572,27
387.4352646038568,24
387.45915712111537,4
387.47347253713104,7
387.49377845871913,2
387.5290320947504,6
387.5922179832333,8
387.5924994773277,2
387.6562073976861,4
387.65773610749056,28
387.72290336947,25
387.72603833286564,25
387.74355347545986,22
387.7846634553811,1
387.84496794596566,7
387.84760160211704,5
387.8530022021508,3
387.9732622859622,25
387.99905986871204,9
388.0176505701103,2
388.02589621367645,17
388.10073606465335,15
388.15981621872044,13
388.1830209099626,1
388.20145044054107,1
388.2202250109752,3
388.23880745612803,17
388.2730122725919,12
388.28974027194147,24
388.3164513896758,12
388.31999313140614,26
388.3613908905512,3
388.37854610004956,2
388.3855214776858,18
388.4111942319973,1
388.4234809523952,12
388.4351333049182,24
388.43903132445115,3
388.5144971803817,23
388.52480009355116,9
388.52486443333237,6
388.6147236631129,2
388.61483037325473,1
388.7066483213815,16
388.72449322830937,23
388.78906070706194,2
388.8119145457543,2
388.8440511957748,17
388.8543569159809,1
388.8602084726372,6
388.8745397732168,16
388.91708124090763,9
388.954835671665,2
388.99264696977167,17
389.0091959881875,1
389.04203989560966,4
389.0539882200804,6
389.0799741285255,5
389.1229980585753,4
389.20223486073274,1
389.2271667957357,20
389.2395645668406,2
389.253077136203,6
389.27914421963715,7
389.2818606821653,4
389.2938458639114,11
389.3456622027326,8
389.3650641630676,14
389.4127629888694,3
389.41943495701,2
389.43335740632625,1
389.4337546286318,11
389.48736615961593,3
389.5128112547514,14
389.5429196626812,5
389.55691890816513,8
389.5590379582581,5
389.5731046545977,10
389.5906021831115,4
389.617608761246,9
389.6181502576816,5
389.68517363305637,28
389.7312193987492,2
389.73588732350413,2
389.7600277847614,4
389.76111939868093,2
389.771648054241,2
389.86653516916635,1
389.87077417422546,13
389.92094667293003,2
389.92515465210977,14
389.93268003155663,28
389.9424059726052,2
389.96593448455735,3
390.02495459669507,3
390.03514184576,1
390.07877374728946,1
390.0930360667838,3
390.1448940259334,2
390.15327119709866,12
390.1787087552729,3
390.2276850026007,5
390.2762114531416,19
390.2792819692786,9
390.3021141217369,7
390.3816367004022,20
390.3817953674394,6
390.3912917532979,5
390.39777911264645,11
390.40773987215726,9
390.42358415347593,3
390.4724301871663,15
390.4959063243289,7
390.53086782447315,4
390.54425669437813,3
390.5599422850993,1
390.593045631143,3
390.68697136046495,3
390.72775674914516,12
390.728923894505,27
390.7645015859401,1
390.7723109794938,2
390.8380558613855,1
390.8717718624242,1
390.9092678507533,7
390.9402745910827,27
391.02099546054836,3
391.0219583610982,21
391.023802215116,7
391.0468593655202,6
391.0504517908807,3
391.06340963215604,1
391.10101144721847,18
391.1272941513121,14
391.1871181301633,7
391.19538401519134,1
391.21820270554,10
391.22128706695594,1
391.26844605523684,8
391.2711988245767,9
391.2772436075465,1
391.2831674324051,20
391.30249573573826,17
391.3307220201315,1
391.33825101530755,4
391.39097079518575,5
391.43701899706554,2
391.44446327780616,1
391.4644600172641,2
391.52767770801586,2
391.5372913607931,12
391.5373620698034,17
391.5583210108936,2
391.5593003765813,3
391.621038809081,1
391.67755513802234,8
391.7087692295563,1
391.7188759261024,1
391.7399930608316,9
391.75576331765495,29
391.78557437235537,3
391.79234896236267,8
391.8017218065575,24
391.8312178114584,25
391.9129299553204,29
391.9594583143995,26
391.96974699141697,1
392.00092412705385,2
392.0019321398159,10
392.03460458132673,14
392.0400761227819,29
392.04335428696567,16
392.0804493643968,1
392.15728341961847,3
392.20726313001103,5
392.21850434035315,29
392.23906576877647,24
392.2581043361632,4
392.264201872997,3
392.27872944479407,3
392.35645692380405,5
392.3827893414911,5
392.41098784239034,7
392.41133821461005,28
392.43112522338345,6
392.4319621040968,1
392.4340377624366,2
392.45297273009436,6
392.48065690359806,7
392.485560928129,1
392.4991117320197,1
392.5385454265109,9
392.5386841558583,20
392.61029750740124,2
392.61595303098443,18
392.6350951348337,5
392.64381296479223,1
392.6461892653554,9
392.6624506474928,2
392.664541254487,5
392.66970157085944,6
392.6706015040321,1
392.72149378044014,18
392.7405396158795,1
392.7476734334234,10
392.74851608786855,2
392.7637949820895,6
392.7975827151833,2
392.822659579679,2
392.8489408956548,1
392.8699625907516,2
392.8919083735621,1
392.90767345221644,1
392.9316259141721,1
392.93495808876884,14
392.9357357124092,1
393.008673503189,20
393.0360807153517,1
393.0361898066157,28
393.05101237817297,4
393.07053202482894,1
393.07337589396434,13
393.0814824658061,19
393.08206342987353,22
393.1330753802208,28
393.17657394685233,28
393.1768472913583,20
393.18491508851383,5
393.18856665155903,1
393.18936378596527,17
393.2399981839726,7
393.2532032102976,3
393.2773213216894,6
393.3022763652124,5
393.3198715781881,5
393.37768513334936,23
393.3869579095598,29
393.42674064464444,3
393.4403274639942,1
393.4449844484174,2
393.46694100818513,23
393.4826772982735,1
393.5331483059214,29
393.53951333550486,7
393.56979731371234,19
393.59713975851906,3
393.6067981918646,10
393.6168256844934,15
393.62436284565223,2
393.66292044039284,9
393.7177504172967,1
393.7518972157757,3
393.75657199587243,3
393.76281547587104,20
393.7658536337328,27
393.7745873563545,1
393.78867276284154,29
393.8013427254229,1
393.81468338549325,2
393.8579173164961,6
393.87644768319785,27
393.882684957351,24
393.88794296804565,6
393.9263713142498,1
393.93107560728475,6
393.93375232417014,1
393.9395334849515,14
393.94906770646907,8
393.98391826657723,3
394.00396290689974,1
394.01107430592697,13
394.02462656048516,7
394.03034108599456,10
394.0569515301793,16
394.0675440781438,6
394.06880264466065,3
394.10174444323405,9
394.105320373799,7
394.10787632349417,10
394.1096062045673,9
394.11846882437624,4
394.12400228647607,3
394.1268756942771,2
394.133910938961,12
394.14947002888476,1
394.1526601939163,8
394.1526620238538,1
394.155075276793,3
394.1595950155086,12
394.1927993767069,1
394.21251549700673,1
394.2132829748875,3
394.24469906674653,4
394.250877345622,3
394.264031691871,29
394.27171146598306,7
394.2775865740666,1
394.28456839714033,2
394.30080821956295,14
394.3026712374056,23
394.30802601757324,8
394.31831869467516,13
394.3190455509775,10
394.3305696949598,25
394.33366741043227,1
394.33752104509637,23
394.3807771720707,4
394.39431604792355,1
394.421396706033,11
394.42229802903984,23
394.4242232053006,3
394.4422431317811,1
394.46377188516396,25
394.4715481207693,3
394.4904335206906,11
394.4924016689518,6
394.49470501653366,1
394.5035519478752,18
394.5087449475724,1
394.5144591302566,2
394.5445674393503,2
394.56008024917645,6
394.56540028835195,6
394.5721107173671,18
394.5745713628628,6
394.5815750254499,29
394.5838332302341,21
394.6031851424973,1
394.614319582497,18
394.6223892929969,6
394.6227687044127,2
394.6276124773331,28
394.63217378825453,21
394.64449803110534,9
394.64790907173335,9
394.65062181510683,7
394.6723089466914,5
394.6849364056386,12
394.69202146720266,10
394.7079762887599,18
394.7440883129038,19
394.758326804302,7
394.76145394033205,8
394.76681008647597,19
394.7726829282083,2
394.7729424581514,1
394.79312986916074,3
394.79556001821203,7
394.80867006247655,2
394.83781524252123,2
394.8571463243033,2
394.8597893589425,1
394.8662608254863,3
394.87080763694195,20
394.8724426139266,28
394.8770109965057,2
394.89854885084225,9
394.9051244004365,21
394.92109063438113,1
394.93021657484303,20
394.93633526823123,13
394.9564701954509,11
394.97545636757775,27
394.9758745617675,1
394.9991009525013,7
395.0002090748711,4
395.0133214532338,6
395.01467883741464,3
395.0184909917007,27
395.02807408840863,7
395.04812196980896,10
395.0588633392844,3
395.0662526593178,3
395.07062703860714,18
395.09362073668325,23
395.10158766239255,24
395.12158774334443,13
395.1238898711028,3
395.13251548729994,2
395.144658666388,4
395.15553739675534,16
395.17199047150604,1
395.1741628134253,7
395.18573354755483,14
395.19317977613696,2
395.2108194311324,18
395.218218997543,16
395.2370256167346,1
395.24011245997616,25
395.24252643553405,4
395.24817974029344,1
395.24829963873367,8
395.2583562815461,1
395.2661521651373,17
395.27009829173306,21
395.2718461915906,4
395.2730235015098,5
395.27470783647493,3
395.30111828431035,8
395.3108603478884,2
395.3123302443974,1
395.3364654672003,27
395.3472193836321,4
395.34837129207773,2
395.35066565146894,8
395.35181199938734,14
395.36129970417596,24
395.3715144269346,3
395.3729375924118,2
395.37675597496036,6
395.37814207902846,26
395.39439225681014,18
395.39564270952883,4
395.41135608732634,3
395.4124075885704,10
395.4539538951657,6
395.4902177092859,2
395.49473713534024,2
395.5316583400632,6
395.5318741207911,2
395.53612058466797,3
395.5451521739394,1
395.54976674464064,2
395.55774050653264,2
395.55890743255054,3
395.5702250967052,8
395.5718214585428,2
395.5739889970982,14
395.5826881670998,6
395.5947396784471,16
395.6001613443885,1
395.6020808297326,8
395.61185967277606,12
395.6165725096233,3
395.619224839972,4
395.6395269556807,1
395.64751716448967,1
395.6492778043214,29
395.6542129125955,10
395.67271126574786,8
395.6903381813172,4
395.69444459936693,10
395.69614569656096,4
395.6980598568843,1
395.7136543729875,2
395.7148865761509,2
395.72204721266854,3
395.7282861261295,2
395.73457893587255,6
395.76946288905066,1
395.78158985785734,6
395.792329943508,6
395.7947605638583,5
395.8049342193384,1
395.80569524691873,1
395.80923263413433,1
395.83030085502605,12
395.8347627242117,5
395.8497996773084,5
395.8515777142259,4
395.85438870028304,3
395.8584234014206,23
395.85968132620224,5
395.85995007103276,10
395.89489698978224,1
395.89880231994306,1
395.9283326357794,21
395.93850180480734,23
395.9387283519617,29
395.95021126720746,4
395.95928475146235,7
395.9777274721423,8
395.9900304913138,2
395.99037754581406,1
395.9911067804389,4
395.99124478438364,20
395.9929941940184,7
396.00531817124096,6
396.0128860547161,5
396.0155130751921,16
396.0246249179771,12
396.0253823742321,7
396.03745051779606,7
396.03959468812485,5
396.04580463073364,1
396.05129287389843,16
396.0530884948674,2
396.0539988319092,2
396.05671752273105,13
396.058823582336,3
396.073997920222,19
396.07723449169475,3
396.085929724195,3
396.0970479842657,29
396.1049021050793,13
396.10809432214603,3
396.13181109913495,5
396.13872425998426,1
396.15232295771017,15
396.16110060371227,1
396.1667863246798,11
396.1692851142989,4
396.18938058648854,2
396.1966977413562,1
396.2014290452323,10
396.20508572873155,17
396.2423067334529,8
396.24420836422115,2
396.2448207663913,3
396.2465051233783,6
396.2566268126742,2
396.28070973018896,3
396.28474896239123,8
396.2871496223922,4
396.33163093732014,4
396.3568328582933,1
396.35887299564064,1
396.37616704145455,4
396.4059933339618,9
396.40853726309814,1
396.4098140153163,4
396.4255619685144,1
396.4321041925056,1
396.4338462655241,6
396.43795475147294,6
396.4509494580137,1
396.46462823865187,1
396.46522122125054,15
396.47848480382453,1
396.4798528701597,20
396.4902303468472,6
396.5028284267029,8
396.5048648678782,2
396.5175905606564,3
396.52433527969464,27
396.52663430985893,5
396.5485539654294,13
396.5498781975394,1
396.55253713997655,7
396.5568640562692,3
396.55778743319917,1
396.56542585315015,24
396.585468702793,5
396.5973809438382,14
396.60003623783257,1
396.6242726807375,3
396.62993908580773,4
396.63392745947476,2
396.66134435576504,5
396.6674891344193,5
396.69489836211204,1
396.7129717375849,2
396.74074645797174,1
396.7763052801882,3
396.7816631793658,2
396.78684196748685,3
396.81751178090946,1
396.82719562024965,2
396.8431090647179,28
396.850270939142,2
396.85531620208485,14
396.8592089129496,15
396.8690762471333,8
396.8697764024434,1
396.8944657565797,13
396.8953765700369,10
396.89885697430793,14
396.9061055130805,22
396.9454216549052,2
396.95588037507264,21
396.9586849219626,16
396.9668162557552,1
396.97233972934595,1
396.9760800759136,12
396.9901626739485,9
396.9910198662065,21
397.01021324793675,6
397.0212992254881,21
397.02476917058874,20
397.0298727234734,17
397.0440669890914,14
397.08671497958204,2
397.08703830488287,2
397.08737280124984,6
397.08796478273206,20
397.0882319170428,22
397.0942051787474,25
397.1071024274598,7
397.1095061584397,6
397.11309425292603,1
397.1207144556513,12
397.12320148223625,8
397.13708618853474,4
397.14004807213104,7
397.14099515120705,20
397.16971427136707,1
397.17035248575485,2
397.178537063756,14
397.2041814447027,1
397.2071938478448,4
397.22235959415497,2
397.2320798900402,11
397.2335386284466,2
397.23920170191144,1
397.24174021893356,13
397.24996701239746,13
397.25313205482604,3
397.25504983489253,11
397.26800428886145,1
397.27099944000463,19
397.27141168544483,1
397.27215367962623,13
397.274732104994,16
397.2803381742343,7
397.2830413537096,5
397.28394212716364,2
397.28580219109,15
397.2901495317059,4
397.3031162385438,2
397.30432001399737,20
397.3110286249571,5
397.3439312060177,3
397.35364096084993,3
397.36496741430955,2
397.37438646914177,1
397.37736830254033,9
397.3826019132204,17
397.39754296991987,1
397.4445623479587,6
397.4511359963297,2
397.46693912448666,1
397.4699430113803,28
397.4735958913057,4
397.4958896043173,1
397.5162223036643,13
397.5199008263824,2
397.5223432380328,9
397.54165877650235,1
397.5857928950538,4
397.5901218245336,21
397.5937896053944,3
397.5966907707156,15
397.598208206837,1
397.60088097582087,4
397.60650683463894,1
397.60843430895306,1
397.63080291455583,2
397.631836970888,15
397.6620353401082,17
397.66292108977433,4
397.68501590078546,11
397.68847930633973,15
397.70055496218373,2
397.71825816430373,1
397.72986578480754,9
397.7370206406129,1
397.73878800828993,11
397.74095839816044,21
397.74642845581894,14
397.7540423893171,1
397.75596338882195,3
397.7587143472553,21
397.76669386124394,6
397.7722780076047,1
397.77232454371824,12
397.7732049811413,1
397.7799071662158,8
397.7820667651246,1
397.78999288371125,15
397.8003095924067,12
397.8037199618951,14
397.8059712506744,5
397.8305115897544,4
397.83335638646895,1
397.83627578348495,15
397.84694291967367,2
397.8473845625672,11
397.8604113523683,10
397.86118669818126,1
397.8883472446473,13
397.8938382509489,2
397.9051060276228,16
397.9069293044544,15
397.9389873571401,10
397.97296879826456,24
397.98257172305614,23
397.99471065895585,17
397.9965383051591,1
397.99881074675534,3
398.006374191575,28
398.00683647887814,22
398.0182420152915,4
398.0910080462322,17
398.09409893543733,6
398.0962360354299,5
398.1060370361349,1
398.1111972951678,1
398.11734555366655,1
398.13848082600015,1
398.1435519600644,3
398.15935218510026,7
398.16062660523136,1
398.1869656686621,2
398.2124770732719,1
398.2260864048661,6
398.22760255794054,16
398.23038849481367,1
398.2590876456176,5
398.26194503901763,23
398.270871578016,10
398.29488625514847,6
398.298110440189,2
398.314686700158,1
398.3511719794858,1
398.3603891994344,10
398.3661190084656,16
398.3789332047453,2
398.3888079697706,17
398.4129955808149,18
398.41491994277635,1
398.45463852435074,2
398.4658987717476,3
398.4762773582889,7
398.4888339501048,9
398.5184442387465,13
398.5211451889926,2
398.5251620787377,1
398.5307456379523,7
398.5698408389336,7
398.5866361563538,14
398.5900180115005,4
398.5995199521274,6
398.6396254356198,1
398.65187973282787,22
398.65599136703287,7
398.67230857091926,6
398.6988042692815,4
398.70845766622097,6
398.71965097148467,4
398.7241031334536,1
398.7634281344446,1
398.76472626153753,4
398.7692294543859,7
398.7703894252811,14
398.78061877888507,9
398.8242602064994,1
398.82565605534523,1
398.8433813300564,1
398.85580971759725,14
398.85927264127014,8
398.86917589576166,9
398.8719761310751,21
398.889474856497,8
398.9053814048577,6
398.9187497312209,21
398.92183218556494,8
398.93094753521507,29
398.94177604261085,8
398.99228761434637,4
398.9927065824646,2
399.0262932403424,1
399.1143675082942,6
399.1247633496212,26
399.12842061366484,2
399.14040302754813,4
399.14642997290827,3
399.1623333693063,1
399.18876216332137,1
399.1926148908026,3
399.19399549168384,1
399.2831751543934,2
399.2862283847342,14
399.29853928744313,1
399.3163563112129,1
399.32988315455975,6
399.3426851427622,16
399.34882522920435,2
399.3542582916044,5
399.35904851871305,9
399.36215946541705,8
399.390019672002,16
399.39770417238884,3
399.41562766209194,2
399.4277149269423,2
399.44482081646356,1
399.45080049598494,1
399.5084965043525,5
399.5109441739892,3
399.53752633514637,11
399.55702562584133,19
399.57063388539746,24
399.57082512743636,1
399.59450952744805,16
399.63189716044025,2
399.6604566784667,3
399.66569094632933,13
399.6672659234576,1
399.6692608466706,23
399.68962384728894,18
399.70938639430534,21
399.72181679832255,3
399.731263395115,1
399.7925936022064,10
399.8156683090966,13
399.8278233373154,20
399.8535352644064,2
399.85625029634446,1
399.8564798840583,13
399.86079562434776,14
399.8699000925933,13
399.8793121236355,1
399.8907826336707,14
399.9120202839355,3
399.9172482268519,17
399.9207798322351,9
399.94035954684745,1
399.94426045161873,1
399.9449982316957,1
399.94796241193245,3
399.9595877565025,5
399.96594609290463,10
399.97889159305896,2
399.99392620220317,23
400.01786084545006,1
400.0233626131457,24
400.056635775218,1
400.0573985679901,3
400.08212836515855,2
400.1181767160025,20
400.1217787898459,2
400.12282800526555,2
400.1761985625377,20
400.1783244121996,1
400.1801918845367,10
400.1860152110519,21
400.2045220618092,4
400.21617435569163,2
400.2228402988747,13
400.25101858069974,27
400.2866029874834,7
400.2920189146135,1
400.3072021375176,20
400.3080373867729,8
400.31972229715404,14
400.33208188221755,9
400.334487818522,7
400.34419105621424,6
400.37903688002655,3
400.423207538613,21
400.4761772024915,3
400.48994311785674,15
400.4973552638969,4
400.51103414450347,13
400.5269814255222,1
400.52734793774715,21
400.5289182586539,4
400.53309436048454,3
400.5588748133907,6
400.5591552852674,3
400.6497072228579,1
400.7022179266178,13
400.7053155375451,15
400.71665731528833,2
400.74919779449925,6
400.76806028917156,20
400.7834752963008,1
400.79276495905316,26
400.80689155502665,2
400.8071360139252,15
400.81343706258605,2
400.81992068279914,1
400.837302103281,4
400.840420178637,26
400.8477493007668,1
400.8548702231529,16
400.8623534884119,8
400.87129518361354,1
400.8742896854043,3
400.90984595412516,21
400.91712276960476,14
400.9379037013064,1
400.95732373367537,8
401.01122777791124,2
401.0523741375327,4
401.08052022034246,1
401.1004961210288,1
401.11395897210446,2
401.1273612722698,11
401.13789221063064,1
401.1746035453823,4
401.21402208724373,1
401.24693913246944,20
401.2597465155236,6
401.2791631781889,27
401.2858770408,4
401.3148226343995,15
401.3181088568936,2
401.40102600429947,1
401.44623700932175,14
401.50217304655877,27
401.5100697279841,10
401.51681964647764,23
401.53356156757695,7
401.56066384580026,8
401.60981799500536,19
401.6455713188901,1
401.6932956531109,5
401.7100471196205,5
401.722967015716,7
401.7578416072123,5
401.7652389563602,2
401.76956602865835,1
401.79044342651804,7
401.79447738716215,1
401.7953458402344,19
401.8339685973751,3
401.84230960612484,1
401.8961845147063,1
401.9132864488905,16
401.93125275135793,3
401.99127398067554,11
402.002778504438,22
402.1054053437165,20
402.1389042431015,4
402.1416298456317,1
402.1420333567934,21
402.1725177485717,11
402.2033254440775,1
402.2370246006229,5
402.27095073927364,3
402.3038140839726,4
402.3310989017555,1
402.3568156502376,4
402.37271575326275,12
402.41487968565025,10
402.49106766816186,3
402.5032049472873,6
402.55241896825765,14
402.5593867879263,1
402.5639978486005,15
402.61014280486455,3
402.6612211247422,13
402.72743294361226,12
402.78696487962884,1
402.815915590712,1
402.8575337758221,3
402.89706490176815,7
402.94216111299306,3
402.9700854795583,2
402.97433110385305,2
403.0244285969741,29
403.02450622674803,10
403.0326487808691,9
403.12278069835304,3
403.1786671017173,20
403.30998397322077,3
403.3390453726638,19
403.36257578707904,19
403.4313409278294,5
403.46416963109704,1
403.47768483991507,2
403.53015661724396,19
403.54475627478126,19
403.54671818904137,1
403.64273403384766,5
403.7461781867798,11
403.7502022971991,5
403.8347378038435,28
403.8790583677482,18
403.8894868411549,4
403.9027521229664,5
403.91531641033646,11
403.9155103450339,5
403.9292554925687,10
403.96733246588525,3
404.00082526380044,4
404.1137307607104,7
404.12320691997996,1
404.1768216054131,18
404.18943325199905,4
404.2170448305257,3
404.3216344168574,9
404.32534117875485,1
404.3418982404075,9
404.3514186329082,8
404.3525552286625,16
404.4771099019024,1
404.4940994255437,4
404.5192023523065,29
404.6626020192721,9
404.6841167772705,23
404.69068460598703,6
404.75504238134965,5
404.7736871868714,1
404.86902640145513,1
404.93704321844234,6
405.0423848778734,1
405.0531633626945,2
405.0875586334603,5
405.1295130136961,1
405.1434371628175,8
405.1731300400956,5
405.1986224246325,7
405.2363737394076,2
405.242416762814,12
405.2489166876833,5
405.28089931286786,3
405.34913969401595,5
405.38508333781334,14
405.3884013017027,17
405.43939408881124,14
405.532329296994,3
405.61292732967775,25
405.6312297932332,7
405.73840025061315,20
405.75841234338145,1
405.77555517659925,14
405.82036370389187,4
405.8222813364066,3
405.89486616745603,26
406.01324119022246,29
406.08846390820514,8
406.12222778608026,6
406.20307321297304,9
406.2264921294958,14
406.2746250500402,26
406.3242647590807,11
406.3860054433186,1
406.4156021740087,1
406.4852552203272,18
406.7072604191113,27
406.7580761852139,1
406.80148667974294,2
406.83906671682905,5
406.86023737987585,1
406.9286679398761,5
406.96083375902504,7
406.9773898873868,2
406.9905455036797,3
407.05579507223166,3
407.05823083307536,17
407.1052102402597,14
407.25625258409775,3
407.2822144720578,2
407.2886527900986,6
407.3344756097643,2
407.3870294940984,3
407.40519410159783,1
407.4794342800603,1
407.52304863559283,1
407.56015988368347,1
407.5691654998255,3
407.58898910014614,3
407.6705388914142,1
407.6824594288435,12
407.7255779337834,9
407.74186392383154,3
407.8116372130768,1
407.846397446636,28
407.84751389830757,2
407.864136058065,13
408.03307970007825,9
408.0741549081699,12
408.13023140035745,1
408.19746939848017,3
408.2223048971515,4
408.22571805713903,1
408.27037654902296,10
408.2873425179949,20
408.3277100854255,27
408.4007186373521,3
408.4430692489683,20
408.4988825713251,13
408.58414070795936,2
408.61637657087243,15
408.71379768924965,1
408.7981836674675,4
408.8156895509025,22
408.90004190851175,11
408.9155358702025,2
408.91927767250314,6
408.943613695662,22
409.01058667466174,7
409.02954711158696,3
409.07757244669233,21
409.27247298004625,6
409.2885564922748,6
409.30055794226075,1
409.3531198442947,7
409.44625996318115,29
409.48723285657184,18
409.48841033480215,1
409.55971725084703,21
409.5782175665884,4
409.61129454404676,1
409.71793998422083,10
409.7467813424493,2
409.78894268283193,1
409.82612081510456,8
409.88135351034487,2
409.9328973156895,5
410.01264085242383,1
410.20625920325995,1
410.22729743503703,2
410.2629128349519,21
410.32152720767004,1
410.331872960977,5
410.42277837725425,5
410.4422447629457,4
410.45307558342347,11
410.4644779997076,16
410.4944053663157,6
410.5106204864198,25
410.5235986933898,1
410.5554509234704,1
410.569170234058,11
410.570384306481,3
410.6025036806691,1
410.7449954495016,3
410.8121934500524,27
410.8229083085361,9
410.8915662666724,29
410.94186919961174,1
410.97961298154166,11
410.9824195315797,3
411.0272619382689,1
411.08476787614956,7
411.20512170851833,1
411.2482545221206,7
411.38122256669595,25
411.4148262991469,2
411.52198864139643,14
411.6291784790168,2
411.6299358887169,1
411.65107885649337,12
411.6857122194999,18
411.6950317469587,10
411.76877693430777,17
411.86830304226567,16
411.8780306909225,1
411.9968021204343,1
412.1443916612038,15
412.17229337899136,10
412.2311679386006,7
412.2808497259586,12
412.32005891358756,8
412.34536901263,3
412.4146697672895,1
412.4418675327454,2
412.48444495524797,2
412.50834473340603,6
412.5092102773661,8
412.5293102859024,2
412.5493853067556,1
412.6557980991892,14
412.73520262707626,5
412.74189065697004,10
412.9010192100601,5
412.9057511272588,17
412.9276699697376,1
413.0134831069378,14
413.0263955903565,29
413.03851846521144,21
413.0664959123782,13
413.0853903229834,23
413.09685591239366,17
413.117443761845,12
413.1274355213971,1
413.1449799000649,7
413.16293320479144,13
413.1684673720417,5
413.1752959792806,5
413.1893841978209,1
413.21008425626746,19
413.2167656368633,11
413.22269618009943,27
413.24078820583003,18
413.2430649911091,1
413.2655693986137,1
413.275726073393,3
413.2930834085316,23
413.3079675513452,4
413.32274459623466,16
413.369908945457,12
413.3727844444132,1
413.39434609526546,1
413.4043800220828,2
413.41893586801285,4
413.4345948040347,13
413.46277850618213,11
413.49284358445635,21
413.55748908947834,1
413.6204246633827,6
413.6295759582523,1
413.6436225528872,28
413.65432923626804,4
413.667752963114,21
413.66795492132263,4
413.70792022107986,27
413.7113244829071,13
413.7582910845992,4
413.85664051757414,2
413.89546559374065,1
413.93184293362714,4
413.9359338176675,5
413.93630221071163,13
413.9587018863794,1
413.9880316285115,9
413.99403262869305,1
414.0262653866281,16
414.04949613383275,4
414.05162880089557,23
414.0633982773714,3
414.0695079841311,3
414.13742892895584,1
414.1597113664074,28
414.1606957627893,10
414.21175416793835,1
414.2135766612867,2
414.23646525968576,8
414.26470852446954,2
414.317328898053,15
414.34200894638656,18
414.3612490397609,1
414.3652494463664,25
414.40285904034204,3
414.4142502182691,10
414.4167102493448,1
414.43937039726063,18
414.47855702296636,7
414.5449010274653,21
414.56154946752326,10
414.5755673123978,10
414.60184046958244,1
414.6145873310871,4
414.6151789739167,18
414.6331122797064,2
414.6476948804272,2
414.66455314917835,1
414.66715095014365,1
414.6775701812091,16
414.6843003559395,18
414.69152764754324,26
414.6946960949521,1
414.72098281961735,9
414.7227098101655,1
414.74357906264044,24
414.75038041212264,5
414.7730793369039,1
414.78075152567686,24
414.79446517438885,9
414.79579144369677,2
414.92080665247136,1
414.93448188998826,6
414.9573022160679,7
414.9857226816469,14
414.9987966062461,7
414.9994476134454,5
415.0025533389225,1
415.04276184525503,6
415.11280020014385,4
415.1681115433504,16
415.16826125586283,1
415.2214160223653,23
415.28280403732924,16
415.2984229747704,8
415.3128124315242,1
415.32221060911985,1
415.3556253956632,1
415.37660039322657,2
415.4248494536689,8
415.43453508736184,19
415.4413074100243,8
415.45220294781245,1
415.4583077131607,1
415.46284686454123,8
415.47787666251696,1
415.4789603583096,19
415.49471613172494,9
415.5326717261398,21
415.53526995642414,3
415.59383747951057,6
415.616087244065,6
415.6820319203901,2
415.7557106387452,16
415.7652943004611,13
415.79983972033943,3
415.84388554778235,10
415.8708798115235,5
415.8844899635878,9
415.89601092411715,1
415.90752750434615,24
415.91000771476865,1
415.91055904161976,2
415.9235285112447,1
415.93495994785013,9
415.9380345415773,15
415.9733564635639,11
415.9757530079312,13
415.9962025690619,2
416.01015013987563,4
416.0337183210898,4
416.0390411783142,5
416.07004732472285,18
416.07767722825463,13
416.12329243840924,4
416.1353335495711,1
416.155405511064,16
416.1801918402084,1
416.19082745026816,10
416.1914402490233,5
416.1980058335897,1
416.20822677117326,5
416.22306106311066,16
416.2434527213503,2
416.24947848063,12
416.2844058723629,1
416.3149035156187,8
416.32010503679186,22
416.35998071019037,1
416.39626172534315,22
416.43102841575893,4
416.432202388429,1
416.4476555495923,6
416.452963981217,20
416.4964254969562,6
416.55226390691223,11
416.5626634740508,1
416.573251681889,2
416.598199219844,1
416.59918155043346,2
416.65145784620495,6
416.66294497173817,5
416.7209843571086,7
416.7225486204209,1
416.72431229786383,2
416.7607275682571,6
416.78227050072513,6
416.7870242481795,3
416.7883746738089,2
416.8023480227807,1
416.82268345279186,6
416.82368229954426,5
416.847244930783,10
416.8860593430123,2
416.9451522256665,9
416.9965103991163,22
417.021428401762,20
417.0359688333307,9
417.0500943592282,10
417.0607318566598,7
417.06356963908047,16
417.1319019247625,10
417.156421430868,1
417.16400751328234,1
417.1685139255237,17
417.188332310136,1
417.1938601442827,3
417.2010728082695,10
417.21162947178726,3
417.21702073127864,3
417.25884468035014,9
417.28570011990195,17
417.2928517849602,1
417.3085343058501,14
417.3097663087551,4
417.3199993844327,1
417.32272152267916,9
417.35031138257267,7
417.38066356872434,24
417.38664439202284,16
417.40335398649154,5
417.40341001409496,3
417.4382965691314,10
417.4602656324451,15
417.4630536748895,13
417.4650683039587,16
417.54447939249627,17
417.59728627802036,11
417.60992136092625,1
417.6313984229424,8
417.6331734314768,23
417.6332811581765,2
417.6443343829403,19
417.6525456958762,1
417.6954679336805,1
417.7199613552444,8
417.7339599364259,2
417.7584200606578,3
417.77062826441426,1
417.772225941201,9
417.77458658445704,8
417.7763856064784,22
417.7906545601453,28
417.80645039088114,3
417.80695433463785,1
417.8264474548199,4
417.84730719706016,3
417.86234239369566,13
417.865093500262,1
417.9023850940364,1
417.9423902459001,26
417.96327094618505,5
417.96576556346724,3
417.97220471239575,14
417.9798902627734,27
417.9967855049712,7
417.9999804480895,23
418.0092618372795,29
418.0093724841054,9
418.0161444139804,19
418.0207661657609,11
418.0293080646442,7
418.040125843837,1
418.04479578857934,2
418.0617991611154,9
418.0812452746811,8
418.08572440126466,12
418.0963593634284,1
418.1140535156348,4
418.14352630907325,2
418.1635654416539,9
418.16386440253746,3
418.1725083159273,1
418.21472139056334,1
418.2152098766412,8
418.2176740268136,3
418.2247714075247,2
418.22570752986894,14
418.2277562151445,15
418.2429912390659,1
418.2778941506571,6
418.299454450029,23
418.30479975923424,3
418.3142145011318,29
418.32248766612423,2
418.34131620781653,28
418.37163843375896,22
418.3742365779315,1
418.39545250048957,3
418.40636896301385,11
418.40995387649093,6
418.43403954396564,24
418.43928906872753,1
418.47511209975954,1
418.5001236581545,15
418.5041285630876,13
418.51873097744794,1
418.5191185437217,24
418.54585267808807,1
418.5466755719916,10
418.5641613463906,1
418.5683493890553,29
418.5891733306517,7
418.58966741947614,18
418.5925863707519,13
418.5966787741099,7
418.60414704609286,1
418.62292956797967,19
418.6290337415213,1
418.6333682461725,6
418.6391990042825,17
418.6454381542248,22
418.65340577649425,2
418.66031623905104,20
418.6616427815366,1
418.6621956959562,6
418.66282473068475,7
418.6680956138332,6
418.66828748059726,15
418.6730707330468,11
418.68999511590073,2
418.6961123886854,3
418.7140103542434,23
418.71820078041077,22
418.75350697117534,15
418.81357501220236,12
418.832716312962,26
418.8359877069654,2
418.85565932612104,1
418.86196245731617,8
418.8906997606984,3
418.8933311164416,9
418.9302283191608,6
418.93531714678653,2
418.93628386806773,8
418.9370104612543,3
418.943694474436,1
418.9514689498611,3
418.9782879424639,1
418.97897946387036,1
418.9799110065463,14
418.9849157744165,5
418.9878658513432,1
419.01237171252495,16
419.0156187945885,1
419.0172085541165,2
419.02284543823316,1
419.0444299028698,9
419.0528288803851,13
419.0534592645896,13
419.05929893278653,3
419.0754783548693,2
419.0815826456672,2
419.08436485048077,27
419.08437032780773,1
419.0897237581701,2
419.0898063889224,4
419.0899355575552,1
419.0905337956439,23
419.10071886413823,18
419.1055611038148,1
419.10583413049096,1
419.11965589282926,21
419.1363947812893,18
419.1505343449698,2
419.1580875625838,5
419.16752609487156,5
419.16757506439455,1
419.177213830577,10
419.1860958310378,18
419.18766888282386,27
419.1928234437723,4
419.21251892537094,1
419.2164473086915,3
419.21677408188543,26
419.24248021776606,3
419.2577255153743,8
419.2591361511286,4
419.26859623518754,1
419.2792930134559,16
419.2917691973843,16
419.29810433898143,11
419.2983385581621,2
419.3007773100015,2
419.3016461253661,4
419.3454679440639,1
419.3692541110796,7
419.37131731760195,11
419.3752046861224,4
419.38453637523645,5
419.39961370298136,3
419.4072807048849,10
419.41826577661436,2
419.4228271863491,25
419.43141163433506,16
419.4326940500425,7
419.4397503129469,3
419.4691340562294,18
419.47751013485765,2
419.48400760519877,24
419.4946678462529,2
419.511204740976,6
419.5146269023873,2
419.5222380046436,15
419.5245840774007,19
419.53634569163495,24
419.5605845138705,20
419.5638875511481,26
419.573714881213,2
419.57655955210106,24
419.58747276287977,13
419.6030559599436,13
419.60743994638597,14
419.6218895651998,1
419.63199115800194,2
419.64162867358397,27
419.64744404500874,9
419.6557942736405,1
419.70158298729353,10
419.704468621971,3
419.70784726605956,8
419.7277563238646,3
419.72872427112344,7
419.729429654735,1
419.73112628932915,8
419.74847508253333,3
419.74902065800285,3
419.75755911572696,23
419.76397392340056,3
419.76781273289384,3
419.78307854828336,1
419.783801467708,24
419.8102723107847,3
419.8125393543373,1
419.81971743099564,2
419.82971300276665,18
419.8301675462478,1
419.8336708546794,15
419.8496469985559,23
419.8598902310131,1
419.8658670587148,3
419.86643023710457,18
419.86723826855393,1
419.8740595392423,1
419.8792769601556,11
419.88336208734313,3
419.8872066974175,13
419.9288579245013,8
419.935270533578,1
419.9438770979981,10
419.9446209249999,11
419.94865073599436,3
419.94915781855764,23
419.9503987372008,1
419.9524150118432,6
419.9611620909976,5
419.96878802841684,15
419.9743842758261,4
419.97659199655646,2
420.00473431733377,1
420.00782604835547,1
420.0097163411305,1
420.0125117105915,3
420.0140054636266,14
420.0141915888708,4
420.02830391216355,11
420.0654401318424,2
420.0775444985568,25
420.09369704457293,3
420.0960943328439,14
420.10640811769093,5
420.1096460150832,1
420.1105587507005,7
420.1111239137435,23
420.11985324461824,2
420.1268023149667,21
420.12734771702736,14
420.13314492228557,1
420.1332762015358,3
420.13923363747074,15
420.1395076495524,3
420.14590666147365,5
420.1604875795169,25
420.1605187613309,18
420.16314643942525,1
420.17823099047797,1
420.18394950818583,3
420.1878467935245,2
420.19953523331645,6
420.20064445453795,11
420.20750068921575,12
420.22017762248834,2
420.23680757034276,3
420.2443227098684,5
420.2734915727765,15
420.302131892379,11
420.3134425427542,5
420.3194804138686,3
420.32615572404166,16
420.34712843075243,5
420.3615709160228,11
420.36223007117803,20
420.36642296256787,1
420.3799729890682,12
420.38820657317694,16
420.39571825373116,2
420.4021757629753,15
420.4045840128176,15
420.4047528911628,25
420.4114504954242,11
420.4644764883627,5
420.46924423369927,1
420.47129382158266,17
420.47905183316675,15
420.4817760534235,7
420.48666077994596,1
420.5080742850372,23
420.51050387761836,10
420.5108664377711,4
420.52003732860527,19
420.52571488367767,2
420.52733651315214,4
420.5337960640102,23
420.5414813963565,23
420.5643087366054,3
420.56666382763825,24
420.5682571331775,5
420.5728284769542,6
420.58745511148084,5
420.5886056670937,13
420.5975871535579,1
420.60694230561353,24
420.61021888650885,21
420.62216267321594,1
420.6225994351596,7
420.6319171021511,7
420.6334433346544,10
420.6666121603019,18
420.6720130342194,4
420.6741812022081,6
420.68097991307627,7
420.7039865072557,1
420.70712948887285,2
420.72965783905676,7
420.7339894191953,7
420.7678598936898,8
420.7732704538236,17
420.8054844480631,17
420.8071752230706,12
420.8239807558331,7
420.8337738699836,10
420.83909502907215,1
420.8513437077852,2
420.8540699477759,11
420.87093612377527,18
420.8764351536915,23
420.88801617228484,6
420.8887504337548,2
420.90002192628754,2
420.9036653210287,16
420.90865970901393,6
420.91492044136527,2
420.9201097138093,3
420.94373147070866,1
420.95146396804023,22
420.95672233065505,3
421.00655745712425,3
421.0081080391348,2
421.011783816706,6
421.0213779917072,12
421.03496013701897,16
421.0376501614856,8
421.0551304805915,16
421.079583350689,23
421.0880253236705,6
421.0965887410571,21
421.1007042170966,16
421.1019280913374,7
421.10792494516255,10
421.1154926340199,2
421.12208915035325,10
421.1402993542805,2
421.1586215072797,13
421.16814457268157,17
421.17269202435165,8
421.1727156576385,2
421.181661216834,9
421.18884808016804,11
421.1905723826017,5
421.19442837031346,5
421.1982478103396,19
421.207412249388,3
421.2136474774319,12
421.21996920490676,4
421.2239925988182,5
421.2318157616462,2
421.235109872197,3
421.23654168557516,8
421.23701073241523,4
421.23884225537694,9
421.2418119142212,10
421.2598012400633,11
421.26722056028274,1
421.2675096715894,8
421.2684567059411,2
421.2694381997435,1
421.27665010669733,19
421.3026443054883,1
421.3365946581529,17
421.3548251595575,7
421.3770890252557,1
421.39198016823804,1
421.39273917693424,19
421.41642797107545,1
421.4170367086155,1
421.44274131192867,16
421.4624563933641,1
421.4628549440194,29
421.4702649246869,3
421.4907413504689,4
421.49548942383217,3
421.5083805534923,16
421.5099389212574,5
421.5233373130646,16
421.5241170709759,6
421.5327096038101,6
421.54364235339784,20
421.55386966796806,10
421.5631820133892,7
421.5725132509478,3
421.5743658500276,6
421.58596513312415,4
421.59141469217957,1
421.60542669595526,6
421.6166259544238,3
421.6212924152972,3
421.6231666612491,5
421.6280718656029,5
421.6390979001016,10
421.6548431846681,6
421.65692764255266,1
421.6601468740117,21
421.6890556751913,8
421.68993800443036,14
421.722094397,2
421.72886283738285,13
421.73213703408055,7
421.74732250502467,25
421.748615660844,8
421.76730507753336,1
421.7688282231008,2
421.7765494372989,1
421.7799027423089,18
421.8107866645119,21
421.8120089837565,3
421.8236291946579,8
421.8443972594901,5
421.86358083854566,1
421.8706539936537,4
421.8741601689461,25
421.8827152476059,1
421.8920749335286,19
421.8921467166304,3
421.8967791092259,25
421.9132825735701,1
421.9274175730158,15
421.932519050993,1
421.95692948585423,6
422.02471579751614,1
422.04272020242036,4
422.04623466467604,1
422.08498784728715,24
422.0888552200237,2
422.09270437563083,14
422.10647565843436,25
422.1132081685121,4
422.11559726671544,14
422.1414093141856,17
422.14627206387246,1
422.14778693454537,1
422.1759644976762,4
422.1760080079627,20
422.17717506464635,6
422.20442715926214,7
422.210350763049,1
422.2130940704114,1
422.21688023576456,9
422.2232131439618,14
422.25175043348327,3
422.2655714214741,25
422.28921453665623,1
422.31835758587727,10
422.328439689444,29
422.33224743049374,14
422.3359976152726,6
422.3386592700571,24
422.3429163712229,4
422.3492461961748,1
422.35998684202076,15
422.37545582036205,26
422.3825035293698,12
422.3920123752637,11
422.4204026483343,4
422.4266472199298,13
422.4269245567771,5
422.46395048067683,6
422.4685677457854,1
422.48307586971885,21
422.5074189635194,1
422.51614626505915,1
422.52863993220853,1
422.53659897427707,6
422.5466039931131,18
422.5509177459872,29
422.56906258496946,1
422.57242959805245,1
422.5790509722519,8
422.5812780865518,1
422.591439716694,7
422.5980793295428,20
422.6016242163856,1
422.6036211471203,1
422.6069518894412,21
422.6083617878805,13
422.6120664986415,10
422.6184272100575,19
422.6484466046761,19
422.6492653827967,3
422.65615221671027,26
422.66895050188657,13
422.67008673060496,2
422.6868846466724,21
422.692397170042,1
422.70150211542716,16
422.70969815419005,1
422.7184057851661,24
422.7252282803556,13
422.7376801655975,1
422.75559626140864,1
422.76575141157656,1
422.7712565222562,16
422.77390407916903,3
422.77596340562826,1
422.77988509465376,15
422.7871436879941,1
422.7874061877915,8
422.8023310825622,2
422.8170873737983,3
422.8362644263222,9
422.8439868487363,2
422.84513047478504,2
422.8626925857878,8
422.8638447069973,9
422.8732672995566,6
422.88471603820665,24
422.8928238585235,9
422.9019271100596,2
422.90563657699545,1
422.9301213678601,4
422.9398984289702,3
422.9510307089324,1
422.96626222842565,18
422.9725491263942,1
422.97602957420804,28
422.98432878585896,1
422.9851318628081,3
422.99608366607197,4
422.9995758431328,2
423.021127904306,6
423.03661089608687,27
423.0653673128353,8
423.07351448354376,3
423.0903574436379,27
423.0935283174045,1
423.10052046642073,6
423.122982908006,1
423.1343347340048,2
423.1347149599093,24
423.16738724806066,18
423.17204186922055,10
423.1793337611587,6
423.18443132228043,1
423.18879016750304,2
423.1906725752567,24
423.23759531950526,18
423.2802379296277,5
423.2836093261636,4
423.2909957487355,7
423.29158185452735,17
423.2925468980164,3
423.30755385366086,2
423.3208879360328,3
423.32484253167183,4
423.3453157041799,7
423.3483641848269,2
423.35124836140926,10
423.3547115647525,13
423.364366124854,1
423.3675771224224,1
423.38233575756226,3
423.38600260382924,9
423.40382616656905,10
423.4064771282962,12
423.41834067029737,2
423.42476721930603,9
423.4396109709615,11
423.4406733695481,14
423.4494560979928,2
423.45223237192243,6
423.46252017789675,14
423.4689419642411,9
423.47989272744684,1
423.4962322581348,5
423.51350172194736,2
423.513957466229,5
423.5143036862926,28
423.5195362900221,18
423.5464808335979,17
423.55575984709265,7
423.559908885888,2
423.56658426793473,1
423.56910101196627,1
423.5800451854114,24
423.5970357774841,5
423.59941673203843,2
423.6174953636804,22
423.65174843107695,1
423.65323724644605,26
423.70420464227084,24
423.7117306511909,9
423.71244329844797,25
423.71721403790207,10
423.73897834868444,12
423.7435984220919,1
423.7483125647353,6
423.758129050869,20
423.77806438717926,5
423.7841459862493,10
423.79298754809145,14
423.7984471600695,23
423.80874329242266,2
423.8234215082465,4
423.8259438579831,4
423.8319138417586,28
423.83475898028007,10
423.8369690365525,4
423.83715372409307,2
423.84234662262554,6
423.84911000847256,8
423.86201427902694,19
423.87606099261825,14
423.90684558708574,26
423.908014230486,12
423.9498755315818,2
423.96030879186316,21
423.98056397935216,19
423.9963153772812,2
424.0106314377564,13
424.0170400312592,10
424.0172869426636,3
424.03837144232136,17
424.03952348069765,4
424.0417481926509,17
424.05962207668097,7
424.0885685662538,10
424.0980450393387,7
424.12575596352286,5
424.1385165588925,6
424.14541952268246,3
424.15214377686715,3
424.2272169847283,3
424.2316682371046,23
424.24510469666814,19
424.26847568500125,6
424.298123927282,2
424.3366451526628,4
424.3460345301501,10
424.3534130288821,9
424.36130412172434,3
424.3687120477377,17
424.37541818674504,27
424.3895838019194,6
424.4172092811871,10
424.4215189433965,13
424.43893045691027,2
424.4486543294745,2
424.461372459182,9
424.50538606214496,2
424.5108274723444,12
424.5307275899685,9
424.54512000127215,3
424.5598153347871,2
424.6039033083989,1
424.61436269761026,1
424.6212394212012,9
424.6284990980934,20
424.62886809481313,3
424.6440375949934,5
424.65005402783436,1
424.654660311006,3
424.6550954689015,9
424.6572400510087,20
424.6576058674616,6
424.66278825347763,1
424.66598934859735,1
424.6881151883768,8
424.68853877604977,5
424.68875924164456,3
424.69430157763986,27
424.6943651602162,1
424.7062082909867,11
424.7200673620391,9
424.7461741123285,5
424.7697554463225,18
424.7774045330359,1
424.8104915325619,11
424.8234746789754,24
424.82492662343276,10
424.83714038002654,5
424.84041275157296,1
424.8455349757444,6
424.8506516767994,7
424.8806161548865,1
424.8853229210134,4
424.90166891674096,15
424.9717188694101,1
424.9998795402938,2
425.02563655556884,7
425.040793338087,8
425.05101883018307,5
425.05349206781256,1
425.0541423681807,26
425.0726660253223,5
425.0987000697242,1
425.0997005768261,28
425.10269163363245,19
425.1115482203933,1
425.13284562679695,26
425.14911906510713,5
425.15371417073294,7
425.1888384197824,2
425.19383484637143,1
425.21853873819197,1
425.2621083584954,9
425.27992037403345,5
425.2953963846419,7
425.3297658521998,16
425.3492141373935,1
425.3514380213464,1
425.3519625462015,6
425.37189231984246,2
425.39726125682336,22
425.40560745566046,24
425.45576986663485,12
425.487187651141,1
425.5325378115749,26
425.5558870294593,24
425.55635669024895,1
425.5715389253197,19
425.5760771647581,28
425.5893181525443,4
425.59166970894364,6
425.599257195219,11
425.6181611873011,1
425.6181856838061,1
425.61994575670366,3
425.65772918404554,5
425.6664221106927,1
425.7024379514284,11
425.70485406004286,10
425.7684305565142,6
425.77427931999193,7
425.8456211181317,5
425.85476355545296,27
425.8642308296658,11
425.88911179177364,7
425.8943073615969,2
425.9029960159562,4
425.9475400094932,24
425.95413694227955,14
425.9585042558625,24
425.9795306286293,7
426.0151058385594,3
426.0518398028426,25
426.0725243151974,16
426.0732360251544,1
426.0820316849812,1
426.0900540054534,20
426.236723900642,13
426.2595689536668,17
426.28488751943866,16
426.3430854513667,5
426.35143147255656,28
426.3831973383458,22
426.41954960524527,8
426.47911471774177,4
426.5510195760829,16
426.56646858321403,3
426.5711593806887,4
426.6016268517589,22
426.6937799170166,6
426.79882641760497,13
426.82474104705886,2
426.84525725173467,14
426.89151169683925,18
426.90102529993754,2
426.933259867934,2
426.9691859740477,19
426.97972143303355,2
427.07049520315917,24
427.0807709612014,1
427.0902263189806,2
427.0923074531359,24
427.10919086143764,3
427.1188324614191,3
427.16495339358767,5
427.2053199939061,13
427.21301252512535,2
427.2139775127035,3
427.22615197046105,11
427.24776173872215,8
427.26950380564404,4
427.30160317776824,26
427.3982706429526,1
427.4296298015116,1
427.4540129264321,2
427.47790440153443,8
427.52206458978566,26
427.5251222717089,11
427.5330521202301,2
427.62390846524227,4
427.72430226025995,27
427.8447700798789,18
427.8526333434907,2
427.86075222309086,1
427.86407412687015,2
427.9018987800466,16
427.92454108825575,27
427.9398914525937,1
427.94184088045967,21
427.98790249442015,6
428.0486720882716,1
428.0607747491526,5
428.0882397462104,8
428.104554989106,1
428.1550896162494,2
428.20205440826754,1
428.23645722319316,16
428.24154104837635,15
428.28796205289314,23
428.2944790636148,20
428.3001100497612,1
428.31724497800417,1
428.33059468037453,16
428.3572773036488,3
428.4758417086291,22
428.5137808099957,3
428.55375148182895,2
428.74301774218327,16
428.7733644857579,12
428.77339114058515,1
428.7861184529112,27
428.7992921721541,3
428.8908516779443,1
428.9008182865414,8
428.9195981043262,27
429.00343515744254,9
429.06156957970666,1
429.0680141222802,7
429.106076941264,3
429.1848764423449,4
429.1865912738517,27
429.3339430364544,1
429.40184130482044,5
429.491058682023,3
429.5106607734289,7
429.54976922397975,8
429.5961115931263,2
429.60286827256766,11
429.68284977733424,1
429.70884414473363,3
429.7091819842124,1
429.72553888033394,18
429.7543725230634,19
429.7691136475368,1
429.82264597179045,1
429.86819224829526,1
429.9151372862772,8
429.937189993389,1
429.9394794682356,19
429.9565909251588,20
429.98410236903777,3
429.99330894069124,3
430.02199644756297,2
430.0657139978935,6
430.13168263913406,9
430.1357183067984,3
430.17338261107955,2
430.17388522405525,3
430.1971975402394,8
430.20719949448966,20
430.2630970366172,12
430.3099247016319,28
430.35217549220346,2
430.36582835870206,6
430.3719281283286,2
430.376495591425,26
430.4062759986494,12
430.5564196832836,4
430.6183579172497,21
430.7097018913884,10
430.81990504464375,1
430.8302452542531,1
430.9432508540183,6
430.95940015211846,23
430.96042350955025,1
430.97600992115343,10
431.2086654487455,21
431.22594311117416,11
431.25393185627615,6
431.26671847027245,26
431.2805309336232,2
431.2834468752833,5
431.38713715962683,10
431.42971101479725,1
431.43313057163823,6
431.5622644546712,4
431.577012497588,2
431.63037536374446,5
431.6919084984496,2
431.782438594979,18
431.79306931273146,4
431.8114934104828,10
431.88512293255536,2
431.912320782019,5
431.9797372904794,24
431.9890228244933,17
431.9966243860342,2
432.0223881051318,2
432.0464118831765,2
432.053233210881,1
432.14751558599966,1
432.31523803673497,20
432.365280386038,2
432.49188820337105,12
432.4991219250442,3
432.5044052487078,3
432.5656505838979,1
432.58312710985484,1
432.5863220240002,1
432.68313197537674,15
432.73790680200716,13
432.77680331678,3
432.82573581361936,4
432.85387304687606,27
432.9850371809514,2
433.033618116375,6
433.06097899240575,11
433.1262784197766,11
433.1595086643869,15
433.1606264856263,10
433.1715418317346,2
433.1770947588715,1
433.18267205449075,9
433.2932533150827,16
433.3137981543034,9
433.35874477275996,1
433.38920117641175,1
433.4028298961175,2
433.45229937019707,3
433.4795006504934,16
433.4865221336204,24
433.63091085547086,18
433.63490405868924,15
433.6651706486517,1
433.6725629827872,22
433.77240997482676,20
433.80057377217616,1
433.8499521302951,1
433.86780366669853,15
433.9342922817895,7
434.1222453601795,14
434.1693513896119,3
434.18053735918676,8
434.2039393600238,2
434.28749745389587,14
434.3153571594468,6
434.319352898393,7
434.32616501752864,3
434.38993497749834,19
434.4017011472406,2
434.4194264953547,21
434.4466199887058,3
434.449717155652,3
434.495625768191,3
434.4988016247028,27
434.5731560585999,8
434.5749025636238,21
434.57968954584356,1
434.62874768529997,15
434.62938440969185,3
434.6327005638662,28
434.7686185746648,7
434.7760955737668,5
434.8108684967034,14
434.9204075925912,2
434.9811869059435,3
435.0050259730154,3
435.0329408320332,1
435.03709325513614,2
435.0453968472041,2
435.05694967612766,6
435.08225924911187,23
435.0976016035793,16
435.1310142628301,1
435.23776574352354,2
435.26067630684963,3
435.2839286587511,17
435.2842943378476,29
435.2891294716033,8
435.3497096574024,6
435.35653833857555,2
435.3688347840599,4
435.44065334971265,19
435.46482934555075,29
435.4685293398804,8
435.50487624499715,18
435.5270980938372,5
435.6417579428093,6
435.6659068668314,11
435.7167122335427,1
435.72664001047,2
435.8439217623907,18
435.88352893255575,5
435.8973723749062,1
435.93644070424784,1
436.0716088144551,7
436.09355359670445,1
436.15291009554596,3
436.1748521693329,15
436.18893786991896,14
436.18914381608363,22
436.2516806792151,7
436.2885172409527,4
436.30361561586415,21
436.4335971273461,25
436.45641717705263,22
436.51970380591604,20
436.56140290759413,1
436.64173592625644,3
436.7619829070102,16
436.7824486799841,25
436.8209585917002,4
436.89934197651877,1
436.9155731726619,13
436.937110772812,5
436.9495021927996,15
436.958053947013,12
436.9602068156607,1
436.97663112860937,6
437.0427202582367,13
437.0739382505916,10
437.1187138976237,15
437.16309164780955,3
437.1929999463027,22
437.20233099561545,3
437.3195600446249,2
437.3234858873586,1
437.3600679624778,24
437.4097180614453,3
437.5176592659476,26
437.51796001003254,1
437.5612220104985,12
437.57834363993294,1
437.678285643224,5
437.6825770531311,27
437.7906965496302,3
437.79869246405207,13
437.8723769934456,12
437.98198151746993,2
438.0492467561631,1
438.0917197185102,9
438.1421232130972,26
438.2339611071485,1
438.23547245167146,21
438.2546541598017,27
438.3033160805586,2
438.3309201570835,9
438.3316463040174,11
438.3388483892271,3
438.41322070120714,4
438.4720213400657,6
438.4823210296767,23
438.498612087081,2
438.51618973143695,29
438.56750084587435,2
438.5962620323203,4
438.60374133581905,1
438.6053685672301,1
438.6728320974309,12
438.69076717623057,1
438.7420578375868,2
438.75748079416167,3
438.76537488795583,1
438.78897813571473,2
438.802948069979,12
438.89351736289075,20
438.9163614024537,17
438.9220321161635,1
438.9359706611916,15
438.9731490636453,16
439.1148876235408,3
439.1188438309502,1
439.1339811397368,7
439.1729580042833,1
439.2451099485165,6
439.2670577475773,1
439.2688786567847,29
439.3154034248074,17
439.3284784433955,26
439.35250006724925,7
439.359087949505,7
439.37180426980706,6
439.3793643498538,29
439.4030008750244,14
439.4050350420776,21
439.4344661919063,1
439.447720541324,1
439.4624708545676,1
439.48725604358657,1
439.49834462168315,26
439.49842430005424,7
439.6296514983076,1
439.63596011224337,24
439.6918142770739,7
439.7358744846589,1
439.7376356498247,21
439.789097389912,3
439.8019055856341,17
439.82507560354804,9
439.85446091841555,2
439.86031275894146,1
439.88889740874475,1
439.9247411037737,11
439.92929385529675,7
439.9400999620366,15
439.96098755377164,2
439.9967293127732,1
440.0136249017443,19
440.05351054879696,1
440.06115152758815,7
440.062709317059,1
440.08104577057725,11
440.1054264703967,21
440.1256745087703,22
440.13574843468245,1
440.13654453167334,8
440.14778643504786,8
440.14848134425984,21
440.15623579728236,21
440.1723021182089,25
440.19093960355633,5
440.2212134591869,10
440.23471997099256,1
440.2393656448076,15
440.2471132896616,1
440.25328660264006,11
440.2584108944911,12
440.27812233159125,10
440.2861414287661,5
440.3337744353956,26
440.34850992992205,11
440.4275376158687,7
440.48578714375554,3
440.49309429531115,9
440.5093658594419,21
440.5208452317757,2
440.53185071969455,11
440.53200894680884,18
440.60161902920527,18
440.6202659560184,24
440.65258476413607,7
440.662017261263,27
440.66402157181517,16
440.7452220481652,6
440.7567399423789,3
440.76759355098415,24
440.78181486787764,29
440.7828533543466,24
440.79328308973095,2
440.81759354747413,29
440.82231187292183,2
440.85008040663274,12
440.8513852253795,2
440.85812938375443,11
440.88290677231544,2
440.8951083471169,11
440.9481167178089,2
440.9892580266075,1
440.9956794302528,27
441.0023006378474,15
441.06225815859386,16
441.07552689933067,1
441.0900273037151,9
441.10251825263265,1
441.1080485101508,2
441.11211350724733,1
441.1295796642783,4
441.15228730044527,17
441.16002732585827,4
441.17253429534406,3
441.20978182636156,6
441.2442322338728,9
441.24831000590217,4
441.2541800321065,1
441.2569588463987,14
441.2617866012765,20
441.29352187504225,11
441.2989840382976,9
441.3035213152648,1
441.3413102172322,18
441.41384906949514,12
441.438241991765,20
441.4631632064156,15
441.55126380975616,9
441.5584741387184,27
441.5653042131327,8
441.60356398317845,23
441.62865391762057,8
441.63324463810034,15
441.64404404184637,12
441.6518616381293,27
441.6603132612588,1
441.66223992323245,1
441.6643135594961,11
441.6767644920907,9
441.67897629725206,1
441.6938352384439,14
441.70226253804697,1
441.7025372821273,13
441.79162379285646,11
441.8016318825312,19
441.8175494991555,3
441.84706710270734,10
441.857821278391,25
441.85900659861767,4
441.8680116615549,1
441.90570530594306,11
441.90633718443075,15
441.9140059613949,10
441.9151248535612,2
441.9227520525577,2
441.9439281114907,17
441.95353656174245,13
441.9922336343978,8
442.0009721751218,21
442.0131140929392,24
442.0358446808494,1
442.05303175392555,17
442.0672155723208,21
442.0845414843586,6
442.11108458936565,1
442.12196359319057,5
442.1306426190427,22
442.16405836342255,1
442.18026981329695,12
442.1854767909386,2
442.1857814745416,1
442.20788963757917,1
442.20929218416495,25
442.2180573357627,28
442.2361898263185,5
442.25026833627993,4
442.2796716675217,5
442.2839796052617,23
442.30078386942773,5
442.3051974384744,28
442.32797688129506,16
442.3284556838159,4
442.33447223198766,4
442.34035244352714,24
442.35437248868874,18
442.36106974168933,3
442.37409854037423,11
442.38284334082437,4
442.38307804582337,4
442.43155214523046,3
442.4415026111002,2
442.44432249473226,2
442.4493542712581,3
442.45077646426313,1
442.45992008112324,1
442.4603636610306,2
442.46340634746593,5
442.4709817856988,2
442.4748173623816,6
442.4923224600907,3
442.4932577467805,28
442.5285689440676,1
442.5314209968495,6
442.53806126212703,7
442.5431777699428,1
442.54573733863015,24
442.5539211611747,28
442.55535518476285,5
442.56715909643106,19
442.5705223318209,8
442.57641086609095,1
442.58205990396505,4
442.5907760759474,8
442.5916506184671,2
442.59174620348216,1
442.6063825578065,8
442.61639133631456,1
442.6451238417147,8
442.65029504983363,9
442.65602679360563,1
442.6609807658821,14
442.6618727744417,19
442.66448011902423,1
442.67747166545786,3
442.6796167647641,9
442.68823302751827,1
442.7040638718546,4
442.70679829334915,7
442.70872675842526,3
442.71491418178204,3
442.7218340614997,2
442.7258297208168,5
442.73321685381853,1
442.7352919390887,7
442.73684501760005,5
442.7372605211319,4
442.739680768378,7
442.74347280870813,5
442.75567836853503,1
442.75628438487007,4
442.75855613355384,3
442.758991254601,1
442.7796418733414,7
442.80767866940937,18
442.82598944562073,1
442.84473892175464,1
442.8462784143943,3
442.84738599989134,2
442.8640383014399,11
442.86666382494167,3
442.8676195424022,19
442.87090181773664,1
442.87767295478073,1
442.88741073195325,3
442.91214968801535,26
442.92360583493223,6
442.93023367181206,4
442.9313962180565,1
442.949233466598,11
442.97245364493153,7
442.97752873219287,26
442.9790430806058,2
442.9813197490841,23
442.98582955946165,6
442.9900806992715,13
442.991720225275,5
442.99933971465,22
443.02659675443584,24
443.0365600083733,18
443.04424721682614,6
443.0491114060888,29
443.04994905681116,2
443.05162057223527,3
443.0532639477335,9
443.05641524518734,1
443.1084844683907,1
443.1223347293738,10
443.1225186631632,1
443.14148665719756,3
443.1453186957343,23
443.1470127782527,5
443.1499015604692,7
443.1705303673056,24
443.1952424680006,8
443.2008981919094,29
443.2032884805006,16
443.20626630679027,3
443.2096927077514,7
443.2106934675314,2
443.21818297504683,2
443.2196480722781,6
443.22228502202046,1
443.2267314733964,16
443.23373178528743,27
443.24151198957566,18
443.2424629368711,6
443.24887948681317,6
443.25554377103276,3
443.25912446320496,1
443.26821487809497,13
443.2762945614047,2
443.2802982786685,1
443.28247897762657,1
443.2833329271386,2
443.28350878286926,29
443.2868322006439,13
443.3303351489379,2
443.33221116856424,1
443.3383444209263,4
443.34469443852805,18
443.34824720478656,29
443.36418418577944,21
443.36646676025566,8
443.3734454023494,25
443.39392728377663,4
443.405642547546,6
443.40949965636395,18
443.41811194906956,3
443.4277859192598,1
443.43266284769896,1
443.4559167838167,20
443.46372403499674,16
443.4686390414364,1
443.4832912163748,3
443.4880675688655,4
443.49862456612044,8
443.5057027599023,4
443.50717547128727,1
443.50743481498233,8
443.5138829227643,14
443.5153024502248,24
443.5194933903401,1
443.5238962048954,4
443.53662912257016,4
443.54415423201164,1
443.5481000264397,1
443.5518371155219,22
443.55809454495727,1
443.5723133508179,5
443.5914022440711,14
443.5932985610194,2
443.59678884759995,1
443.5983634984184,1
443.604331015658,5
443.6181113831095,1
443.62340962447774,6
443.63863929939487,15
443.643820366193,3
443.64440095745374,5
443.6520634952034,3
443.6538545207299,1
443.657043786251,3
443.7001456807629,18
443.70219480279945,5
443.7070732448289,8
443.7141751696014,1
443.7221403045073,2
443.7373761772454,1
443.7404589842189,8
443.7534478611051,5
443.7659933804811,1
443.77543394923885,6
443.77863034656485,2
443.7818705931855,14
443.8000299689575,15
443.80380046911364,1
443.8125938035383,2
443.8168531652953,2
443.8190410478169,2
443.84444215660835,19
443.85036961870867,1
443.85251456076423,6
443.8720556943185,1
443.89211637062607,4
443.91419080794697,11
443.9156922341922,1
443.9298660595951,12
443.9686119607714,6
443.97205856276963,4
443.97351676443924,6
443.9757318250152,11
443.9892678836055,1
443.9943575586469,2
444.0223594741322,10
444.0252528783673,28
444.03833673956797,23
444.069263850012,11
444.07434475783737,8
444.07596580952986,2
444.0761205778623,1
444.0761430954598,4
444.0818680235699,18
444.0859662622159,25
444.095959813445,2
444.10120100821416,11
444.10236497324127,1
444.1187591986467,21
444.1205649250117,1
444.1272102228769,6
444.13636889318605,4
444.1366232140614,7
444.15028863449584,24
444.15323675482637,2
444.15565268252243,22
444.1595495751486,6
444.16585435696334,28
444.1760554024357,1
444.18966655220044,14
444.20349083921695,3
444.20584851731564,2
444.2168757515201,12
444.21895486313605,1
444.23788465541355,9
444.2431455873811,14
444.2531964475306,11
444.30285844268025,29
444.31149658522526,1
444.31205522023095,3
444.3193971059711,3
444.32030503451034,21
444.33032169031065,7
444.3312064633436,11
444.33434237538887,1
444.34146330807147,1
444.36480898712216,2
444.3704851264437,19
444.37736582084256,4
444.39903202982106,2
444.4139789443168,19
444.4140355780424,1
444.4151742322005,4
444.41908413001914,19
444.41980385115437,4
444.4348765958533,2
444.44090897438406,15
444.4473302106819,27
444.46854503234715,29
444.47353715389045,1
444.4766735758749,1
444.4897718391706,24
444.4902556931631,15
444.5043485229403,15
444.5053218956883,23
444.5220169189814,12
444.5290723515781,12
444.54199401917214,7
444.5513619417991,29
444.5572362642386,1
444.5609455496867,2
444.5739927857872,12
444.58085044301697,9
444.581758523441,13
444.6077518175022,27
444.60993218906043,5
444.6132449398634,29
444.61947134201506,12
444.62011623227227,1
444.62417573199497,8
444.6488813241439,27
444.6615539011014,15
444.66404355284743,5
444.68001019275,27
444.68770169518774,5
444.70471010497585,16
444.71462588985077,8
444.71484959556386,25
444.7527140520917,1
444.7689774573097,27
444.8156641898769,2
444.82426085782,20
444.83452042179636,23
444.8356110282253,1
444.85875420098466,25
444.87989478463095,3
444.8802475765419,3
444.88453567892424,3
444.8976063535587,23
444.926446999418,3
444.9752526867226,7
444.98182791122986,4
444.9898425534499,1
444.99152335236914,22
444.9925646706017,1
444.99561207204016,1
445.0046624128161,9
445.0053357441256,4
445.0136338176283,5
445.014026844985,7
445.01933662522333,2
445.0317637856017,16
445.03703230183936,22
445.0608130589543,6
445.06686180461406,20
445.07388049463987,3
445.09096600723115,2
445.092626032235,2
445.09707563034056,2
445.125214909528,22
445.1270876959334,2
445.12793511626626,8
445.13335304653685,6
445.1370747831728,8
445.13915363858524,19
445.14406785023004,22
445.1491105689893,8
445.1546180282066,1
445.1558526194685,2
445.1705235612269,1
445.1813807686049,29
445.19762457302124,6
445.20203724460225,22
445.2075533650855,10
445.207647606468,2
445.21762159845684,2
445.22217481218524,17
445.22476506727094,8
445.2254117003161,2
445.2288771997498,22
445.2355428267778,16
445.244653709679,12
445.2533504583576,24
445.2587204311789,8
445.26533299653596,7
445.27295072220676,2
445.2765615001319,13
445.2772904565828,4
445.2805359041986,8
445.30454058923164,16
445.30551384852254,7
445.3083341429847,2
445.31513509082714,13
445.31630900625237,1
445.31857355178965,29
445.32165113431466,20
445.32656154041604,11
445.33417164622244,2
445.3357969579875,21
445.34262625527896,6
445.343045678436,5
445.34354668763433,20
445.35303162840046,1
445.3661104605957,5
445.3678582307417,3
445.4276560977363,5
445.433042114479,15
445.4338550866892,12
445.43667487986426,9
445.44290462767833,22
445.44344127124197,3
445.44614506646536,16
445.4568749992438,3
445.464398298434,2
445.5013606986899,1
445.5302706575815,1
445.5350868363592,2
445.5351087596753,28
445.5360006530479,1
445.55001857700216,2
445.5524972017457,4
445.56335921846704,6
445.5808429802804,8
445.5912625967356,2
445.60126489211905,1
445.60586796979817,5
445.61459930636806,2
445.6287099244246,1
445.6343845999646,8
445.6437990952591,15
445.6624551603202,27
445.6910974212115,2
445.70582408730223,5
445.7082939340386,4
445.7591685556945,25
445.76139869114667,12
445.7662990753492,19
445.78190459159487,2
445.7992550740943,11
445.8175280552712,11
445.8227640795609,3
445.84112375397734,3
445.8446951875191,1
445.85283674570024,1
445.8681889389044,2
445.8696415429475,2
445.8784101411748,3
445.8830945808747,19
445.9104943957318,8
445.93009060543517,15
445.9507831930395,1
445.9823491389731,1
445.98265087520355,9
446.01004602705314,6
446.01581701032313,24
446.0342222311107,15
446.0478638827734,3
446.0627675786959,21
446.06935640032236,11
446.08551094515366,1
446.08621969724373,8
446.08768765562695,25
446.09576486454364,3
446.10824823297037,19
446.1101044942493,11
446.11659275345806,8
446.1277750994398,1
446.1289765460699,3
446.1339789238197,10
446.14582907725577,20
446.18261888095645,6
446.1899310978061,1
446.2018898571423,6
446.29933377435333,3
446.3254291343315,8
446.36267922808116,8
446.3638734753827,16
446.3738421060092,5
446.37438418765277,29
446.40247118981114,20
446.4048111324989,19
446.40655345410096,26
446.4101326767105,16
446.4232461109285,2
446.42887479156974,11
446.4318411199829,14
446.4568645613876,16
446.47686709532144,14
446.51999822252486,16
446.52264639034274,29
446.52700974901944,3
446.5323194074894,14
446.5353931745461,1
446.5474786101411,3
446.5820720401179,1
446.58603977892886,4
446.5892419098177,2
446.59447679394873,3
446.5949491269435,5
446.6120574407379,3
446.6159698748498,1
446.6251812756471,10
446.62928884729644,1
446.6812684028528,1
446.6833966160062,1
446.6902223542937,24
446.69770899120203,3
446.6978432965407,1
446.714365250628,10
446.7152999837634,1
446.71541579261907,1
446.73415643437477,14
446.74278800661716,1
446.74601118827155,19
446.7482589125655,2
446.76250315079835,12
446.777198404647,4
446.8483939660666,5
446.8720858708924,1
446.899187938054,1
446.9003348971724,17
446.9229846898173,8
446.9273533660695,1
446.9331398767345,1
446.93345747107287,2
446.9442832690792,25
446.9461529473399,11
446.9477092479364,8
446.97474103046653,2
446.9769044727537,6
446.9872208009304,7
446.9961402812932,1
447.0324709199217,2
447.04991932228876,1
447.0556493877715,17
447.06288091767743,2
447.0641569098979,7
447.06988881337,15
447.0712368711222,18
447.09024161283594,6
447.10105373107365,10
447.1048162202154,27
447.1120849612556,23
447.15475698640364,3
447.16032300230864,13
447.18422318062284,6
447.1994938704352,18
447.2036144493368,5
447.2145042282708,4
447.23976816979973,5
447.2531927928638,1
447.2645840396432,7
447.27243949564377,19
447.28107457228464,21
447.2858234899768,4
447.292411641278,1
447.30755210320757,15
447.31041094680694,27
447.31056982124045,22
447.3132785402084,8
447.32257533554497,3
447.3237032208614,7
447.32588365256055,12
447.3361584620681,27
447.36325071045445,2
447.37141207325794,19
447.3766646851228,9
447.37870721431074,2
447.37887792052345,5
447.39047754982886,11
447.39931232941603,2
447.40278933239057,7
447.4178003517531,9
447.4179920804761,9
447.4324712127803,14
447.4335421614416,2
447.44320256086235,8
447.45394289688784,14
447.4871256928764,1
447.49187240851415,19
447.5172306889962,1
447.51978957275963,2
447.536316378738,1
447.553395798944,2
447.56813518690933,3
447.57217944964106,17
447.58202846589995,3
447.5912988657983,1
447.62026637600786,16
447.6418257334863,2
447.64579328285635,3
447.67399397070227,1
447.68516080123163,3
447.7154404743314,10
447.7211961599743,3
447.7360910392627,7
447.7382240900319,20
447.75176470077815,10
447.76092793633296,22
447.76170296734404,10
447.7671942602926,23
447.7810666986785,10
447.8041932738658,24
447.82116804150354,9
447.8445736849869,1
447.85968563088744,3
447.868638571039,11
447.87662282281127,1
447.87890617472,24
447.88605808118746,4
447.8915645891455,12
447.9295051441402,1
447.9351650692877,10
447.9489269518957,2
447.9583888348217,2
447.95880427601105,16
447.96756604773515,4
447.99517828090035,1
448.01812915678033,13
448.0907765746166,23
448.10991466619095,1
448.11599120556656,6
448.17997477852424,17
448.2029307556584,7
448.2105125683846,2
448.2221444913576,7
448.2240234449495,1
448.2259456942469,2
448.2323272284116,20
448.250785309017,4
448.26379919500613,1
448.34994155900773,2
448.35551130945834,2
448.362276663125,2
448.3669967221976,4
448.37784431717995,4
448.39356931588975,1
448.40473980969773,5
448.4304736896585,1
448.4330620567021,12
448.45788474352446,3
448.46892760105374,10
448.47859505990067,7
448.51176950305097,1
448.51688178180547,1
448.51992869648393,1
448.5365255627584,12
448.5469348734054,11
448.55278450613235,5
448.56660989256557,12
448.6028517753828,17
448.61001887566,16
448.63151645881055,4
448.6480118051457,11
448.65493316770204,1
448.67209931127434,4
448.69989641958085,6
448.71610992225516,14
448.72807658153204,2
448.74420397157525,19
448.7454697858056,1
448.7809595216375,2
448.78707469908994,6
448.8328940415387,1
448.8367108517325,13
448.8400560851285,4
448.87657032073383,8
448.8790246668728,1
448.88298007751166,20
448.91948948597445,5
448.9824533512753,15
448.98839785802494,4
448.99180003060684,2
448.99656746768164,13
449.04840168139253,1
449.0508788676983,17
449.08282934784086,2
449.10212548686206,9
449.1135212658151,1
449.16045151209556,1
449.173186880956,1
449.18352108382845,18
449.18746098335015,4
449.19265162214197,20
449.20190821693933,1
449.2269998155953,7
449.228233606599,2
449.23815163982215,1
449.2661524218227,1
449.3314417742705,20
449.3337148199744,6
449.34045507707793,13
449.34486059171496,1
449.352870599124,25
449.3909628202381,17
449.4085387655665,2
449.41089948701483,26
449.4180957585133,1
449.4312432012014,1
449.44002145290676,2
449.4401644398915,3
449.45130880654597,1
449.4519215076999,12
449.46665927639367,13
449.4762262962785,1
449.4795220256705,3
449.5133446631662,25
449.5238668957765,1
449.5341414161839,25
449.5342066143186,11
449.53447178082166,5
449.54174352405136,4
449.5565395094824,24
449.5844003067378,17
449.58609877696364,1
449.58868798495126,6
449.64735739995814,5
449.65049950988873,2
449.66652018765876,9
449.6783994074948,1
449.71719066911436,1
449.72181215711987,25
449.72377239469364,14
449.77656790009905,19
449.79650264068954,1
449.7976707116923,1
449.80507484308794,5
449.83979671202616,2
449.853476896485,21
449.8739360215253,9
449.88178451237815,16
449.88971363272304,3
449.9023925764009,1
449.913134133964,26
449.95284188895374,21
449.9657321889351,11
449.9707107953475,2
449.98270301842075,22
449.9834848701842,18
450.01527316109446,14
450.0326977522764,4
450.0589345984198,29
450.1149063165288,15
450.1849200262975,22
450.227321411101,19
450.25987879648295,1
450.28103073917686,24
450.32665789465426,16
450.33977932697735,25
450.34984756305977,8
450.3861103170197,17
450.4340620017193,22
450.5051462936002,24
450.5068891472748,18
450.511112636596,3
450.6051965007119,3
450.60547838901664,15
450.6212281924901,2
450.62282238628427,1
450.6962142890524,3
450.7432357686542,1
450.7793375405224,3
450.79060740574005,20
450.8090921405874,1
450.8368655215017,1
450.8912939084577,2
450.983500510554,1
451.00641960223015,6
451.0347465573305,1
451.05294325576796,17
451.1258646892309,1
451.16079261883436,12
451.19050278063224,24
451.19596157916544,10
451.2077318678112,10
451.2405684134831,3
451.3151455281243,8
451.36438366077044,4
451.3672179173283,3
451.43243995945386,10
451.45620732537276,9
451.480486633443,1
451.5586869339915,4
451.5844053913091,24
451.5972879474503,1
451.59758961742523,2
451.64619123312684,18
451.6936654040668,2
451.70458221320513,4
451.71042175380774,2
451.71873043169114,15
451.794369836428,21
451.79443914452276,10
451.7975212587391,1
451.8036901796172,5
451.85728653853295,4
451.89182320532103,14
451.8944600344932,21
451.9595787938286,4
451.9611939210178,9
451.99231192157237,12
452.0253728097331,4
452.1562502964461,12
452.18790259627684,4
452.2229357866201,10
452.26125009178406,2
452.29581078822645,12
452.32361261369425,20
452.4088773911936,12
452.46421607421286,5
452.4708750541693,17
452.47558446665937,15
452.48936397885024,22
452.55695296889496,8
452.61350174799145,3
452.6504595175591,5
452.6583796374981,1
452.6640753336195,1
452.7746844940276,1
452.82751688945154,3
452.98013119127,4
453.00229731445233,2
453.0731483900725,10
453.1478398499898,1
453.15834811890284,1
453.2213891319959,22
453.231879425921,9
453.2377845717531,10
453.2878528195557,21
453.30404883758683,6
453.3667456926842,8
453.40637280343276,22
453.5323516643255,2
453.5439811523371,10
453.7167562676599,26
453.72857255157317,1
453.77452989385876,5
453.7924946877569,3
453.8711970248485,24
453.88761449726775,7
453.8912521427899,1
453.9222590638304,4
453.9263245107616,5
453.9327019443437,9
453.96149698494173,7
454.01363807054355,1
454.0348688009903,4
454.0475243273824,2
454.16236253658894,13
454.18624171852446,27
454.24099135055616,1
454.2505091642553,1
454.2679980871271,7
454.2752923220172,12
454.37835421890566,1
454.3849492637666,6
454.49451986494535,13
454.6112929875544,20
454.8397675733871,14
454.8643167657943,2
454.8935867301812,1
454.9062655413078,1
454.92955263450966,6
454.9385594664283,8
455.0802052575097,2
455.1044568635571,10
455.11453233192157,4
455.20170565570265,12
455.2387476247696,3
455.24153078864975,8
455.30216181904416,1
455.35569385979426,11
455.3683029144353,17
455.3830080213899,2
455.38439913836993,24
455.3997431617718,21
455.4736723784942,18
455.5006787904516,4
455.59003768231054,17
455.8320237708344,27
455.9209122856728,15
456.01487459221886,4
456.14925647135425,2
456.2206088116545,16
456.2821597626712,19
456.34093183065215,7
456.36578387967097,1
456.36628354743726,4
456.41442832925725,2
456.45290619396985,3
456.46589383415085,9
456.52454910106684,15
456.5279029101122,11
456.5420740802563,29
456.54819625189856,14
456.55209004833387,1
456.5883277633536,9
456.58959063397526,17
456.6105228876221,12
456.6124749835715,2
456.6619613235672,23
456.66570528612186,1
456.682283264712,2
456.73537522314854,1
456.7653025401511,5
456.9950948994796,2
457.3189437919286,3
457.34120191905737,3
457.45350423750955,1
457.4792265911646,1
457.6205860844561,7
457.68723268522643,1
457.690088641304,14
457.8136441861314,5
457.8656277595434,1
457.8778185150597,9
457.9287240024898,3
457.9865029197139,1
458.17933759283477,23
458.18299433648355,3
458.2289180179959,5
458.2919395962295,10
458.2928736744107,1
458.3050606377786,1
458.3162206853431,1
458.3444724856959,7
458.438129465486,11
458.4531719324667,9
458.5238625781889,1
458.53362800645147,2
458.6184009122429,10
458.61927125258717,29
458.6263890789311,11
458.71378436611474,18
458.75375960306945,16
458.7807975253475,1
458.8249354332974,20
458.950654418745,13
459.07924447914496,2
459.10130669027694,1
459.1095359563867,7
459.1198651849224,1
459.16753613019904,7
459.18308838812914,12
459.20028877710763,12
459.38399658577845,5
459.38646340049644,7
459.44610434247056,1
459.5677936659462,2
459.5815273789686,6
459.63970090608774,12
459.6456056236678,6
459.65893489798316,3
459.8788117376656,6
459.8854281041726,8
459.89982191629764,12
459.92415787846295,2
460.0190349901761,26
460.08489707511274,1
460.10267768575454,6
460.1681462245001,2
460.21366198231743,8
460.2357644748485,13
460.24273167811367,21
460.2865196702073,8
460.3177038277462,2
460.3535466322765,11
460.4060838998983,15
460.47324411134167,13
460.5103754140183,24
460.5167493676784,27
460.53336577193693,1
460.5519929677038,16
460.63016733006594,1
460.6854893262774,8
460.7608065169323,23
460.78324946294606,1
460.8218762985364,1
460.84757504186274,22
460.8829573079087,16
460.89438572137317,1
460.9502925715272,8
460.9508926948833,7
461.00468110287954,9
461.062243671138,1
461.09831272954807,13
461.1014574874835,1
461.15021854208317,8
461.1765298141373,1
461.2085130506664,5
461.24536318138763,7
461.27605992920843,3
461.3237713276944,4
461.3391734284078,5
461.38641947630816,28
461.3927857024286,5
461.41497969122884,11
461.4187445300589,6
461.46245540277346,1
461.49607859989726,1
461.5108466404617,7
461.52658235330773,8
461.5453172736663,3
461.5675963101793,2
461.57253184272764,1
461.57966990339867,18
461.61879018260424,10
461.6591369879998,12
461.67072215526593,1
461.69992778025784,1
461.7744958238488,6
461.7961401197106,23
461.85217443783984,8
461.9382258434885,12
461.9726255200886,6
461.9754171549704,5
462.0441032182931,2
462.0462533621365,2
462.06297772080296,3
462.0777827157117,1
462.08917503231373,12
462.1526355843992,9
462.1812811030639,2
462.1960321815685,24
462.2465518316363,1
462.24671476840524,2
462.2792214359279,11
462.3490792397466,4
462.3621603967208,1
462.395528955002,1
462.45629984187156,1
462.5644528000441,2
462.6017839809248,5
462.6028997464097,1
462.63014585761374,3
462.6461142204798,6
462.6648684574086,1
462.7065744493491,4
462.70890003338997,19
462.76772964845685,22
462.78962695063603,3
462.83312414439484,1
462.8417191107536,2
462.8511635592417,8
462.87681619947654,2
462.90072787037343,5
462.94170298153784,29
462.958287239085,4
462.96686487671747,21
462.9960082146966,8
462.9994927660154,23
463.03361217148375,2
463.04765628218144,2
463.07651613049705,22
463.0888174953055,1
463.11140724991844,9
463.1214953945333,11
463.1380316266448,6
463.1740142522919,2
463.2823079872339,1
463.3426323015866,3
463.35014935107466,3
463.3550850819906,1
463.36847530348166,1
463.3717644490703,6
463.3729093745413,25
463.382713385385,24
463.38532635674676,3
463.3875067579728,2
463.4107548255707,1
463.4528059270262,1
463.5253678389031,5
463.5318570223176,26
463.5650025685484,14
463.5780540481357,8
463.6083291612192,1
463.63555525755334,1
463.6490023531632,5
463.6844888270022,18
463.73180667811863,1
463.77700278640964,1
463.7833069974483,2
463.8747157319422,2
463.8848453334533,2
463.8857429735428,4
463.8880273937268,1
463.9632756830945,12
463.98940336234716,17
464.00250616233313,27
464.0542465139884,21
464.05648375029574,4
464.061954540823,11
464.0710391740015,1
464.09053675782485,5
464.12310384239123,27
464.12315101099017,6
464.1345023207076,1
464.13601259122356,20
464.2428000311769,8
464.24577161228945,7
464.25566833114743,1
464.26884390554153,1
464.2766776569647,23
464.29053641181207,20
464.40197004333044,28
464.4602763481063,13
464.46058350040556,20
464.46695578677594,4
464.500514791244,2
464.51324103028907,28
464.5199918093085,2
464.5634572919994,1
464.56978603306663,20
464.65801384828023,7
464.70393557084356,14
464.72655841072503,25
464.73090893033225,1
464.74517824884396,9
464.75480530003955,12
464.7630707679177,15
464.80361494928974,6
464.822998471216,25
464.82851131712357,3
464.8398935926813,23
464.8907805547097,18
464.8939239951877,28
464.91643475445875,13
464.92793258816704,1
464.94138537208914,1
464.942266475214,2
464.9487274617045,18
464.9726718086644,27
464.99570190011815,25
465.00247603421144,6
465.0197537062553,12
465.0397621119098,14
465.043175443789,29
465.06653094096646,11
465.1102955310499,25
465.13257449404614,6
465.1934356426632,15
465.22436931999306,18
465.2264406575082,8
465.23156072427594,3
465.24066928757543,20
465.2471678389544,6
465.27278856057706,28
465.2917950355905,7
465.3005866531292,8
465.3137977263298,3
465.36131153335987,3
465.43485379082136,2
465.43680851327423,10
465.4462228215818,4
465.45853119708784,19
465.47247444489415,13
465.5032428859949,8
465.55431976997386,2
465.55444764117624,3
465.56016647641377,23
465.5733386356049,2
465.60353790867316,10
465.6156328128245,1
465.6878480686427,29
465.6980060369084,3
465.75952504268867,8
465.7595253124648,2
465.7920367262761,25
465.79832487385886,9
465.80480775511876,3
465.82530630787915,5
465.8322368810073,1
465.8609902322066,11
465.87684158670373,25
465.88977147208624,10
465.90433939630407,3
465.918788493323,1
465.9389474046536,1
465.9742270195367,9
465.9902203907471,1
465.993857714061,2
465.99618640021,20
466.02948431379286,2
466.0301662674364,2
466.05291203546733,9
466.10970219486717,14
466.11273651536044,1
466.11825071977114,11
466.1212584101624,9
466.1254537474329,5
466.1278006355094,4
466.13512153355265,5
466.1373682267467,27
466.1493912513186,11
466.16523620258766,2
466.1670230122783,1
466.1678558630839,2
466.17078298425815,2
466.17321986877596,1
466.17684479252335,12
466.1801423478314,1
466.1828735335158,6
466.1835830901322,2
466.2022581405743,7
466.2028723361253,8
466.2134893533155,20
466.2346684796234,3
466.23526185140094,26
466.2464334183608,1
466.2628290725736,15
466.26610912181934,7
466.2724947684469,20
466.2818903440747,20
466.28297994174835,5
466.30285296225486,10
466.3126787465271,1
466.3147731606478,23
466.31498107191635,1
466.31920305679984,1
466.3254398975238,6
466.32632557199634,10
466.3333916644652,10
466.3420091913058,5
466.3529543756117,3
466.3631724740846,4
466.36893206956375,2
466.37287830217,6
466.3736857276207,3
466.3813004279088,7
466.4180550593741,3
466.43966068886044,2
466.44793617247166,21
466.48391674645137,2
466.4901319679242,17
466.492586808227,10
466.49328463107736,1
466.5032413761319,12
466.5151179774969,6
466.5193047543173,2
466.5366755253186,9
466.5438547519527,1
466.5490112617518,7
466.60950265813545,13
466.61344703388016,2
466.62276916286476,1
466.6428878130526,5
466.65180596700696,18
466.6554729045596,7
466.6656930558426,4
466.6793162865543,3
466.7065637801594,25
466.71377266864323,1
466.71459890104126,27
466.763565231317,6
466.7775473829247,2
466.7842150393955,5
466.7895707401818,25
466.7899178076576,5
466.7956168409978,6
466.8059590846625,3
466.824608354057,8
466.8295692991647,4
466.8317003547145,4
466.8425992762935,9
466.86487537238844,6
466.8664407887659,3
466.8800079553765,21
466.889661198335,1
466.9026293808839,10
466.9037447233005,8
466.9062893332858,8
466.920966926659,10
466.92597655668214,13
466.92742234477987,6
466.93855626279156,10
466.9416009850988,6
466.9564764611007,23
466.95704382076894,8
466.97062067087694,26
466.97595462908384,7
466.98980669676087,2
466.99962796930083,2
467.0016465154618,14
467.00486113711827,8
467.00625899373824,6
467.0201830110182,3
467.0246745099269,3
467.031332993652,14
467.0365204850951,14
467.0456084618298,17
467.0571340680458,29
467.0592122280463,13
467.06516945449033,3
467.07561043157796,29
467.0833035343421,4
467.0855595702577,1
467.0868176027529,1
467.09830668620293,10
467.11859210039586,3
467.1239316551575,24
467.12517082952945,3
467.13660711940986,1
467.13728194064805,1
467.14089585097565,13
467.15504373948227,21
467.16135908021727,5
467.16318362464693,1
467.174535303069,8
467.1788006534415,5
467.1829795402011,4
467.1915438127132,21
467.1925677371702,7
467.1939397871148,22
467.19569429765863,3
467.21210760754553,7
467.2283288345153,9
467.22990774853736,1
467.2402768634113,1
467.24371545964675,3
467.2471795922436,3
467.25623638910014,1
467.25825586646636,18
467.2617062991349,4
467.26633971445625,14
467.27209612887174,1
467.27804077440476,2
467.28014141194075,1
467.28658310565476,9
467.2896123557984,4
467.2935892802046,4
467.3047558091085,27
467.3399166751391,26
467.3544819333105,14
467.3565549514841,13
467.3600658096527,2
467.36430073835476,2
467.39313877116734,11
467.4059702653341,26
467.40923347527547,1
467.4147647680636,27
467.4376817324689,19
467.4495601720275,4
467.4503365981523,8
467.4539532979402,7
467.45577670988064,1
467.46533963399537,1
467.4666104659432,19
467.479483813118,2
467.4830984106698,1
467.49663359358055,14
467.5016400705933,7
467.5093021490118,1
467.5108408424905,1
467.5186857645163,3
467.53694009198944,2
467.54177434968454,14
467.5605450384817,5
467.5697639848002,4
467.5776501467385,3
467.58326224278204,3
467.58799741651893,1
467.5887210427793,2
467.590433698839,9
467.61023325567663,3
467.63865853999425,3
467.6432505194042,8
467.65461954082986,8
467.66132491632874,15
467.66916228102747,26
467.67901148220284,4
467.70540116013245,1
467.7057257063272,1
467.70689865113496,1
467.71106853469524,15
467.7198161353404,6
467.721697425744,18
467.72266763041745,4
467.7361691986289,2
467.75769592505293,7
467.772681670417,1
467.77624376661043,20
467.777917663454,2
467.78623435533945,4
467.79233415474937,1
467.79335030407054,5
467.814574933091,26
467.81856959595405,3
467.8231018562787,8
467.82593951907893,1
467.8332145004117,16
467.84266126783774,20
467.85117713555513,26
467.8540557671875,12
467.85595232009746,1
467.8578112483079,15
467.8587151996222,2
467.8589746061386,14
467.8602052299371,2
467.8664340649183,14
467.87878073040355,2
467.8853651944102,15
467.89321457777015,1
467.9173241799542,2
467.920085354007,10
467.92896921195717,2
467.93102360358836,14
467.9544421307427,18
467.97864157317935,1
467.9832137677325,3
467.9920408768099,10
467.99696624128984,25
468.0018988334039,2
468.0025330400367,21
468.01085613310306,7
468.03308146227477,3
468.0333941221357,6
468.0557174117379,2
468.0672466596128,8
468.0674718139481,21
468.08349000088674,19
468.1246792509761,9
468.13186112918083,1
468.1473233361339,7
468.1742743419672,15
468.20131073875575,1
468.2027821711271,2
468.2066681839468,9
468.2118204094717,1
468.2169300224533,28
468.21744728276303,19
468.22237811528976,17
468.2230625099292,11
468.22475891687213,23
468.2344165435953,1
468.2378615922655,3
468.25567593364224,6
468.25803505955713,17
468.25944335651434,4
468.262584350452,5
468.26547908719357,15
468.26980824755805,1
468.29215352619093,24
468.3076170879326,29
468.3179728015854,18
468.32161546032785,3
468.3316146174692,15
468.3425072912756,2
468.3488731304608,13
468.3505798866343,7
468.361700786594,1
468.3679219427315,20
468.37293631658457,11
468.39018633429737,22
468.4432920781703,4
468.44469868093313,7
468.4459670258735,15
468.4515925150285,21
468.45311100575157,14
468.4606592311098,1
468.4610736900618,19
468.46977301678095,12
468.48835036007443,2
468.49036463693295,1
468.5095078536331,14
468.51992076767596,4
468.5267770151292,25
468.53199750019627,20
468.54977881999866,1
468.55447805028183,1
468.60974980321345,2
468.6162949317133,3
468.62275246899975,27
468.64328212510253,20
468.64805612124314,11
468.6487146167139,28
468.6529911250486,1
468.6538385009156,14
468.66471859967356,2
468.6704872623709,3
468.67384646721626,19
468.67615942959947,4
468.67676925863407,1
468.6892465375234,21
468.6892812983851,1
468.70039277082356,6
468.72084601148737,21
468.7304431827243,4
468.7498079015374,2
468.752278271344,24
468.7654984958134,1
468.7661815873492,6
468.78195605728024,2
468.78641382755325,3
468.78831805240105,28
468.82077209161343,27
468.8244549059327,19
468.8277155227142,18
468.82989532498397,2
468.8338896989082,2
468.8588762306116,28
468.9029581383103,1
468.9040152782776,8
468.92283882155846,1
468.92788249126835,4
468.9357652199426,9
468.9418592955209,26
468.9512822894252,3
468.9611081797789,5
468.96480303707807,1
468.96757729194906,19
468.9719430616097,9
468.9901073010391,4
468.99820327405354,17
469.00756507461466,1
469.0199802969036,13
469.0321733506354,1
469.03314195400964,7
469.0475527195343,4
469.0635919998012,1
469.0654949974308,5
469.0671412531813,20
469.07404577464047,29
469.08579081055115,1
469.0865561770537,7
469.0873788802245,11
469.09027698242477,1
469.091606402501,20
469.09736415905195,18
469.10176944173105,1
469.11875842850367,8
469.13442147412223,1
469.14098690742645,1
469.1536103878007,1
469.1566655670782,10
469.1637739319478,13
469.1845970460798,8
469.2151791771057,3
469.22869779622584,5
469.23620009008357,8
469.2441005457214,1
469.25557241995165,1
469.26859704771385,6
469.26884923322893,1
469.2771207380282,7
469.2840052970367,8
469.2845181457307,2
469.2963440249888,3
469.3114099289068,22
469.31760806736736,16
469.33326711772315,1
469.3349386874818,4
469.3438375958202,3
469.366782726191,7
469.37185304176825,22
469.38712895096455,25
469.3901320567162,19
469.3975979992203,15
469.40477531869163,16
469.4052837845726,5
469.41243345623315,14
469.4135742812538,2
469.4149298246974,1
469.41623310184025,15
469.42669147089833,1
469.42974116086197,6
469.43346557615575,3
469.4402290514398,4
469.44683385520943,1
469.46357142613147,2
469.4832047274189,4
469.4956349983628,9
469.49902692800765,3
469.5132850526336,5
469.51911255158285,24
469.51970435161667,4
469.53801426893875,3
469.5521716888388,6
469.56501022359026,1
469.57106803624833,18
469.6040928202716,3
469.61963226180467,4
469.6230079225525,19
469.63141734874523,2
469.65838582213723,13
469.66766081186955,4
469.67021003696163,12
469.6722724687262,21
469.69208172725206,3
469.7031282200338,20
469.7139201274951,13
469.7237402313505,24
469.72906633330535,21
469.74711192794194,4
469.7705346528422,8
469.79029041463536,10
469.7906828657466,2
469.7970990843384,1
469.8326314125429,1
469.862214617623,4
469.86703329753504,13
469.8725355925935,28
469.87501203371977,16
469.88911323140957,5
469.89026331325897,2
469.9200249688036,6
469.92163735929927,6
469.94899394467376,10
469.9543409376378,16
469.98283011638404,1
469.98335087003056,1
469.98482553145504,2
469.9885502826633,3
469.99679344093386,25
470.00218257774753,4
470.0039389340073,7
470.0070245119971,17
470.02087219108114,2
470.0284098527064,16
470.048523332286,2
470.05030792320974,28
470.06194974202714,2
470.0668890837059,2
470.088193029455,1
470.10075436907226,5
470.1009561045595,1
470.1122068716369,28
470.1274275365051,7
470.1288839418711,14
470.1327802068201,1
470.1500222249892,22
470.1522906617096,5
470.1579884278267,29
470.1599411547166,1
470.18717300026964,21
470.19570344572907,1
470.201713858909,4
470.2078481211494,16
470.20816093923264,7
470.2146871948883,16
470.2178482199331,7
470.23475537040827,1
470.2599867240347,7
470.2766350414906,1
470.27947324017737,7
470.28334422799213,16
470.30432815676807,1
470.31556905745833,3
470.34923329342143,17
470.3594365727341,10
470.36099636593553,1
470.36135566983546,1
470.3754122540162,2
470.3818412272803,3
470.38784561919823,14
470.38872884207404,19
470.3896338973175,4
470.40157817941565,2
470.4237546899574,1
470.4271507932567,28
470.43246472100566,18
470.4344077908066,1
470.446089068983,4
470.4782337257859,24
470.5177328115241,2
470.5255465623106,9
470.5311210142035,12
470.5364732346099,2
470.5543331710012,26
470.5601896487972,3
470.5634354295942,3
470.56384569948744,9
470.5690830699697,1
470.57027249767646,3
470.5799616371833,20
470.5801653753298,1
470.5901127337612,2
470.61285557597205,22
470.61579444568974,21
470.61804807171626,3
470.6365634585051,20
470.6369636211357,1
470.63794895413764,4
470.66327235533277,7
470.66365207380557,2
470.6663296711395,15
470.66834411914067,5
470.66835116438887,7
470.66939549649317,1
470.67427605276765,7
470.6813845910837,2
470.6911194226722,4
470.7078481862141,8
470.72385172004516,7
470.74744423270783,18
470.7498346276144,27
470.7676298111683,8
470.7687774375739,11
470.7766819706091,8
470.8225489268292,11
470.8315053971674,3
470.83654004992195,1
470.84136519303235,1
470.84532747818196,5
470.85256175103285,6
470.8697282469203,2
470.87711648017313,1
470.8998802828868,1
470.9480459792558,2
470.95582685737867,1
470.9610995753806,3
470.9632969551206,1
470.97305244192586,19
470.98667441989585,3
470.9969659760343,1
470.998536710452,9
471.0145136542219,3
471.0223873149429,2
471.023698658138,5
471.04428305357607,29
471.08456428368174,2
471.1044347570624,2
471.10768339298045,3
471.16119173849273,26
471.17649052064127,8
471.197922380258,29
471.2002471695292,6
471.2026635260299,23
471.2408214462246,2
471.2431213171032,5
471.25437132368194,4
471.2559835177424,26
471.2952469012727,10
471.30571696034644,14
471.3089277245151,2
471.309618154106,1
471.31281095786073,19
471.31905405168914,11
471.3709476729013,2
471.38862615065256,14
471.39816344423764,1
471.40710605971185,2
471.4246932053359,5
471.4260362087545,11
471.42704937778717,10
471.4400235003837,27
471.44390925160667,1
471.4667138156361,3
471.48487856627327,17
471.50319447683415,11
471.50536826141644,3
471.53167696237955,1
471.53279146512654,1
471.53434276689063,3
471.53439888899015,1
471.53913547917915,29
471.5531687272706,2
471.58405407650645,25
471.60379307970754,21
471.6357135633384,3
471.65663845077415,6
471.65782548092096,29
471.6585921633945,3
471.7468367359903,15
471.7907575542898,1
471.7981358324352,11
471.80191115038554,28
471.8266301566101,1
471.8286165859631,2
471.82922451441937,2
471.8533492528119,1
471.86452494794906,3
471.87286661992704,6
471.88647463758264,12
471.89224681351175,10
471.89690281214706,13
471.941623650725,14
471.9493727818721,3
471.97309311219686,5
471.9906504658654,12
472.0152615264856,25
472.02033190377205,3
472.0327281539901,3
472.04062571829695,1
472.04292579770066,5
472.0485764332369,1
472.0551190294063,1
472.0677360807817,1
472.07119999671664,3
472.08194731299716,2
472.0834124743228,1
472.0922199061426,3
472.1008952027138,16
472.12986093313907,7
472.2028670873561,25
472.2156844865238,7
472.22333482027517,7
472.23049098538417,3
472.2317571456786,28
472.2547884245094,17
472.25581511474206,2
472.2599938556696,1
472.2778577032943,1
472.28728936065346,5
472.2995622461021,13
472.33715641024224,3
472.3392189733332,2
472.38030790822023,8
472.4002445313863,4
472.412921790203,15
472.4265744656373,27
472.4286962377782,5
472.43295268034433,7
472.43331040570644,2
472.44080008410924,4
472.5068254915913,15
472.51525954385335,1
472.5250795076758,3
472.5329775051416,20
472.5428868920075,9
472.54628430644294,3
472.54689323960196,1
472.55705128941133,3
472.56953722132306,10
472.6481801352024,20
472.65270105867864,1
472.65445193194114,11
472.65599033989304,1
472.68721527046114,3
472.69557718415746,1
472.71241415005176,13
472.7624411726617,2
472.81351996966066,13
472.8282317240416,1
472.848890713012,29
472.8492510960414,1
472.89321213164044,3
472.9064084676892,12
472.94200597533836,1
472.9462969386283,1
472.9521519336936,10
472.9547403316195,5
472.97797263000984,3
472.9936190229905,3
472.9965179704839,3
473.017874552798,2
473.02524164706455,17
473.040776424492,1
473.0517030281129,1
473.083175959642,2
473.09425322570047,14
473.14214253205864,2
473.15678779384393,7
473.17614466442643,12
473.17895891274816,10
473.1909226803003,1
473.19173973312587,5
473.20746393300004,2
473.2120212290062,1
473.22972305807684,6
473.23984773474433,10
473.2464060597681,1
473.2770218524948,13
473.31298937846356,24
473.32363556033397,24
473.34549372380957,5
473.3570771491411,1
473.37080090834183,11
473.41427093163753,24
473.43186456059084,24
473.52468314419093,14
473.52800514176016,5
473.54416469138005,19
473.61512407595615,4
473.63765443397125,7
473.6584349134181,5
473.6638871035664,6
473.66842471867886,1
473.69267397437613,19
473.7203750359356,6
473.72076255432364,15
473.7371128118852,4
473.76464731028096,12
473.76597387741145,3
473.7797944782228,1
473.78497737756186,5
473.7917539194326,8
473.8043475534022,4
473.81309450462857,6
473.8622115989689,1
473.8730141395894,9
473.89095327367215,21
473.90818291950984,20
473.9365840831466,3
473.93779800865394,10
473.9454039744764,15
473.9572158740242,9
473.9668596399133,2
473.971845978958,2
473.9758588264845,1
473.98073000024493,4
474.0058412446643,4
474.0065297974865,6
474.07732980198404,7
474.20850594002326,2
474.3102415052175,1
474.320976450131,28
474.3587767150845,7
474.4138440174442,3
474.41667435065233,3
474.41955007979703,4
474.42908142902974,1
474.48694478377206,2
474.49868025911996,3
474.5099775642934,3
474.51900284103596,4
474.6111752598738,5
474.61513198868164,2
474.62179292928306,1
474.63276515681514,16
474.6745838108289,12
474.69109219316186,1
474.7073469730628,7
474.7240836358898,2
474.72547084100756,14
474.7606961700742,1
474.82615528100877,1
474.8261584237328,15
474.9127381046102,6
474.9739898827913,3
474.9995767412447,18
475.06305156042373,3
475.08026703532414,1
475.1267283212074,20
475.1276523005171,5
475.14824948458966,10
475.18688319848854,25
475.1977352096368,7
475.3485792152664,7
475.3780521859068,25
475.40191883001364,1
475.4120189376432,10
475.5075778659019,14
475.51630048048435,26
475.52460953489873,23
475.58173285976756,1
475.69242455728096,10
475.7135261553127,2
475.7739029836868,2
475.8660840350668,6
475.9421534469036,23
475.96976602586653,1
475.98766825479674,4
476.0039904870488,14
476.02899539970093,4
476.04567846722733,14
476.13676323627357,17
476.1376613644883,25
476.3163457684161,9
476.38774458051614,14
476.4007039458321,12
476.4429927434611,2
476.45620222462315,10
476.4764275353614,7
476.4903223193006,3
476.58238000529417,5
476.7190545652463,1
476.72340375069876,2
476.7403169288326,10
476.8163362635453,21
476.87146991983747,5
476.9082907187912,8
476.9213831317529,4
476.9613612803789,10
477.0762833075902,9
477.15262859407346,14
477.16870686685303,8
477.1797750028116,8
477.2015637377663,4
477.20844722451375,1
477.22420144059436,6
477.2979178876878,6
477.31605981601433,1
477.37607109844225,5
477.41000782042045,7
477.50609286999065,4
477.5124798671812,6
477.55445522690206,21
477.55649438577996,1
477.5595385624273,11
477.55962608443224,1
477.58602930327953,2
477.6702913780726,1
477.6875379819595,14
477.8017800972966,1
477.8583931853687,11
477.8910212195868,4
477.9288803099612,19
477.9460704431287,9
477.9471023371156,11
477.969317673806,2
477.9791024008788,28
478.01833929612826,2
478.18183769094077,8
478.1866765319168,9
478.21109183498027,7
478.2754458983827,10
478.3075981748922,11
478.3136878438678,18
478.3439039852997,3
478.3506420004824,7
478.48608300586005,12
478.60629515307437,3
478.72521041664425,11
478.72955169444003,17
478.80370446691705,8
478.8479325749868,1
478.9610665775374,1
479.00520997438747,5
479.01221000091334,13
479.091593939022,1
479.2603138350378,1
479.28257446302797,1
479.28432096831204,2
479.29856112201344,1
479.32383129143005,24
479.35494850472287,19
479.41897842955376,4
479.49488779272133,14
479.5523087667099,20
479.56302644840457,1
479.5915208625914,24
479.6395405059467,7
479.6921606786148,6
479.7032910313323,28
479.7271137909088,15
479.80829266346086,3
479.8176106600467,6
479.8398882405122,8
479.8413200234034,7
479.86198435311417,28
479.86240513853494,15
479.88049698477147,16
479.912939236451,19
479.9689579998666,2
479.96930666250216,25
480.0064458265332,5
480.05958881068767,6
480.06609500596727,15
480.09324241993966,19
480.1181282517388,1
480.136043102347,5
480.1382647243045,7
480.1581385247801,1
480.2161995805237,20
480.2481764091369,6
480.2764945626749,4
480.30759555612013,1
480.3130337671214,7
480.32223196936224,2
480.3955423984569,17
480.53335998657445,13
480.58701335856307,8
480.58928129145824,1
480.72084274662427,1
480.7367907215152,1
480.77588726964586,13
480.8061130142682,13
480.8144303144659,1
480.8796049191769,2
480.8870972164818,19
480.9605913630873,1
480.9720784433216,10
481.0589673082712,7
481.0668754713895,1
481.1616152722346,2
481.16562868758933,19
481.2141096288205,17
481.22309382005096,7
481.2866920639272,29
481.29233399133176,5
481.32312354848654,20
481.57065247571296,4
481.5982482417888,24
481.60280847298895,3
481.6867588878926,29
481.74983896881264,2
481.814499372753,2
481.85712556376296,1
481.9269173289789,3
481.97620562156465,1
481.9778450352633,2
482.0251700988845,4
482.0694179130515,6
482.12166711290314,1
482.1379607821403,3
482.14491517991223,14
482.189356264097,11
482.19704614794006,2
482.20573635416645,2
482.2390537030136,26
482.28660292609135,8
482.293659123652,1
482.40600504618527,11
482.42587215796726,10
482.43160110664064,11
482.47960682514395,14
482.51341287666816,26
482.5149907818108,1
482.525836205246,18
482.64806998912775,1
482.71005616508523,9
482.7803268831128,14
482.8362000366913,2
482.9977040324682,14
483.0270400523191,1
483.05074955448913,9
483.0556679210177,1
483.06962789186406,2
483.08689337808556,1
483.08789929002336,1
483.1769917957084,1
483.23827750315155,8
483.29572566702944,21
483.3052720059926,1
483.33157191970037,2
483.3543910842233,6
483.37355883471133,10
483.39166202572704,3
483.5029858623888,14
483.5206316025749,1
483.55093913974423,17
483.5733250578777,8
483.6617515125907,5
483.669852716857,5
483.69761267507477,5
483.70962073016784,2
483.73293210152616,21
483.8248454777264,4
483.88042107215364,5
483.8983603381131,9
483.9471567933209,1
483.9825211808953,22
484.0195026894351,3
484.0229354847509,11
484.05014177146654,21
484.0537237785781,20
484.05530197835054,1
484.05637100929334,22
484.1177836223561,28
484.1923130879193,7
484.1969365278911,1
484.1999538824705,1
484.2071576169637,1
484.2910466948676,9
484.3279770136645,29
484.3361850716113,23
484.35198831633795,1
484.46149289472385,14
484.57020440088706,1
484.5807715776169,3
484.6111879429543,14
484.6750696445483,1
484.686611508752,8
484.6962609531582,10
484.6991888234546,1
484.7388036813802,3
484.7709192585026,5
484.8038577155361,1
484.91146876790447,21
484.9295722101965,4
484.9464711686873,11
484.9845828827657,5
484.9853793757191,9
484.9993265418155,10
485.027166153249,21
485.0634391820645,2
485.0734553939373,2
485.0891813620104,9
485.12814905121314,21
485.1363838263009,1
485.1572130356472,7
485.1652710710924,19
485.179157736722,23
485.2020642142056,9
485.20565716226463,21
485.2425897366233,1
485.2541265723734,26
485.27439894844605,10
485.30766705528333,1
485.34440824241113,1
485.36378634028785,18
485.376222951381,29
485.41115355322984,26
485.41730491170625,17
485.43376408480174,1
485.4416507345934,4
485.4597433580445,5
485.58663003029346,21
485.64936839634703,13
485.6547855900008,1
485.66503033031495,3
485.73037477482757,4
485.7435831568536,2
485.75576728066744,4
485.7734758798282,23
485.78976057006327,1
485.8025953785024,13
485.80866099657663,26
485.8362176410792,2
485.87263244146834,6
485.8765608492684,23
485.9099824811667,9
485.9154861930547,13
485.9763054378699,16
486.0091546436325,2
486.01244746881525,1
486.01361068692455,2
486.08678390421466,12
486.1189229992495,7
486.1494818593669,16
486.16902128893423,23
486.18495750849223,1
486.18523659372426,3
486.2050370821234,29
486.22030707191766,21
486.26364101852124,2
486.2769057978394,17
486.3189714529956,22
486.34181017578317,3
486.43934916512194,2
486.4572352620201,29
486.47762555961583,9
486.48730370506564,2
486.52031628858055,3
486.54494223820575,13
486.5981467370047,2
486.6461044090381,19
486.64706128143797,9
486.66035697607964,1
486.6657323579919,1
486.6854332593949,13
486.70803465973074,22
486.72865749183416,6
486.73319592737903,21
486.73797422411974,4
486.8101136605149,2
486.8197810113933,13
486.8717340734067,21
486.90182153218024,5
486.9050846278412,22
486.93450016811903,3
486.946996119562,1
487.0102545353527,5
487.02700332681644,4
487.0310409960182,3
487.06381086933186,22
487.07323007059284,29
487.11187600079575,19
487.14998325684917,17
487.2202732487875,14
487.3175997255172,12
487.3439934350557,11
487.3998647448165,2
487.43427610282225,5
487.4925104924132,17
487.49666439657534,3
487.5346789562861,2
487.53945732017485,1
487.5402920082318,20
487.5613594577219,9
487.5752717764334,3
487.6139669051301,3
487.6385737934003,2
487.6623155328791,1
487.7498322311459,6
487.75162526803535,9
487.7592554416563,3
487.77188800974693,1
487.7783743545815,2
487.8127656623553,6
487.84600858060384,1
487.8476770352546,9
487.89738149051857,3
487.90187566997986,18
487.92868977441077,7
487.937496673905,1
487.9451052598322,14
487.9562616557529,4
487.9696612388306,5
487.97958748541515,9
487.98791674115114,17
487.98934272724665,1
487.99347036135896,5
488.0152399321911,18
488.04732912058296,11
488.0522372548945,1
488.05675899670166,1
488.1138993518856,1
488.11939928216793,24
488.132882854567,7
488.13937349716855,11
488.15058299257225,8
488.15922492459555,3
488.17647200819397,1
488.2164075555286,29
488.21826625302043,17
488.2469863198769,4
488.26614126839365,1
488.28666124237793,7
488.31588047171414,1
488.3802664511932,1
488.4008370795584,1
488.4139518544954,6
488.441526647624,27
488.4507829242405,26
488.5073227586257,13
488.51227409116643,8
488.5698740493233,17
488.57460102604387,6
488.61613993491875,3
488.6397762345702,9
488.64387598675876,11
488.65664268768205,1
488.6589311015713,2
488.66763752654754,3
488.6862625244622,15
488.7084041842912,24
488.7123722317843,11
488.74197797159303,23
488.7607408766424,4
488.7666056512475,5
488.7683058942849,9
488.7816858766761,1
488.7829371962858,2
488.7932307373355,11
488.8200650982739,1
488.8274706096191,5
488.8312493440025,29
488.85330719022477,17
488.8606881285663,1
488.8983312390292,5
488.9442845681703,7
489.00553487551537,28
489.01041311222014,21
489.0154823849176,11
489.01893608106565,1
489.02855589329494,1
489.09338207383007,10
489.1028061059839,3
489.17082666985226,5
489.179776112427,17
489.18492420456244,12
489.186628343816,2
489.2001052299433,18
489.21206351309286,3
489.22242785079237,1
489.22470908294986,3
489.251095628561,9
489.2978561235804,8
489.3077912735029,23
489.31836243340416,1
489.3289436862878,9
489.3446199533963,24
489.3695540881739,9
489.37958183070776,6
489.3870045940992,28
489.4263744202907,2
489.4866134521572,2
489.49816331900314,1
489.50586369798407,4
489.50879818994514,2
489.5163989470755,14
489.5207793561141,2
489.52661413439984,4
489.54709744519647,1
489.57406560584917,11
489.5769097076108,1
489.6177543792731,25
489.61901543334363,2
489.62107061930413,17
489.66473028463946,26
489.6715933949826,11
489.6853058035287,12
489.68652823209146,8
489.6990878744818,1
489.78259395252127,5
489.79977291888537,12
489.8048570397322,20
489.8225209470753,7
489.85622941203997,7
489.86248836316855,1
489.8695549432933,7
489.87470662201446,8
489.8917068529579,3
489.9405271531226,11
489.9478385209002,1
489.962221293674,2
489.96808012688143,20
489.9967267601159,1
490.00192711794733,3
490.0043098450241,2
490.00632471419755,5
490.00909735962443,7
490.0130890134053,17
490.0174582321828,4
490.04863605624604,2
490.0491589990799,3
490.050266230054,6
490.0609420204337,7
490.06380500889924,1
490.0788003013572,11
490.08145917369717,11
490.08371348563395,18
490.1223834404435,6
490.1241627515384,29
490.12976098832644,1
490.1637635359217,2
490.1880578081201,11
490.1919509158951,2
490.1963595303449,3
490.2157503491167,29
490.2328531662609,3
490.251331251019,7
490.26379431045603,1
490.2792626798045,15
490.28942485796057,27
490.30372533990055,29
490.3043251986087,5
490.30855382086855,3
490.3122464202033,17
490.31417530202725,1
490.33793171366943,2
490.3396019582864,16
490.3466594916095,10
490.34739445559626,27
490.34899770942076,17
490.37169721189184,1
490.4012226976672,1
490.40781598324634,2
490.4168412809326,10
490.4313147114618,18
490.4396330955766,2
490.4464334761523,26
490.4559294628059,9
490.4649232296922,2
490.49160216244405,29
490.4986585441913,7
490.500352161317,5
490.50268255806793,2
490.50450259080276,3
490.50680594899535,17
490.508212190451,4
490.5106370422449,1
490.5107944307376,5
490.5328258887195,19
490.55042857233144,1
490.5555579869803,9
490.556662466462,22
490.57369986461634,3
490.5769892216256,15
490.5780154675881,6
490.58112793317315,14
490.60663019634484,9
490.6071514020245,16
490.6072301663002,13
490.6149648988178,20
490.61660430212044,22
490.63086734319893,2
490.63487018084226,24
490.6364484510555,1
490.63831445993026,15
490.6403664934161,20
490.6614831364369,7
490.67741269022486,1
490.7260794130791,4
490.7452607473713,1
490.7510187641842,3
490.7513410465677,6
490.7531625304597,1
490.75467278289824,24
490.77452500722507,4
490.80601541369595,15
490.8167720291201,10
490.83378588765964,1
490.8375548901214,19
490.8401007853512,5
490.85129334688185,2
490.85157352845147,6
490.8638263936249,3
490.86918873309753,1
490.8779402788466,22
490.90971328889054,6
490.9100025259091,6
490.9137348797928,2
490.92243476137054,5
490.9366254157218,1
490.9816163184395,12
490.9835688990625,8
490.99459379861185,6
491.02773154796864,4
491.032694190825,7
491.0550005352537,13
491.05902852284345,3
491.06794584802765,4
491.0712064561758,25
491.0718913173736,2
491.07375409857696,13
491.08334948754356,13
491.09564100923876,21
491.09996560961633,5
491.1071867961464,2
491.1224693377937,7
491.14053203230645,2
491.1616497106981,12
491.1868258580266,4
491.19562919650815,5
491.22422654797515,2
491.2305196211369,2
491.2443810210551,15
491.2475187933861,18
491.24877175769905,7
491.2577045774478,16
491.2600719662562,6
491.2749406733939,2
491.2794206948362,10
491.29217178287746,18
491.2942732980411,21
491.3086360810803,15
491.30919005493377,29
491.32656816114314,4
491.32902631680764,1
491.35971239113667,6
491.3664210073683,3
491.3748547747316,2
491.39837527561554,29
491.4078435676111,2
491.41402404163415,26
491.4159118601511,9
491.4233424154221,1
491.4371121221804,1
491.44838223143137,1
491.4605286998783,11
491.4766084520634,3
491.4809932906866,9
491.4824434158915,1
491.50351735065215,2
491.50925549530206,8
491.55960792355364,11
491.5610601447566,9
491.6039046772514,3
491.609375338171,2
491.610240031487,14
491.61745630435064,8
491.6362682251591,1
491.65037864556285,8
491.66364622462294,8
491.66930189134706,1
491.6693743008679,1
491.6760384979733,3
491.68308019509226,26
491.70432311228456,22
491.73913101924285,8
491.777116337503,26
491.788025505935,17
491.79716877993405,11
491.7984284165107,7
491.8222488802101,7
491.824089611637,15
491.835014127086,2
491.84161480545674,15
491.8648667992256,11
491.8676748089738,3
491.88253322162194,20
491.8858649104222,4
491.9042344607191,2
491.9043141618093,22
491.92565726175087,3
491.9310268609216,22
491.9342329257085,6
491.9377237729992,4
491.94939757855826,2
491.95148728009946,10
491.9554277963126,7
491.97054867307276,5
491.9718165789386,1
491.97303094240294,26
491.9809482010521,15
491.997106369788,22
492.00864849399886,7
492.0210725292691,3
492.02983579000625,5
492.0307816912519,8
492.05378168646945,10
492.0555948798335,24
492.0611631982506,12
492.0627232077892,28
492.0728978516588,20
492.0802969334155,8
492.0805194344375,3
492.0816853146736,5
492.09027279583194,8
492.09228700582,6
492.0997236981367,24
492.1005678084777,2
492.10854561020244,3
492.1188876185173,3
492.1251574419567,8
492.14404612903417,1
492.1895333199853,2
492.1897457474819,1
492.1976822420286,4
492.2125388393581,5
492.22093705906093,1
492.2417487460103,10
492.2533933809491,4
492.26273844852363,1
492.2628793026197,18
492.27329881455626,5
492.2740931955136,9
492.27567557859777,11
492.2894084286541,1
492.2928234201476,3
492.30692996753265,8
492.30712977994756,19
492.3096578295001,9
492.3110378289008,2
492.31613063268844,7
492.32657422598135,5
492.3405520872633,2
492.3405951446805,4
492.40382914123506,23
492.41249545449404,10
492.41268113215034,2
492.41572723422433,5
492.4180079838472,4
492.43350143638605,1
492.43412395789545,22
492.4355656253869,23
492.44056269855736,19
492.45580731121527,2
492.458838803632,4
492.46620353734085,1
492.4725862065392,22
492.5045421705061,1
492.5050806752198,1
492.5152691110927,1
492.51628516927076,2
492.51685982747154,6
492.5197030153421,5
492.52489600754006,2
492.5335048529852,21
492.5348065861566,1
492.5438488482033,26
492.5444121623867,1
492.55504417274074,3
492.586368027589,1
492.623957602961,10
492.6255328689754,1
492.6257352405914,1
492.6399255601454,4
492.6626336186098,3
492.68136722730486,7
492.68627039994595,10
492.68972112167023,2
492.69319494112784,1
492.69396165789476,14
492.69727508458936,3
492.6993637455107,10
492.7207406590284,23
492.7436582095266,2
492.744254275566,1
492.77247343077846,7
492.7961600991937,13
492.8031151509105,9
492.8224209133039,1
492.82748822696914,1
492.8417315860409,7
492.8535994742787,9
492.8580674362413,13
492.8716359238255,2
492.89763036779203,26
492.92466084402696,21
492.94013867272747,1
492.9510138755766,14
492.9589146583909,8
492.9851686361042,12
492.999801659623,1
493.00285635899024,21
493.01574044383756,2
493.01821128532544,16
493.0277958626168,21
493.0359055366995,2
493.0381135718418,18
493.04753328560616,1
493.0547450914785,17
493.0652644938055,1
493.068280932324,21
493.0750822888173,4
493.0754839591344,2
493.075651633982,1
493.0802437257504,18
493.0813746877242,12
493.08176945560626,1
493.0974893467177,10
493.09952056769697,5
493.10306534597925,1
493.11996742306223,9
493.1213576591104,1
493.1480850626912,7
493.1486659557011,2
493.1789010131057,1
493.1826822034721,1
493.18691812437356,7
493.1915609118833,17
493.2263309566908,7
493.2426562998144,1
493.24510907122766,6
493.2538631056947,1
493.26075391342124,1
493.26721560083337,1
493.27242233328315,1
493.2908912704593,20
493.3175608351034,28
493.3308908344013,1
493.3314195257741,19
493.3412260097334,8
493.34252118088784,5
493.34731239392534,7
493.3706358469731,25
493.3715753693091,22
493.3735411980349,21
493.40750181294044,14
493.4183940347484,5
493.4300035044957,2
493.4359643104083,13
493.4392066357458,8
493.4487163468646,15
493.4589494737264,1
493.4723179775727,2
493.47669493312327,1
493.4841970848558,1
493.49816489512773,8
493.50124656874203,1
493.5161102943848,24
493.52663736713765,13
493.53602490107477,2
493.55138668549193,3
493.5599044472811,2
493.5627178909127,16
493.57135210476116,4
493.5918337309402,13
493.59642547688406,16
493.6078709292073,3
493.6107508674196,5
493.61826855472987,6
493.63034554265056,1
493.6315153412339,2
493.6544718475789,13
493.654981317777,9
493.66640456276997,5
493.67333213774936,1
493.70804268825526,8
493.71516621298787,4
493.7153934907952,5
493.73064865320896,10
493.75148614147764,17
493.7660673915577,14
493.777828032688,7
493.7897968143522,4
493.7982285087905,18
493.8003548469707,7
493.80413407225586,12
493.80703509136134,17
493.8443953911638,8
493.85420114029654,2
493.86104617631815,4
493.8654012009488,4
493.894870447535,12
493.90389533968346,6
493.93007592910624,4
493.9330524424584,13
493.93789370911867,13
493.94150647918343,3
493.9641565551341,10
493.96565813310355,7
493.97028115622277,4
493.9806733301027,13
494.00743924622793,3
494.01273920357727,1
494.03528530083196,25
494.0366685052594,1
494.03911377630715,1
494.04710773384767,5
494.057216245934,2
494.0679165250538,2
494.09263218457266,25
494.1033039958537,4
494.13386665538195,1
494.1357289563928,15
494.17061773603876,12
494.1973408668776,1
494.20181710444626,6
494.2301242084899,8
494.23554284128886,3
494.23675276608344,15
494.24766222101954,1
494.248797124608,9
494.2564853326485,1
494.2587154077886,1
494.29296939248997,3
494.29299164196095,8
494.2957169735807,6
494.3200577381349,23
494.336199489433,1
494.33848892287557,10
494.3457969747099,14
494.35020058581796,4
494.36355116119813,1
494.3645591774329,1
494.3696074952131,3
494.3862824094081,3
494.398334720813,22
494.41583022400494,4
494.43588820386816,1
494.44322459266743,4
494.44837659064524,8
494.4841586191757,16
494.49558342547977,8
494.5049699771894,1
494.5081207080516,19
494.52243268247855,7
494.52839339339806,8
494.5325183552213,2
494.5392442664691,6
494.5553010417273,1
494.5642401763311,2
494.5752453850917,4
494.5807188569008,2
494.5874661874601,4
494.60899193839504,9
494.6197713456994,1
494.6304191464352,18
494.63977787995424,4
494.65893256407924,1
494.67052330369677,5
494.67161722757135,10
494.69811504711043,1
494.7108899252521,4
494.7178776201048,1
494.73557656235715,1
494.7445783401208,22
494.7727728531281,4
494.7951338539313,17
494.8283618896336,24
494.85083473082517,2
494.88357501366966,12
494.88520166696463,3
494.895067452,1
494.90882842874635,17
494.9094067047596,2
494.91463807317837,26
494.92981346383556,10
494.94281700115573,6
494.9428965857176,10
494.9633277938487,19
494.9664472869462,2
495.0067129579509,3
495.00953402044433,10
495.010327538975,24
495.0354713884833,15
495.04772727606223,4
495.06124961272525,18
495.0735172512072,1
495.0939314799782,4
495.10159406496484,6
495.1188213771199,12
495.1241536934163,4
495.1321119456758,22
495.1357950321566,1
495.13728588526453,1
495.1392173722782,9
495.148820515903,2
495.15623531296245,6
495.1580035091846,3
495.16840157795514,1
495.171513691061,1
495.1718462310277,14
495.17324367442853,1
495.1785171478384,7
495.187400711542,1
495.19441976051877,12
495.21207407361675,4
495.2183959304374,14
495.22053281612267,1
495.23207355031377,7
495.23807403947944,5
495.26765547854507,10
495.27265071670854,6
495.2755372685205,19
495.28963209047214,4
495.3046810683746,22
495.3233627109956,1
495.33170124479716,1
495.3590544205027,6
495.36079861067566,4
495.3655491014782,4
495.38631882932634,10
495.38696835291086,17
495.4014048321777,1
495.4080264798396,1
495.4185165544707,15
495.41874130310117,7
495.4254819708637,10
495.4396869039799,1
495.4463999688695,2
495.45022038957364,14
495.49994553871034,1
495.5078957782949,17
495.50952775900987,1
495.54809023536313,4
495.5802893116365,1
495.5835152188019,14
495.60335595230833,18
495.61188450093806,11
495.61534496254626,1
495.6170425848221,17
495.61897680312876,1
495.63338262442215,15
495.63996367015744,24
495.64452663910134,7
495.67792536640513,1
495.6915737215159,2
495.70606845295595,1
495.7123065904282,13
495.74786329976774,7
495.7485193546375,17
495.75432772620314,10
495.76015731048125,7
495.7626673643638,1
495.7674895311794,13
495.78088229167753,28
495.7950328035509,6
495.81044580417426,18
495.8445073138948,6
495.85569318028644,9
495.8957899852315,1
495.9135340781841,2
495.93156007620786,19
495.93331244482545,18
495.9500887408214,5
495.9575850210225,1
495.96073287503185,1
495.96689867178605,18
495.97476446447035,1
495.97651736546936,14
496.00994659385856,1
496.0107356162871,4
496.0274493741037,1
496.04614281303714,27
496.05368948679086,1
496.07097483815085,7
496.07684245482153,1
496.0790822997069,6
496.08029240099506,1
496.0949456854296,9
496.11101277781773,19
496.15241895667424,7
496.1949734204751,5
496.24554775054975,2
496.2556361650336,1
496.26635979534024,1
496.2831978380731,2
496.28727468797575,1
496.3294661574962,1
496.3633325256354,3
496.37951314573536,1
496.3853720776503,2
496.4835865081734,8
496.48714106447926,28
496.5083537474998,7
496.5274154021786,8
496.5357402075058,2
496.55029120743353,2
496.56795890717854,2
496.5786847243824,28
496.5846719380943,1
496.5998752033451,1
496.60006914392426,2
496.6030288961948,5
496.62685873747466,10
496.637072733634,1
496.6581247550736,29
496.6895554384727,10
496.6916677528195,2
496.69170706771763,2
496.6925249115219,10
496.7230066395913,5
496.73265998316475,3
496.74293822858795,8
496.7774200611874,5
496.7883383546067,13
496.8337440735785,5
496.83635030733666,5
496.842020491717,4
496.91430352766093,4
496.91549020085796,9
496.922036644281,1
496.92636933431817,2
496.9280745498526,18
496.93532092930906,1
496.94065466595254,20
496.96638763425113,9
496.97793181083415,15
496.98365400240806,24
496.983806652525,7
497.0180739258582,1
497.023658396871,15
497.172248609587,1
497.1795318485716,28
497.19751060647866,1
497.2192220785175,7
497.2283539803654,23
497.23040856094815,13
497.2375386362981,1
497.2391135251537,19
497.25936843537164,4
497.263385968348,16
497.2806498161042,1
497.29837953031756,21
497.31244464107453,1
497.34891883769643,29
497.3648514510143,5
497.36686858202427,1
497.3939770395488,3
497.45970650561156,2
497.4676513431032,8
497.4739210405135,2
497.4842850077206,1
497.51493226770964,1
497.5483938403555,6
497.5544024623777,8
497.5633771043352,29
497.59315431402945,7
497.6000301007789,29
497.611848978096,4
497.64308411741166,2
497.65537123672607,19
497.68211228730434,29
497.7460568647123,11
497.7621273482777,9
497.77353281945403,14
497.7818276702235,1
497.7822723453243,24
497.8066594019774,13
497.8261040213255,3
497.859963687436,24
497.86220542185146,14
497.91688473063147,2
497.92840597392893,12
497.9725200266989,1
497.9726846140477,1
498.05408702891185,7
498.0641271620606,2
498.0702974823671,2
498.0834917746819,6
498.1328750570891,1
498.1428620510663,1
498.15436292703885,13
498.1559166421057,5
498.1595924212209,4
498.21630285744476,21
498.2294311426173,21
498.291474665192,26
498.31800558366194,4
498.37164604161427,5
498.4030453650173,7
498.4071693850865,2
498.4168719723171,3
498.4211464447118,9
498.44204868818673,16
498.45365820600756,10
498.4771907398238,17
498.4876454769862,20
498.5190895647848,3
498.52471199523916,1
498.5401786412223,4
498.54803118184657,7
498.62088722920635,14
498.63400019967753,4
498.6346513094388,8
498.66473393437565,2
498.6954942298485,24
498.70906788861737,7
498.82975344880424,10
498.8423176302659,4
498.8516086777057,6
498.9045559052403,9
498.9687948310727,1
499.00268083189997,28
499.0502200845825,1
499.0723370640201,2
499.2028906038383,6
499.2213956054841,1
499.22423315827535,7
499.23283673742566,9
499.26162929568716,6
499.2926666906172,25
499.35023012121906,1
499.36147549336164,1
499.381300737739,2
499.4584176856718,9
499.4872751407781,7
499.49171699017415,15
499.4931625644388,3
499.60623084539327,5
499.6172239594099,2
499.65287448802457,2
499.7130229827547,6
499.71322732825604,12
499.7177815895137,3
499.724608102075,5
499.78798345841506,2
499.81932563278184,10
499.8252967155348,4
499.8364074043348,2
499.8610255475283,25
499.9210115659722,23
499.94251721941,1
500.0241932601016,10
500.0315097829187,7
500.05646323018703,3
500.07254563074986,12
500.09433948056335,12
500.09775048572163,15
500.19863899147805,1
500.2069533255801,26
500.2333121249999,7
500.3003259631482,12
500.30641158182783,17
500.3557875917441,9
500.46417965941873,9
500.49309547561325,9
500.60821156607955,10
500.62027965168534,8
500.70618556236394,13
500.7347179739784,1
500.7790024497381,9
500.8320876531536,25
500.85368457772,5
500.99971478887966,3
501.14458791274143,1
501.1930482366209,20
501.19968441486327,7
501.29472309955827,5
501.31243370969554,2
501.3994454962752,3
501.4144514027417,25
501.4806238438146,17
501.4848344209889,2
501.52956380311366,13
501.5906107629939,6
501.597268146005,2
501.659005844877,1
501.68611617625925,2
501.7021320413103,2
501.7328966809413,4
501.73956713498274,14
501.753672794338,1
501.80643887680054,14
501.94140787038407,5
501.98380725273944,27
501.99250579031633,12
501.9928562175186,22
502.02431082904496,1
502.04562702931446,14
502.0781867533241,1
502.0803603992034,1
502.0909695474576,9
502.09125803770866,26
502.1621878456007,2
502.1882209595224,19
502.2776225941038,2
502.32174187928644,1
502.4295644098564,1
502.4384616386319,7
502.5105988600446,11
502.5234507364413,19
502.58958412713105,1
502.6046799751776,20
502.6371887854573,4
502.6478161218649,1
502.6613363285656,11
502.7657886881159,15
502.7724342930233,2
502.7919311185462,10
502.92169082931025,15
502.97511893360047,7
502.99432706096826,18
503.008846919609,2
503.051016134045,8
503.15718043630727,10
503.1887896873282,23
503.1904143738968,7
503.33125268053135,3
503.35837192054817,8
503.37286060185545,24
503.37922670578894,14
503.38821582045745,2
503.4052439161337,15
503.4431663306265,3
503.50347855849594,3
503.515866357076,13
503.61038775244316,2
503.66848271076714,3
503.74166197421306,2
503.7655892276521,4
503.77162450821385,5
503.7724212815314,26
503.8326301239651,2
503.8364496611791,6
503.8518585373579,1
503.86057339402265,8
503.88866287341045,29
503.9687285380191,2
504.0381872665334,7
504.10250394637825,25
504.13046815193434,11
504.1869684313874,8
504.1875200572388,16
504.2809536463859,3
504.2975119837683,1
504.30007407897176,2
504.35155656423075,19
504.4713594080534,4
504.4913282599032,1
504.5097733222459,5
504.51125887462746,1
504.6445507702503,17
504.7602506186991,20
504.8061462857637,1
504.83965353262903,24
504.89297706613485,2
504.8938920812954,1
504.90814772450335,4
504.9199526631081,20
505.0497652730598,1
505.1841543061962,1
505.1900481154182,23
505.1953868376181,8
505.20324529181073,1
505.2150842446957,12
505.2191364595564,2
505.2283629002196,10
505.25006052978904,25
505.2790723987088,8
505.3051210912063,7
505.3152698469565,16
505.3426579782564,18
505.4675148331932,2
505.4899099354606,4
505.6015898694479,29
505.668093574779,5
505.70694622713876,2
505.7611417492004,18
505.7912378418945,1
505.8080383290405,8
505.8502702504212,21
505.91435761171186,15
505.92546471328393,9
505.9458838376104,2
506.0304725757874,5
506.071232230364,12
506.1404531207823,21
506.20522120458594,12
506.22015175179547,5
506.2610464823462,3
506.28188232822555,1
506.2823079343947,19
506.2849692162187,19
506.3710586417254,2
506.44525039544135,23
506.474603222175,3
506.5363433522916,5
506.5364219244262,2
506.53688455159875,22
506.56156353174833,3
506.6073088230448,17
506.63627224580694,9
506.6515354912177,5
506.66455590579994,19
506.6656238537888,22
506.6677434116103,3
506.67860844942726,13
506.7205414259267,1
506.72411563428295,12
506.79247084668117,11
506.86800399155175,4
506.92665632127324,17
506.964130549684,4
506.97204389771076,1
507.02852623445693,11
507.06024280521143,1
507.07465808597465,25
507.0758871664564,2
507.19604981344276,1
507.20261734784,3
507.21343807086487,16
507.22478703649773,1
507.2816308656391,25
507.33049184035974,1
507.36043066045397,1
507.4150793510227,1
507.4229639341766,12
507.5360097669791,18
507.55721343788133,24
507.5669322837534,7
507.614588688865,10
507.6775060559226,1
507.76371421637805,2
507.8329971445526,1
507.8436709404336,3
507.8533502168254,3
507.8544875320568,19
507.9118863148183,1
507.9122309232883,21
507.918346744344,28
507.94282581268016,3
508.02698881522247,1
508.1114200088789,29
508.1358633871893,8
508.1419665079091,4
508.157915222403,8
508.2414677666215,11
508.2946586193313,16
508.32266478309015,27
508.4536255488237,8
508.51059460329657,1
508.53487104854526,2
508.53651946712523,1
508.5515879862997,1
508.5607963664178,1
508.58759412252994,3
508.6365058187105,21
508.6764469758153,29
508.679654355734,1
508.7165962215311,3
508.7185428696773,8
508.79568155061526,25
508.8075890033096,13
508.86194056967287,15
508.9384626903149,8
508.95014495765076,1
509.0139087456412,1
509.0200047322635,25
509.0273978562243,18
509.0311239672931,1
509.0894218870108,9
509.1309116634255,2
509.14182381568446,13
509.15154880870966,2
509.1645009196698,23
509.16526528113917,5
509.21222876589803,9
509.3079042670822,11
509.3193721911345,3
509.3313694581345,16
509.39264904195807,1
509.4040169224898,15
509.41843859889974,11
509.4218854194216,1
509.4935803882631,1
509.55740660215383,16
509.59250230688633,5
509.64224896631856,24
509.6494385220187,7
509.6500744606901,5
509.6647828971163,7
509.688979048093,11
509.6961181951289,1
509.69672382352957,7
509.71711506243355,7
509.72715438419425,6
509.7521757891161,10
509.76552752357475,6
509.86382496652817,2
509.91100149569087,10
509.95461711638876,22
509.9854436160201,4
509.99343225043657,13
509.9960363767927,6
510.05177996059115,3
510.0672802156605,1
510.09921026375287,3
510.1094971562166,5
510.1310790327628,7
510.1379667957884,1
510.2144583178123,9
510.2476035381868,10
510.32229492534503,3
510.3503301301372,2
510.39215295687825,6
510.4177763184396,1
510.43403926920183,2
510.4437710214583,24
510.4799300651708,1
510.48725367602134,12
510.7675354256768,1
510.8255688136551,1
510.8682011038333,1
510.9122489842359,3
510.91683575672886,28
510.92319813604627,15
510.93492638106,4
510.9773734054874,1
511.00695921730244,27
511.01993590340146,4
511.024661101368,28
511.0646499856879,10
511.09247604558766,1
511.1410246249212,21
511.17803358979836,7
511.17844029480403,1
511.18912960614426,10
511.20259403750845,9
511.2650261114833,1
511.31278912336967,21
511.31855306391026,21
511.4042128735539,9
511.4106517947574,5
511.4214543359295,13
511.468673518859,3
511.4751423485201,16
511.48325732848286,26
511.4992126295407,2
511.5392940856556,5
511.57546394003265,2
511.5919127042119,27
511.6024117249742,13
511.6177678079725,4
511.6327770055847,19
511.6695303160358,2
511.67124211054414,3
511.68750567917283,1
511.72251552957164,13
511.7588592151042,2
511.78059536496573,1
511.79010065463876,13
511.7966426856278,12
511.80722442010085,1
511.82339593324,14
511.8388412066797,10
511.8467150795196,1
511.85165367824504,13
511.8615840029777,15
511.8725259820007,1
511.88617952879764,5
511.9083930969631,17
511.9172637458368,23
511.9209497982413,5
511.9298807137188,15
511.9879672971664,8
511.9896436443773,5
511.99770930817255,14
512.0131046283395,1
512.0279236955686,1
512.0442021259292,5
512.0534114948442,6
512.0756224069055,24
512.0791465077709,3
512.1015988834288,21
512.1735366624986,1
512.1767923971171,7
512.1991752447075,2
512.2036574224034,3
512.2210036610147,1
512.2585428297385,19
512.3093591583232,2
512.3369011696502,5
512.3625402789706,3
512.3829672736449,3
512.4195844192265,12
512.4204184391978,10
512.4559293990912,2
512.4601945961582,3
512.4746572611368,1
512.4747555458613,1
512.5038706636996,5
512.556079028736,1
512.5839894990626,2
512.6350671693829,1
512.6357341589812,1
512.6368225953154,16
512.6497566263298,14
512.6562444318184,23
512.6849853429579,1
512.6880952408985,3
512.6905974140047,5
512.7035083001899,16
512.7092024687255,3
512.7278272168119,1
512.7365263352116,10
512.7536198775294,23
512.7805721312377,2
512.8080394209936,23
512.8130975150456,16
512.8424581149421,2
512.8662572487418,10
512.9012904778798,3
512.9041464583909,7
512.912021959183,5
512.9235331738744,4
512.9384152422545,11
512.9437100278031,5
512.972465629713,7
512.9916505247903,4
512.9927597102882,5
512.9929402837722,6
513.0127152787693,7
513.0151803931521,3
513.0567303508793,26
513.1295820619733,17
513.1570021763323,4
513.166379089324,3
513.2210727740379,1
513.2228612753295,3
513.2446073163469,2
513.253049976314,6
513.2823987330572,1
513.2969689859,1
513.3006809130667,15
513.3132008077926,2
513.3359851360647,1
513.3688422690642,19
513.370917052173,1
513.3757174445634,1
513.3967922187879,9
513.398468447692,1
513.4019027017915,3
513.4126246194119,17
513.4401990179902,3
513.4563410881955,12
513.4668020729538,3
513.4680135240806,1
513.4971534213503,9
513.5058971356514,15
513.5075950362642,20
513.5093692629517,22
513.5112576498864,9
513.5188308295346,1
513.5501847512658,23
513.5553252871251,12
513.5634967081035,20
513.5660022023112,1
513.5848372151214,3
513.6057542383782,1
513.6161019914877,3
513.6323870024081,10
513.6403326528954,19
513.643567196283,8
513.665621683545,11
513.6678673327,1
513.6681658670603,3
513.6948332865869,1
513.6968625781415,15
513.7505689924863,27
513.7549534894364,13
513.757388496508,18
513.7746296500687,4
513.7823619084282,4
513.7980996298347,15
513.7987764389728,10
513.8197412717996,3
513.8285461166423,14
513.83471628904,17
513.8555379062135,14
513.8783621873052,1
513.882956244097,1
513.9056610992919,21
513.9691390555059,14
513.9810586826919,7
513.9878347520548,14
514.008501436083,17
514.0092945820267,1
514.0199261704769,6
514.023813697659,1
514.0259734408954,23
514.0261221718727,3
514.0267192237151,17
514.0291011364453,12
514.0430648972406,9
514.0599930447701,4
514.0692104439717,1
514.0796079615031,1
514.0914486741368,6
514.1117240916326,8
514.119447534996,5
514.1347229573049,4
514.1404065681871,1
514.1438691942676,1
514.1460176099931,15
514.1667259964439,1
514.1692293280547,4
514.1760998055362,4
514.1912582106669,1
514.2114400546882,25
514.2160335339294,15
514.2161524537396,2
514.2211473623571,2
514.2287920192707,25
514.2493139863135,4
514.2682950280301,13
514.3143327877988,1
514.3187068027528,13
514.3296471026919,7
514.3309448572824,25
514.3741487586153,3
514.3780503404388,1
514.4011214393136,15
514.4278194992038,1
514.4326854661458,4
514.4328754183127,6
514.4448642258142,11
514.4580109944859,27
514.4663330971235,15
514.4790703186063,2
514.5030808342387,8
514.5152497979728,6
514.5403306594119,4
514.5435091532431,2
514.5459014530147,22
514.5520575222868,2
514.5541191727307,3
514.5726693699313,6
514.6043505657924,5
514.6073646028455,29
514.608331282447,17
514.6295737749397,27
514.6312166215432,5
514.6566157638225,29
514.6675680960013,1
514.6726071223902,5
514.691935672108,17
514.7333178670737,1
514.7409179575063,13
514.7473382080212,4
514.7475882687537,10
514.749191301676,9
514.7790950254102,4
514.7903145426021,7
514.7981334237045,20
514.811581926251,4
514.8218271598405,18
514.8585624781379,6
514.8598113906336,25
514.8817187611126,13
514.886197085901,1
514.8911432869752,24
514.9113423252293,1
514.9179034629244,5
514.93370230947,25
514.9344291202282,1
514.9363857128419,3
514.9471863024089,23
514.9484579155678,1
514.9776428065406,8
514.9800722937563,1
514.9815864462058,26
514.9853950177584,19
515.0158460998003,23
515.02685832474,5
515.0386523858255,10
515.045631034575,1
515.0577653992008,27
515.0601154938579,2
515.0638803878114,2
515.0689336990436,2
515.0698149547843,2
515.0792353249327,1
515.088843160699,1
515.089813674755,15
515.1080111396531,1
515.118090305902,17
515.1206028551978,17
515.1220376909716,14
515.1300953184767,4
515.1395853773497,11
515.1427514457711,1
515.1578285021133,4
515.1582476025656,7
515.1622028248382,24
515.1633101665888,24
515.1705897570133,2
515.186125630555,20
515.1874231141718,1
515.1944429343945,5
515.2193043996489,24
515.2225695382045,18
515.2291976403951,3
515.2302627690282,19
515.2337624166919,4
515.2474954323343,4
515.257437688779,29
515.2651441266046,29
515.2721187125841,1
515.2846188765062,19
515.2990563257563,7
515.3006525613573,22
515.3092731086367,21
515.3114159965166,1
515.3361343983158,2
515.3557440106972,26
515.3565081753283,9
515.3610124087465,2
515.3682920389741,21
515.3783030050296,2
515.378729601505,26
515.4048813931377,1
515.4108282739569,21
515.4157673820837,1
515.4164245264151,4
515.4368062007619,1
515.437591356398,6
515.4568787457401,1
515.458480246912,19
515.4786849777172,8
515.4788944290286,7
515.4814136572575,3
515.4843581489256,7
515.4926373140927,1
515.4971562613672,1
515.528491877802,1
515.5374896568836,7
515.5479467643127,2
515.5488402270299,2
515.5581763479153,1
515.5649982498982,13
515.5670247377813,1
515.5673452536699,1
515.5695137345126,2
515.570411812503,20
515.5712855187585,1
515.5718979230413,18
515.5895747116481,1
515.5905255803052,8
515.5909847170702,9
515.6009196496011,1
515.607897955408,3
515.6243482585952,4
515.6626359769442,22
515.6653618511943,8
515.672846221725,4
515.6842725278842,23
515.703729612215,2
515.7088515921598,26
515.7181580556083,26
515.7268456627264,23
515.7306025319365,3
515.7316673602021,10
515.7377496132276,2
515.7408550632725,22
515.7638559102062,1
515.7781666825209,6
515.7788928823285,1
515.7918054923994,7
515.800939324605,5
515.8124663069774,1
515.822987678324,22
515.8251377139461,6
515.8286938785366,1
515.8663768059058,3
515.8724697522644,29
515.921506183577,2
515.9238907907511,22
515.9362048151894,20
515.9458931057063,10
515.9464743711628,2
515.9571827304953,29
515.9705610585062,22
515.9962255668764,3
515.9987232961837,1
516.0048776985723,1
516.0322385816343,3
516.0449774864801,1
516.0525573498737,5
516.0545969518888,15
516.0646488586441,1
516.0649209436285,13
516.0663919015522,2
516.0813008769552,1
516.0836207716299,1
516.0850688927367,22
516.0929930069435,14
516.0944337212834,25
516.1020145274873,19
516.1162439283246,1
516.1253093605069,3
516.1401441159029,23
516.1422301319749,1
516.1540227629487,3
516.1719674322486,9
516.1751200217166,7
516.1826028716767,26
516.1852217727171,1
516.2119111853842,1
516.2155824934539,19
516.2159977059713,6
516.2353795820802,12
516.2516899317972,3
516.2578603618064,2
516.2606197772507,1
516.2679805314267,1
516.2696935129536,29
516.2781658498823,12
516.2977880085984,16
516.308701474041,3
516.3135149486316,1
516.3176197988762,1
516.3265878097999,2
516.3394389471162,26
516.3417519119099,6
516.3427468529064,1
516.3433251910428,1
516.3522925028527,2
516.3611948353977,12
516.3796040302336,2
516.3828018331037,13
516.3953563857565,3
516.396798373918,3
516.3989837613972,28
516.4020182072987,16
516.4144336280922,2
516.4173431377961,1
516.417347859163,2
516.42455850793,1
516.4264787649591,9
516.4451699681614,15
516.4461881894337,2
516.4588271442587,17
516.4606996895992,19
516.4642859909733,1
516.4646863878045,1
516.4708918686964,29
516.4808959103414,1
516.485670666703,22
516.4891026980342,2
516.5021361775897,9
516.529723234508,8
516.5313782584602,18
516.5367774481952,1
516.5405733279981,17
516.559286683332,2
516.5693998167759,7
516.6011008659256,2
516.6225894879581,17
516.6596110389465,2
516.6865959104833,1
516.6917036278448,2
516.6930397720058,7
516.7205147176594,3
516.7305110066935,14
516.758618694431,24
516.7802479066237,2
516.7929188860622,3
516.8447694085505,19
516.8549716885941,9
516.8567366594374,2
516.8610478135133,24
516.8611564014471,1
516.8800056889847,9
516.8993319677727,18
516.9082549034476,3
516.9148083186365,8
516.9161840329796,3
516.9236009016179,5
516.932043195147,7
516.9471375164698,18
516.9721772742544,21
516.9789253863514,7
516.9857260406975,4
516.9899562365837,2
517.0150005425937,18
517.0162020746607,2
517.0241842885649,7
517.0294432609688,18
517.0377748085374,4
517.042436579599,18
517.0529323564441,2
517.07021286509,8
517.0742311754967,16
517.0944632126923,28
517.1026558662405,19
517.1080594910976,23
517.1240165011218,6
517.1651953589372,8
517.1672421011007,19
517.1730521037695,3
517.1900681890514,6
517.190524889341,1
517.1965813267956,2
517.2115198385653,1
517.2213195028804,14
517.2399508621554,9
517.2446069969553,6
517.2465735354601,16
517.2866379439588,1
517.3014369480408,8
517.3016074220626,16
517.3030901886235,3
517.3082167574543,29
517.3089461467998,1
517.3387314352786,4
517.3426019641636,8
517.3459710834392,13
517.3720558528239,21
517.4020177168996,12
517.415542859292,11
517.4349365218361,10
517.4369576130537,28
517.4439519495052,1
517.4508517793005,23
517.4538216848364,12
517.4855812995226,1
517.4982524156721,5
517.4984842775972,20
517.5765762243065,9
517.603141419955,3
517.6224525429155,23
517.6227265627153,13
517.62516065519,1
517.6357887760998,20
517.6379441183329,14
517.6418931106402,4
517.6422894445219,1
517.6531198404391,4
517.6543805316201,10
517.6577283425856,1
517.6923680853013,5
517.7155457801176,19
517.7264424452362,1
517.7349668489998,1
517.7359922152497,2
517.7515906172656,4
517.7600389332513,16
517.7636750648488,10
517.7768824133777,2
517.7815777048061,17
517.7888871654309,27
517.7975326016888,4
517.797689684555,12
517.8623605053075,3
517.8805668554666,16
517.8878146032181,3
517.9024252844191,11
517.9064406008605,5
517.9342329246963,22
517.9387094288045,4
517.9505324854306,16
517.9511403746305,3
517.9643160821095,9
517.9650717367912,3
517.9691002771276,13
517.9758407365628,1
517.9791857287524,1
517.9849014787907,26
517.9972754917674,2
518.0084287615804,3
518.0105122152477,2
518.0132661709533,1
518.0171819422569,21
518.0406987145304,1
518.0506675862362,1
518.067700683131,3
518.06887961607,3
518.0747972589716,1
518.0766914009207,21
518.0972741040176,2
518.1020224046644,1
518.1090503154932,2
518.118715433795,9
518.1283391961256,2
518.1458493130478,27
518.1524469897782,28
518.1662225063711,9
518.1940932641224,2
518.1973635188156,12
518.2124652455435,12
518.2219775183356,6
518.2321671857486,1
518.237939012637,20
518.2595045425537,2
518.269220062863,1
518.2695280229444,3
518.2703450823527,6
518.2725983466296,12
518.2759237802484,2
518.3104718564774,29
518.3172779480433,3
518.3464515772124,2
518.3506581160188,5
518.3525036896136,14
518.3570640167103,13
518.3600208236237,29
518.3637401864756,10
518.3735757073034,1
518.3857926120037,2
518.389443236947,1
518.3988795505173,1
518.4069199056324,11
518.411450977189,2
518.4173190936618,14
518.4278821123545,2
518.4311313535416,10
518.4350682838023,2
518.4722545038386,23
518.4840813651007,3
518.4909967709593,1
518.5032740712248,2
518.5082711724908,1
518.5111204059517,26
518.5260881042767,23
518.5315438539444,13
518.5321098427327,13
518.540795884058,23
518.5525472618808,1
518.5542541445379,6
518.5589688137169,23
518.5883220156456,2
518.6116302310746,4
518.6265251521909,23
518.6570719712489,1
518.659841868307,13
518.6810442869033,1
518.7008820829069,11
518.7258477471938,8
518.7380776013467,4
518.7549041479238,7
518.7565651945068,1
518.772639581199,1
518.775604456205,2
518.7895516444659,22
518.7917350631743,3
518.7937921710472,5
518.8003539942944,23
518.8056190385394,3
518.8182517010795,6
518.8234663822731,24
518.8238700598706,3
518.8268494111128,15
518.8409563535467,1
518.8617256293502,1
518.8708534221922,6
518.890265202318,13
518.8923222142282,1
518.8971187198106,2
518.9044963604194,3
518.9403463784704,1
518.950560953927,4
518.9862478329139,1
518.9916192051289,17
519.0253966386107,3
519.0284426087428,7
519.0585090973095,10
519.0684762766666,25
519.086120182438,25
519.1060901465924,17
519.1273346867989,1
519.1279247170241,1
519.1547554063184,19
519.1744638083817,3
519.1811809977509,1
519.1838884855832,1
519.201030078456,3
519.2374057025024,1
519.2574005428984,19
519.2671525496353,1
519.2726108587068,25
519.2861808743876,2
519.2863187512456,20
519.3018280702338,1
519.3045350684915,2
519.304646106565,3
519.3055927250915,5
519.3130151244861,2
519.314982329499,1
519.3229750616182,4
519.3264876472008,17
519.3281053348124,14
519.3309913808308,5
519.339246035721,1
519.3525828767615,3
519.3536411888846,5
519.3605994531238,17
519.375194575637,26
519.3752037099049,2
519.3776871975193,1
519.4082727674444,1
519.4700841282471,2
519.4717754948064,6
519.479382271349,1
519.4808411445586,2
519.4812682648871,1
519.5148450482784,15
519.5214010803458,1
519.5242036972386,18
519.5349444626812,7
519.5654042526002,1
519.5700657310904,2
519.5848323823301,9
519.6097870694047,8
519.636206428548,18
519.6562302993112,6
519.6609716099554,9
519.6612383931003,14
519.6716260177818,9
519.6894310524656,22
519.6902294299952,17
519.6904782385585,17
519.6994092414275,10
519.7079834651973,14
519.7141793031794,2
519.7328847516314,2
519.750401753484,3
519.7681117524756,17
519.7726420564941,12
519.7959685583501,1
519.831871949476,3
519.8362731801351,3
519.8413863143911,3
519.8581624860661,2
519.8626117309317,2
519.8745270070043,1
519.8809420054477,3
519.9240631200304,7
519.9511091608008,2
519.9548191439496,27
519.9718345733977,1
519.9747409458795,1
519.9817811672376,17
519.9889885752992,1
519.9981112615407,4
520.0347030142883,11
520.0507496907992,1
520.0515947887759,26
520.0529379538024,1
520.0759694588946,9
520.0899356179167,4
520.0899438235307,12
520.0981674725925,19
520.1012056495383,1
520.1170787630963,1
520.1455370606802,3
520.1779615231492,16
520.1958321820836,3
520.2007679897905,8
520.2114240468422,1
520.2165995230749,14
520.2897783033582,10
520.294645313482,20
520.30333485502,2
520.3094084062119,28
520.3101283186828,2
520.3169126144446,3
520.3272415328263,9
520.3312950146038,20
520.3324852309423,4
520.3433694985545,3
520.3550272605709,1
520.3680033838956,2
520.3752680580731,4
520.3841535097569,9
520.3995528739725,1
520.407808905117,27
520.4213272254019,1
520.4245141198546,2
520.425626580638,3
520.4339078459196,6
520.4619364331933,26
520.4663569033861,1
520.4684488238578,1
520.4728567141799,3
520.4946910175755,15
520.5152822351655,6
520.5195638683243,6
520.5311072436233,1
520.5635744498012,21
520.5696392326583,1
520.5739457162465,3
520.5876342278303,18
520.5977010968061,6
520.6094765982974,16
520.6147066338928,21
520.6363266345027,3
520.6406255195395,3
520.6656916953468,3
520.6740619734812,3
520.6769215390559,6
520.7032791424336,1
520.7132692765448,1
520.716461156101,6
520.716690742293,3
520.725289350326,29
520.730559128879,16
520.7388692754448,2
520.7427459331598,1
520.7565329256604,1
520.7568220390058,7
520.760974487419,3
520.7800516486974,18
520.7845627960991,2
520.7874984934742,24
520.8062492907184,1
520.8106313898305,2
520.8753560717732,6
520.8807661847727,29
520.8851777533216,5
520.8859156760423,5
520.8992729810807,29
520.9116530307724,2
520.9470060428836,7
520.9532668306362,4
520.9532721165383,12
520.9563134876386,14
520.9605615130142,24
520.9669527249696,19
520.9769934348723,28
520.993870671596,13
521.0170951714241,12
521.0223791287941,2
521.034460229389,12
521.034795732027,4
521.0394280256678,2
521.0452012495956,3
521.0463998445186,7
521.0478713362295,25
521.0482133952847,3
521.1068188621047,4
521.1120703390241,23
521.1139934339028,9
521.1294151069429,23
521.1689759598926,15
521.1999944964633,21
521.23709956772,27
521.2452834995427,4
521.2672877872944,11
521.2777214767384,23
521.2857459183791,1
521.3171653900164,3
521.360091406314,20
521.3630986920693,19
521.3680685222108,25
521.3744526544696,1
521.3789502933811,1
521.4291352762025,18
521.4820581620427,20
521.4836393068746,1
521.4945378717172,3
521.5019544027563,28
521.5189394925916,3
521.5224007312023,1
521.5388661527237,4
521.5620129290953,9
521.6179596859316,13
521.6264814423361,28
521.6609984405535,2
521.6916478584885,5
521.7019552292987,3
521.7113624057192,1
521.7381372202681,1
521.7448226247792,2
521.747477348323,27
521.7751457573964,3
521.7891296528745,3
521.8233880582322,1
521.8247416045871,5
521.8329992752105,24
521.8641966101349,6
521.87905218389,5
521.8837587425836,4
521.9343361159974,3
521.9390226604798,8
521.953349881534,24
521.9646008439054,8
521.9928752317378,20
522.0147279321009,2
522.0750847674447,13
522.1046973908828,19
522.1094989591842,16
522.115564758929,14
522.1209365388917,4
522.1258314086358,2
522.1305640448351,28
522.140214580965,4
522.1437020331141,1
522.1783059028548,1
522.1818591256624,23
522.2137485471872,28
522.2678377527934,27
522.2947378748038,4
522.3061176662331,1
522.3219179539626,18
522.3234414865102,13
522.3242276313447,1
522.3406462742986,3
522.3514270149839,11
522.4568656202546,1
522.4819551089126,1
522.4978788726537,1
522.5440105556459,1
522.5732197978344,3
522.6122731670944,15
522.6449752706359,9
522.6516500087682,3
522.695110463642,2
522.7009650243822,3
522.7903148387506,1
522.7941236044796,1
522.800780020976,9
522.8236485047164,19
522.8379819834079,5
522.9095839538635,5
522.9840285703987,1
523.019203509454,1
523.0210613466834,14
523.0310430311697,1
523.0376068037481,12
523.1281190327174,5
523.150463284062,19
523.153950214419,9
523.1579557576131,4
523.1964863911021,1
523.281569492064,7
523.3420542048211,28
523.375814070048,16
523.4071617999263,17
523.4131626582268,4
523.4647379120909,25
523.5895865431524,5
523.598432227001,10
523.6875899285315,1
523.7107219098403,11
523.7268552925921,5
523.7827839074251,10
523.7849387934751,6
523.8804248108462,10
523.9803079235962,21
523.9970312979798,27
524.0561764265559,3
524.1165190285774,11
524.2060101808984,1
524.2129237155174,16
524.2307434973914,7
524.2684789571368,5
524.2686258256279,3
524.2753761738177,29
524.2992300268401,3
524.38269629745,6
524.4184655433506,29
524.4240188905278,6
524.4461006050294,2
524.4877767144894,2
524.4978555685013,2
524.5173333997647,6
524.6222328790535,22
524.6730538351736,12
524.7499224070189,9
524.7613196332209,1
524.7697776785152,9
524.8108822810549,3
524.8178981537405,13
524.8207243388001,14
525.001333689289,9
525.0790146470616,1
525.1062022922176,2
525.1608100068462,12
525.1815861893854,6
525.2811342908776,6
525.4200682035594,6
525.4256888453011,7
525.5104696183464,7
525.5700406922914,12
525.6043220967888,2
525.6188988380405,5
525.6331339295225,18
525.7053949220143,7
525.7131989433611,8
525.7367418142072,2
525.7824543185772,25
525.8930106045236,12
525.8979308614918,18
525.8994248808522,26
525.9015329053,3
525.9540134407958,19
526.0031466690899,1
526.0941252735763,19
526.1702275395048,5
526.210775518768,2
526.2160549446488,20
526.246318559849,19
526.319357813998,16
526.350238877081,8
526.4157447720313,3
526.4270074216511,1
526.43512057408,15
526.4389225858969,4
526.4404652851944,16
526.6331180722887,2
526.6964609874258,3
526.7433762967664,9
526.7749858490263,7
526.8012102849885,3
527.0055489235699,5
527.0167950401766,1
527.0510609053183,4
527.1267436803283,10
527.1513881300709,28
527.2200281298176,3
527.2288558353566,1
527.2484975337707,7
527.3470928486507,28
527.4359257317836,1
527.473065929497,1
527.4939142133389,1
527.5819530631728,1
527.6237208975031,2
527.6240743233323,28
527.6614657584497,9
527.6651032930729,27
527.7170521027055,8
527.8241855128745,3
527.8977416982646,4
527.9388588417787,13
527.958039983892,4
527.9744630231986,20
527.995815463209,8
528.0045335884815,21
528.0269531337486,26
528.0276728555607,4
528.1346154874766,29
528.1840013562393,1
528.2217654042423,1
528.3113904403714,21
528.3252538072325,14
528.339037778155,4
528.3667009227273,2
528.4331414524925,3
528.4584688813602,3
528.4718002576574,26
528.4899541105299,5
528.5254060243036,29
528.5579534944926,12
528.6072380465984,5
528.6247208610984,3
528.6341686005221,3
528.6878403225653,2
528.7518438768705,5
528.7757893855224,1
528.7842274120437,7
528.8018907007129,4
528.8508540004382,7
528.8829411309238,1
528.9160951803918,5
528.9400766319181,7
528.9506285580356,8
529.0161260350468,2
529.0276829923426,4
529.0294197177842,2
529.0555456009812,4
529.1220661032773,10
529.1729288828882,23
529.2155218185425,2
529.2162559086393,13
529.21948512601,28
529.2394747729235,1
529.2506433854128,2
529.2912637516465,24
529.3102966857386,7
529.3115118768042,3
529.3301466075045,1
529.3431507580561,1
529.3447525140936,11
529.5454871759591,1
529.6135367888904,9
529.6142124895991,4
529.6723738565212,4
529.6944982956613,14
529.7019666354638,3
529.7128804507405,1
529.7629633027185,9
529.8282600781024,1
529.930997763594,4
529.9709238487003,11
529.9745598034615,10
530.0167162518877,2
530.091272348859,14
530.1412667238378,26
530.1494238534307,13
530.1677454904861,11
530.2295314624978,1
530.2603210540337,2
530.2744570493426,2
530.3064799116427,2
530.3410775494741,3
530.3411202930652,15
530.3818546045558,2
530.3831071587938,2
530.567268986809,2
530.6318950187984,1
530.6624175744067,27
530.7065290792152,12
530.7994679749253,3
530.8298911945751,3
530.8485682855143,2
530.9563764306404,5
530.976282188702,1
530.9982899758251,12
531.0114976315684,15
531.0403168852325,4
531.0754258043517,11
531.120883516866,1
531.1326809525968,7
531.1999251259529,2
531.207917822911,10
531.2677259996303,5
531.3865668228647,11
531.388739359078,2
531.4375897034001,2
531.4533847461894,18
531.4682789316704,1
531.5028867919207,10
531.5383408926118,20
531.6248201878633,20
531.6273988136843,1
531.6294721186371,18
531.6341667768219,17
531.6421226070314,11
531.6880634254929,4
531.7888509962031,10
531.7889798065006,28
531.868213185595,18
531.8857777242973,1
531.9591132442714,1
531.997535579287,4
532.0202240682755,16
532.1011055561415,17
532.133162844943,2
532.1394361876634,15
532.1482924485849,7
532.2319871905887,13
532.3506558901809,9
532.3813225693303,1
532.4511234494307,2
532.4578511150618,22
532.4691680066015,3
532.5750031097664,7
532.6679001704463,18
532.6907834958423,5
532.718902924635,1
532.7194739698257,1
532.7545230619816,9
532.801714035587,7
532.8232213176434,29
532.866589822782,7
532.8764532210846,1
532.9409130631757,6
532.9487772878193,1
532.9765218457144,6
532.9945294177828,12
533.0134101713979,5
533.0639607632912,1
533.0828390085459,7
533.1243428953763,6
533.1933910526316,1
533.221997258493,4
533.2823282156347,5
533.3243693912506,4
533.3244027435377,4
533.3296582653921,2
533.3424154963919,1
533.3467566100682,14
533.3895759383314,6
533.3996289290192,3
533.4199688069676,2
533.4305455867631,18
533.4975335895554,13
533.5149100916057,1
533.5370607462149,2
533.5923880658174,3
533.6313749281859,12
533.6550636271533,12
533.6751358031797,1
533.676183926515,14
533.7473818166171,5
533.8022131356029,7
533.8212100794441,13
533.8298058703868,23
533.8841815103603,1
533.9063835158959,18
533.9226647948728,20
533.9650466114063,21
533.9971992020909,11
533.9999980853595,14
534.0027877104375,1
534.0324773278135,1
534.0597810912826,1
534.0643499433531,21
534.0840034721779,1
534.0876411515787,1
534.0964061937817,9
534.1059506816672,27
534.1331320648261,20
534.1368804586219,4
534.151471595296,1
534.164056820074,16
534.1831225861755,9
534.2439461370377,16
534.3392345770941,6
534.3670647756976,14
534.4260993302478,11
534.4310486318058,8
534.4469084961295,10
534.5110479611559,20
534.5886110528954,1
534.5923980267112,14
534.6057042447321,2
534.6605754686416,5
534.6924748563094,1
534.7294776809011,2
534.7368104914007,2
534.7581232260034,3
534.8027308332364,26
534.8314107454343,2
534.8560625936042,1
534.9027285511405,2
534.9030579517886,2
534.9158501039578,7
534.939975095094,3
534.9535082361712,2
534.9682353723975,3
534.9746924316029,10
534.9984774613974,25
535.0075442418332,7
535.0153369742128,1
535.0472425440146,5
535.0751045607277,1
535.0964640580365,15
535.1108336711591,2
535.1475828647953,1
535.1584820514914,1
535.160840882233,15
535.1695363801329,1
535.1873659711807,14
535.2265407056585,6
535.2484264967309,8
535.3144446297434,20
535.3305182603701,10
535.3323201802726,18
535.3352352050366,6
535.3734566395063,15
535.3995684513325,8
535.4154347808426,5
535.4720868741418,8
535.5249161973668,1
535.5379836377851,20
535.546205965341,4
535.5593270028081,2
535.575045193235,4
535.590819083498,8
535.6466786752723,1
535.6880660386274,2
535.7146236844369,1
535.7606687533714,2
535.77411610851,3
535.7914952002117,25
535.8203223039385,3
535.8479244400006,22
535.8683137605872,1
535.8752914858989,2
535.8783945163731,13
535.8935074464845,5
535.9171419065638,10
535.945866207184,2
535.9675082100192,3
535.9756753292306,15
536.0116045537898,1
536.017902255874,4
536.0494388249174,10
536.0547704924328,1
536.0574412424332,3
536.0694137386649,28
536.09493529807,2
536.0998720546802,5
536.1086324348943,3
536.1340659514043,13
536.1363949539078,2
536.1698859651171,28
536.1729790636541,2
536.1887528657984,15
536.1985779238103,17
536.2037671545169,2
536.227204344104,9
536.2427677650091,1
536.2474088983313,12
536.2631271674442,1
536.2760730180913,17
536.3296106233421,9
536.3538959230352,4
536.3749101703073,1
536.4593368537845,4
536.4862060857669,13
536.5285857425661,25
536.544905846543,1
536.5928827237612,11
536.597061778217,1
536.6468213582033,1
536.6577114504926,2
536.6776242586463,4
536.6930953418074,24
536.7087712820628,1
536.7215066585594,3
536.7381217825647,5
536.7668049784475,23
536.7924401466694,4
536.800929811862,1
536.8865760692543,1
536.9057520390032,10
536.9101868329717,1
536.9110615203791,8
536.9174213497262,6
536.9177189707037,4
536.9358729963676,9
536.9371626679313,10
536.9543024559349,12
536.9672495510597,11
536.9715162307347,4
536.9747391628684,17
536.9760189030114,27
536.9901508195147,29
537.0422039570243,9
537.0441349050925,7
537.0536000931877,4
537.0602658269432,12
537.0611540515727,7
537.1220161726887,25
537.1291513116921,23
537.1372360198535,7
537.1716915968533,12
537.1916843275988,1
537.2097583558508,1
537.2305127479784,25
537.2522094181811,2
537.26634243375,4
537.2947138070233,1
537.3062476539736,1
537.3151275857454,2
537.3207130501916,5
537.3215266071971,8
537.3342926512494,20
537.3449804510029,1
537.3456410676735,20
537.3620037593316,6
537.3627225565824,2
537.3779733041655,16
537.3829521709023,3
537.397276285685,14
537.4219571376158,6
537.4291553082003,3
537.4476874606037,2
537.4644626239223,3
537.4693406864583,25
537.4756130063481,8
537.5058249716313,1
537.5197344036013,3
537.5372693994316,19
537.5530731906466,9
537.5538479418449,2
537.5676651351255,8
537.584923645088,15
537.5983219106065,5
537.6002586156943,12
537.7023526037742,3
537.7210982496782,26
537.7226966930816,29
537.7245032904539,1
537.7266815411357,6
537.7326540928472,12
537.7579431694193,3
537.8150304285768,9
537.8153601402289,4
537.8351921115916,3
537.8384229557709,6
537.8554144631248,2
537.8770327585605,1
537.9062622503599,8
537.9125778220495,4
537.9336196795359,26
537.9384828238556,2
537.9577111628953,12
537.9779708352199,23
537.9997857370863,3
538.0191478187185,12
538.0353256946908,3
538.0441437708356,6
538.070330130959,12
538.0804953591797,16
538.0860039375797,17
538.0902811534526,12
538.0914518170214,12
538.0980915103912,1
538.1058518899347,27
538.1124807630918,3
538.1268458369506,15
538.1562623919634,12
538.1608667588772,4
538.1702601736142,17
538.1712912587392,5
538.1734410767881,24
538.185733151394,4
538.1863886467797,15
538.1960371120408,1
538.2216783308938,1
538.2316312036916,5
538.2471983580311,22
538.2488258439971,15
538.2505176127917,7
538.2539443560252,2
538.2633482000892,1
538.2669026080005,2
538.2669557078798,13
538.2742219165057,1
538.2900053244455,7
538.2931803959865,6
538.3078572368404,4
538.3098607004406,1
538.3129953584391,3
538.3273539856256,21
538.3562000383588,3
538.3686741461972,5
538.3719209830243,22
538.3762486346143,1
538.3775506563467,9
538.3902816115492,7
538.4064680012416,27
538.4162410795806,1
538.4171894013105,5
538.4221062736078,1
538.4242967554046,15
538.4245169986077,19
538.4310349934835,27
538.4354273042284,6
538.4473492069103,4
538.4566236844072,25
538.4574519059347,3
538.4751432498339,3
538.5062561728071,14
538.5119485641713,3
538.515541811459,5
538.5206704127028,25
538.5219518980366,24
538.5221232521629,1
538.5263539992969,3
538.5401715400401,27
538.5421143187917,1
538.5666505993768,22
538.5888294605254,7
538.5985272708577,1
538.6008879937599,3
538.6098626744388,12
538.6264584097323,2
538.6283728247212,9
538.635960473742,9
538.6366796727211,1
538.6494621385335,2
538.6521688785912,4
538.6790727533398,13
538.6862923293,9
538.6907220923063,10
538.6917857725465,2
538.70227753162,11
538.7026191041949,1
538.7141947094692,25
538.7254337666393,6
538.7273053310957,2
538.7386414904626,20
538.7518553182294,11
538.7678235254639,17
538.7706585142734,2
538.7757033533293,23
538.7774419752213,20
538.7827044659077,15
538.7843467029631,1
538.7854477238416,1
538.8355885168926,21
538.8414082470744,23
538.8574883415918,9
538.8634657503875,1
538.8727815267005,3
538.8759233827899,2
538.8803726930576,3
538.8830849288556,6
538.887547925015,16
538.8893313125951,2
538.9077696190786,3
538.9089986879876,24
538.9209644018985,1
538.9212982122958,11
538.9231886171052,14
538.9543999694848,12
538.9623169130045,12
538.9647550947151,2
538.9683593989671,11
538.9708673674731,11
538.9844088860843,1
538.9924986008101,2
538.9928579406478,4
538.9959878086029,13
538.9967208617383,3
539.008243925257,1
539.015910695023,20
539.020876486878,1
539.0308745161999,4
539.0482645507567,5
539.058803929194,1
539.0696699303509,9
539.0770396062352,1
539.1012437587128,25
539.1055622674197,17
539.1078134640275,1
539.1078282317258,15
539.1114763095752,9
539.1124867758713,1
539.1169210989084,6
539.1192455056577,2
539.1227754046564,12
539.1273661310145,5
539.128533265895,4
539.1314808323126,24
539.1472935154216,9
539.1498446004222,2
539.1601905414013,22
539.1771136998442,28
539.1828855367013,6
539.2151992017077,11
539.2223235429014,11
539.2265919582122,1
539.2331748414775,25
539.2506287750343,16
539.2508706996548,6
539.2553074738747,6
539.2633240344593,6
539.2706129027766,11
539.2880662332248,12
539.2928985214111,1
539.3233465299348,20
539.327797892613,25
539.3399701844364,20
539.3403380084062,11
539.3545462694768,8
539.3698143257483,7
539.37029626506,7
539.3750314290073,8
539.3872156061954,9
539.3903414896272,1
539.3911252927257,14
539.3957609475261,7
539.4113745895911,7
539.4296412689275,27
539.4308541521847,9
539.4538165428529,5
539.45436133315,9
539.4561398224645,6
539.4580362041576,1
539.4601081478321,1
539.4626723163019,3
539.4740032816948,5
539.484775356431,1
539.4943028476657,8
539.4976638094855,4
539.5201792728957,14
539.5264877024148,24
539.5410801482465,2
539.5472467008657,1
539.5602101654239,9
539.5650666790923,4
539.5756152791325,2
539.5874445101388,1
539.6232418748788,11
539.6241451709053,7
539.645678551813,7
539.6537667646627,11
539.6541571024218,25
539.6581193053258,3
539.6599664210439,11
539.6662453832556,4
539.6720404682153,1
539.6754111639402,5
539.6907684157924,7
539.6983626646366,12
539.706008486463,2
539.7148640760769,2
539.7220604731501,5
539.7299867309491,5
539.7303453253473,2
539.7421526863685,2
539.7646892068112,5
539.8153930743935,1
539.8156313083234,1
539.8163937835859,3
539.8191683357306,5
539.8202185124717,10
539.8242657331009,5
539.8262059632577,6
539.8480407443882,1
539.8567378388826,3
539.8640234517301,21
539.8869686160001,15
539.8959970304809,1
539.9051967763586,1
539.9159960372409,1
539.9261991290132,3
539.9295099346946,3
539.9359787736958,6
539.9465062085188,3
539.9750483266013,18
539.9864231036564,14
539.9890232793902,1
539.9934654704948,14
539.9934979482807,1
539.9953299054575,3
540.0014417411791,12
540.0052258822161,1
540.006235454303,6
540.010837198384,8
540.0262894868106,2
540.0469914582563,10
540.0550534110399,29
540.0665563792694,4
540.0721678915736,6
540.0891667091893,1
540.090896587429,2
540.0961095263094,28
540.1006006477332,12
540.1044108304551,3
540.1069739665978,8
540.1094515987503,13
540.1117312008496,4
540.1218725454718,28
540.122103001324,7
540.1223067901377,9
540.1385624136364,21
540.1436517640881,3
540.1456036646568,3
540.1530159082058,5
540.2071171117315,1
540.2075900483794,7
540.2143608768175,21
540.2512709160034,11
540.2594369946993,1
540.2615804510173,20
540.269794031935,5
540.2776870995177,5
540.2853856765272,14
540.2867505365858,4
540.2935433253923,2
540.3008605266766,20
540.3058445886714,2
540.3145373926308,6
540.3268763932866,19
540.344542421274,2
540.3506376025621,4
540.3625599330935,1
540.3706313057894,4
540.3795594277565,28
540.3831972826407,19
540.3882635229648,9
540.398402502188,14
540.3993882976758,16
540.4028814869615,3
540.4112555005152,13
540.4151995005615,11
540.42235089077,16
540.4238946155958,9
540.4273542424371,16
540.4284454233967,10
540.4319191932084,21
540.4347907279605,20
540.4444901519174,1
540.4490006100102,3
540.456696220242,11
540.4620282579604,1
540.4728478779325,6
540.4860094588835,20
540.4933136895571,4
540.4964914395019,15
540.5076224196988,12
540.5120220599939,18
540.5147048290783,15
540.5231652425593,2
540.5289968964581,4
540.5340411838189,2
540.537680958041,12
540.5504921026157,21
540.5513052567686,28
540.553037723723,4
540.5932243866038,20
540.6329965255995,25
540.6337743024944,1
540.6341671059431,1
540.6421102382967,26
540.6437059787324,4
540.6910883292112,6
540.7056022163403,1
540.7265322755559,3
540.7525531281443,11
540.7705496694086,20
540.7999498812344,10
540.8199331052631,14
540.8363071833776,10
540.8379209447259,3
540.8393892022495,1
540.8580314276156,4
540.8978794320934,25
540.899599604757,5
540.900027109926,3
540.9135512007686,12
540.9204785091162,1
540.9484405027099,6
540.9500193018818,25
540.9550233200561,3
540.9599081475526,21
540.9675066712055,2
540.9691284692085,1
540.9794007090951,3
540.9897643515823,4
540.9938658928585,19
540.9978503104647,7
541.024907031228,2
541.0330046778239,13
541.033683886932,1
541.0418369422911,2
541.0438938122667,10
541.0456377628741,15
541.07017074749,4
541.0762197666158,9
541.0807760725562,2
541.0849288884436,2
541.0935481952631,1
541.0981762910915,2
541.098386383602,3
541.1050990304294,2
541.1053267117778,26
541.1062747940424,1
541.1097833397947,2
541.119890644737,1
541.1277219594057,3
541.1664746967931,10
541.1995283708244,4
541.2111138012206,4
541.2420378302969,1
541.2446304304149,8
541.2468411018248,10
541.2495052533534,21
541.2540695747248,9
541.2618216698755,4
541.2695385870519,1
541.2901259210191,12
541.290789459137,5
541.3046929133793,2
541.3088324671521,23
541.3113791077258,10
541.3147148306736,1
541.329473218883,3
541.3298025000768,5
541.3411809477211,1
541.3440718904841,1
541.3473244876564,3
541.3496958006622,12
541.3510079258888,11
541.3538388560183,22
541.362593349271,2
541.3634758837937,18
541.3826909212735,3
541.3847407389962,20
541.385836334854,20
541.3877220818008,2
541.4189405261062,4
541.4366423902237,4
541.4516708607723,13
541.4523775873774,24
541.4539590177609,1
541.4591966895892,2
541.4617101625872,3
541.4809427263651,1
541.499789241794,21
541.5059367519203,3
541.5064200718064,8
541.5298618248285,19
541.5421658710204,19
541.5494192995751,11
541.5593882779674,21
541.5610142641015,16
541.5884376322364,8
541.5913224160633,11
541.5959700058295,1
541.6459287631435,1
541.6761131650502,6
541.6822531019963,8
541.6853668398272,3
541.7032380055917,11
541.7039662668068,14
541.7139469389124,1
541.7448178351307,6
541.7680456683148,27
541.7707499940667,13
541.7734904918876,5
541.7889565202719,8
541.8007678583087,15
541.8029217200612,6
541.8295079552246,29
541.8363080837497,5
541.8419764867006,2
541.8533566807683,17
541.8769769761044,9
541.8979860638033,11
541.9200065032551,24
541.9273605504171,6
541.9333122293184,2
541.9352224144292,2
541.9655619342439,1
541.9678848114423,2
541.9741244381271,3
541.9880843970344,2
542.001301130614,17
542.004013476627,1
542.0088289860844,1
542.0426454761702,2
542.0443446145654,1
542.0489786637787,19
542.050746183117,1
542.0527127207961,5
542.0748765401137,8
542.076669836589,4
542.0771145664365,26
542.0864768975096,15
542.0906289177478,1
542.0921255133653,2
542.098102073567,4
542.1052389500836,23
542.1463363390218,1
542.1555853443953,16
542.1642242097822,5
542.1646361370609,2
542.1650992418696,26
542.1661261602964,23
542.1680915084877,27
542.1698205809727,14
542.1775365804893,7
542.1817574852721,4
542.181830746765,6
542.1904582323066,16
542.196010840397,10
542.2034453616259,20
542.2056265836908,7
542.2104450345347,3
542.2174841196378,22
542.2413096515012,14
542.2440391678008,1
542.2452064893215,1
542.2646863699692,9
542.2665000345279,2
542.2848076643847,1
542.2861194146116,14
542.2863916548552,25
542.2877316919754,8
542.2888154142,9
542.3162871089038,8
542.3166490122335,3
542.3420178322475,2
542.3461247144394,2
542.3538154430969,10
542.3678812295246,9
542.3734921363722,1
542.3875517684534,9
542.4027659970525,1
542.4137208036764,6
542.4243435285199,3
542.4316965159561,4
542.4317810891927,4
542.4374505774231,3
542.4479360275877,1
542.4514179336346,8
542.4590624784985,21
542.4683726682068,1
542.4846877330119,4
542.4939366498124,26
542.4989419380404,13
542.5057666414393,1
542.5439857326306,3
542.5446183363413,1
542.5451304484753,29
542.546529212037,12
542.5828500459171,1
542.5986981725343,1
542.6089751329529,3
542.6143863095649,1
542.625228860338,9
542.6264751546025,3
542.6380135638276,1
542.6398299620136,1
542.6646771764796,1
542.6791896289601,11
542.6908670604201,4
542.7096783231253,17
542.7099332830421,19
542.7167260434643,6
542.7340542855558,5
542.8202149636993,11
542.8342640444375,6
542.8473501748788,16
542.8577693313704,5
542.8678201908424,1
542.8807052458237,1
542.8820814272933,20
542.8886851027146,27
542.9009703674169,13
542.9014571386766,5
542.9059617746011,18
542.9062433790572,2
542.9083657790974,16
542.9133425630374,2
542.9250671376406,1
542.9272795465351,20
542.9292263912077,27
542.959942092255,21
542.9816546721112,16
543.0021541038753,19
543.0406794625666,3
543.0482592332451,9
543.0590035674534,12
543.0694963204738,1
543.0842482861286,22
543.088389792773,3
543.0993817134823,2
543.1228495568664,9
543.1293753797473,20
543.1333889658096,5
543.14957548721,24
543.1831178498034,22
543.1986929814186,9
543.2146572747897,2
543.2215361963172,17
543.2223200154482,4
543.2239634963743,24
543.2273373437517,3
543.2349913771433,28
543.2573682361526,9
543.293403768971,4
543.3429039430449,2
543.3524238422111,1
543.3818707698775,16
543.3940964927157,1
543.4058543495256,9
543.4181632365348,2
543.4371759264105,21
543.4546591670725,4
543.5111522315348,4
543.511490198846,22
543.525806836336,23
543.562799827957,11
543.577156204097,3
543.5771882220267,4
543.6090313684077,5
543.624814379334,2
543.6263037208896,22
543.6372572465805,1
543.6386226894994,3
543.6530538833075,1
543.655582096049,8
543.6648098154676,7
543.6967825697268,22
543.7128828678977,13
543.7156205876689,2
543.7299982389262,2
543.7452482056248,11
543.7576871748179,23
543.7740533695223,17
543.8150620452649,1
543.8445693115851,1
543.8509017627132,2
543.8544860964107,20
543.8612570108137,10
543.8713648553882,9
543.8777303089926,3
543.9016300625242,2
543.9398528563997,1
543.9758303651439,28
543.9870860170653,7
544.0006482518703,9
544.0172205573778,1
544.0221682856585,1
544.0263603766123,19
544.0636734814042,18
544.0692572975446,2
544.0727359867825,3
544.0940794782545,13
544.0950630555374,8
544.1621188022026,19
544.166666360794,10
544.1736053178901,21
544.1915979288528,20
544.2273659299741,5
544.2430766603537,11
544.2602125643901,6
544.263928367448,22
544.2674588385676,17
544.2733668510558,20
544.2805399400482,2
544.3024208340274,1
544.3243849826147,1
544.3346986490355,18
544.3461881082958,1
544.367795462161,19
544.3782276684456,1
544.394423552098,7
544.4005167934905,1
544.4034510998425,10
544.4211937267372,7
544.4247082728583,4
544.4506680183572,12
544.4550977707694,18
544.4562453969107,27
544.5011489647881,9
544.5100732390525,2
544.540794565426,4
544.5412400695205,21
544.5489384899826,7
544.560107452233,8
544.5788168266521,7
544.5797108903872,10
544.5963764731943,6
544.6172387927465,5
544.6542392461469,16
544.6660435022025,8
544.6950569962,1
544.7120694335734,1
544.7186545197236,8
544.7243774985702,8
544.7511381247307,2
544.7518070918261,12
544.7659874337924,27
544.7991516909588,5
544.835984525519,8
544.8588853108556,1
544.8634882030525,2
544.8644365597306,19
544.865077297239,17
544.8763511996046,29
544.9235272410972,13
544.9703209244058,8
544.9802619183669,22
545.0092024446525,19
545.0629554774586,7
545.0856477716352,26
545.1456233519839,10
545.1570078786453,5
545.1861154640814,1
545.2173266745149,6
545.2289661358857,1
545.2494771117532,22
545.2514194969957,10
545.2578768769647,15
545.2649454989779,18
545.2745262758552,15
545.2837151301204,25
545.2970736099834,3
545.304199025398,14
545.3672640027053,3
545.3941687935612,3
545.4080237821923,15
545.4135262180617,29
545.4275488949538,2
545.4319799231156,16
545.43709259665,4
545.4502138361017,3
545.4843860198714,1
545.4936002241564,1
545.4959461997063,6
545.503845995251,16
545.5038598154758,1
545.5077694241278,1
545.5131953526997,28
545.5172302423019,15
545.5340292791603,11
545.565938776255,10
545.5887579574814,24
545.6084673362501,2
545.6123432008574,28
545.6141909544491,5
545.6484763255087,4
545.693575524122,5
545.704745040579,15
545.7228920636263,9
545.7311989825786,7
545.7355830678165,22
545.7507941351822,6
545.7943931847009,5
545.7948764370735,1
545.831003897577,1
545.8436956605698,10
545.8521935848738,24
545.8612730309693,10
545.8813354814279,1
545.8905556480445,13
545.9169310117479,4
545.9318542924716,10
545.9471586324719,13
545.974420227071,22
545.9958056724331,1
546.0146206349206,9
546.0435570909438,4
546.0457361950529,12
546.0775350969778,19
546.1453530116564,9
546.1491492660653,1
546.1769657076898,1
546.1881064675899,1
546.194964926116,1
546.245598244595,2
546.2551388050655,1
546.2939600913406,4
546.2947220820574,4
546.3061090551929,1
546.3500294528061,1
546.3512411828605,22
546.3605501203745,29
546.366397521917,5
546.4181621067859,6
546.4620043436377,8
546.4887236675585,1
546.5223337005735,13
546.5532635448918,28
546.5653220788681,5
546.5703856403696,11
546.6487546940247,21
546.6845772403167,3
546.7433376407461,1
546.783937272039,25
546.8047652512213,1
546.8154916201206,3
546.8448159737349,8
546.8608876761865,3
546.893660393806,6
546.9131337243779,26
547.0828342992726,1
547.125421963659,21
547.140968361973,26
547.1601971674405,20
547.1836377146894,5
547.1849013768286,20
547.2271765169049,1
547.2603472137882,21
547.2670826931756,1
547.2973815344137,12
547.3195427725129,20
547.3409178161804,8
547.3606100123761,6
547.3691048045474,2
547.3781428931402,1
547.3899259667602,12
547.3963326401212,1
547.4161912262467,27
547.4213505328385,4
547.4414371971479,6
547.4526993025752,4
547.4855027614916,12
547.503682862509,21
547.6125440809844,10
547.6171943465926,4
547.6174549522905,5
547.6544008126326,8
547.6793920873924,13
547.7297411195889,14
547.7314378565974,1
547.7974892814024,16
547.8121366049767,12
547.837693389573,28
547.8640089037609,13
547.9680697892771,4
547.9806835434671,1
548.0022807999534,15
548.0221281413393,21
548.0942226511473,16
548.0947900327084,2
548.1218110081403,19
548.1486004725746,29
548.1707513839904,15
548.2081194804969,3
548.2344338543002,9
548.2348695002299,6
548.2686463777009,19
548.2989891915029,7
548.314017246301,2
548.3590075506852,14
548.4616192810489,20
548.4638107007113,6
548.5701609013693,4
548.6339031134354,1
548.8442632136611,1
548.8760263520904,24
548.8999806828696,16
548.9655548476301,25
548.9837570165838,1
549.0029249689625,3
549.0453695125068,1
549.0523671232501,10
549.1667997241653,8
549.2861492010608,1
549.2889628022517,1
549.3873899557341,3
549.4283750486888,2
549.4784471975454,13
549.4800845618997,7
549.4961596962605,1
549.5604003286714,3
549.6130404685923,24
549.672991142422,12
549.7141067829018,19
549.8020512030241,29
549.8211066940553,28
549.8223827051445,5
549.8348152007944,2
549.9296096408008,12
549.9408832212782,12
549.9865297365814,5
549.9868627122631,2
550.016685071688,1
550.0518119304331,13
550.0692282811114,8
550.1615040924825,11
550.164987148116,6
550.2670342227289,2
550.2976484728968,10
550.511923238461,10
550.5864105676549,2
550.5977785734528,5
550.6476960349034,1
550.6713384363566,21
550.7698614642283,12
550.7981712929659,6
550.8071482016024,2
550.8336461950969,5
550.8827040485313,3
550.9144165215445,23
550.9166996292688,2
550.9172657640815,3
550.9445678005668,5
550.9815232947516,1
550.9951167032465,6
551.001936705639,23
551.0881661822414,11
551.0930660133124,2
551.1656288454928,11
551.2166811602111,22
551.2736651284487,2
551.2972364364034,1
551.3336453567728,21
551.3525054190742,5
551.3877631402748,11
551.4021085670663,2
551.4154983927485,28
551.4976356046219,1
551.5332387293164,21
551.5979540177634,9
551.7226319525615,9
551.7555944392478,10
551.7562023091003,13
551.8138709436402,1
551.852493926618,10
551.9086712647928,22
551.9143997084904,13
551.9598857152674,24
551.9794806660694,11
552.0120721455672,23
552.1539550982268,1
552.202244392001,28
552.3425085689569,13
552.3475945431574,7
552.3754776032647,2
552.3799778638526,27
552.4159200922069,23
552.4172334947452,20
552.5238150798357,6
552.5458652601941,25
552.5698964041577,1
552.6041433724727,27
552.6190235015567,26
552.6478195074943,12
552.6868898501888,21
552.6911902617783,24
552.7271180459618,11
552.7544573598731,1
552.7839526635902,1
552.7986593310146,10
552.8255290861575,21
552.8384562770611,5
552.8696449571153,1
552.90489233739,3
552.9401685698715,8
552.9557227687442,22
552.9631161791469,11
553.089128504614,9
553.1057410664952,4
553.1480413109858,3
553.1635906143374,2
553.1720575413485,21
553.2206309621747,1
553.2429037090973,4
553.2434939238243,3
553.2556150580746,11
553.2682778921517,23
553.3148364817198,1
553.3698059192924,1
553.4333216118965,7
553.4424229305923,1
553.4460719099563,1
553.4744577753369,3
553.4911000254818,3
553.557729130631,15
553.5886151087609,17
553.5989893254058,29
553.679610627627,1
553.7060765561528,12
553.7269292145063,1
553.7296247127198,13
553.7479773566353,10
553.7535429455692,10
553.7676559251792,1
553.795080286895,2
553.8078234295473,5
553.8158858610034,13
553.9545403453751,18
554.0023321791197,7
554.1786049422096,24
554.1905763128518,26
554.2434025872209,15
554.289591823609,15
554.3864384512639,5
554.4224286104012,15
554.4977177492947,24
554.5174466880256,10
554.5472302646251,2
554.5484705887787,21
554.5608799194771,7
554.578219872478,2
554.6548386103732,26
554.6604930691673,1
554.7126778189056,16
554.7857241583888,21
554.862828646677,5
554.8764703229818,4
554.9263500280834,1
554.929397476255,4
554.9675805296907,15
554.9678064833404,3
554.990384486324,5
555.0426564141168,1
555.0920936686413,1
555.0924864333997,28
555.1265448693636,11
555.1397040699957,3
555.1475207197477,21
555.1508797802757,2
555.166234812022,2
555.2203519436506,1
555.2316423518578,2
555.3668329999009,3
555.5877271205338,1
555.5954467036062,8
555.6854397525441,6
555.7025381618647,10
555.7144497840999,1
555.7521967038671,5
555.847013512982,3
555.855459874789,4
555.9336565442408,6
555.9655045948136,10
556.0789930929161,2
556.1218235830253,4
556.1636122117336,1
556.2548494554112,1
556.2674136666518,1
556.2853003797204,24
556.3547495748056,1
556.3956601857552,4
556.4110406284002,1
556.5336615351583,3
556.5631275904716,2
556.8190651162836,12
556.8207818838292,10
556.8346539852852,6
556.8385236759057,7
556.854982143439,27
556.9220505134493,2
556.9705102439061,7
557.020655446062,11
557.0241628349653,2
557.0296336466175,10
557.0716710504814,15
557.0845051398892,7
557.1796535877133,2
557.2176421865316,2
557.3356362100495,2
557.4074551838927,13
557.4931040312143,5
557.5468585211944,14
557.6274319349313,1
557.6399429536178,19
557.6645107701065,18
557.7265190516944,4
557.7340597404773,11
557.7637069207315,14
557.7763468919376,8
557.8128898052857,11
557.8386674503541,1
557.8670606142825,2
557.9305073556357,1
557.9718557404399,22
558.0044382522918,28
558.0047308024201,1
558.0056339337339,1
558.0640510795026,1
558.1007088469328,11
558.1826280850253,20
558.1860655348587,2
558.2052034745118,14
558.2559395314777,22
558.2841196074836,2
558.3409319707287,4
558.4010794676849,20
558.4170491973364,15
558.5181587091091,10
558.5289200110897,1
558.5503888290591,18
558.610766164535,7
558.651888928227,21
558.6586686565661,1
558.6704843187863,20
558.7789753297517,1
558.8049253214648,2
558.8052563394818,9
558.8212054159997,16
558.8537724530537,10
558.8751107422524,13
558.9188187086783,21
558.9994301152341,25
559.0041969283589,29
559.0100590661613,16
559.0410476089423,3
559.0662449160518,1
559.0698741764365,5
559.121020372902,24
559.1416829897801,15
559.1490813892083,2
559.165014357285,11
559.2129332398555,7
559.2154062467963,5
559.2627211176501,4
559.2644247279759,20
559.3046391674158,3
559.3411010145959,14
559.3582608737246,8
559.3622672181906,19
559.3930813460905,3
559.3959298396688,12
559.4146871364354,3
559.4460716960806,1
559.4530338508426,23
559.4812167765094,9
559.5190644240636,5
559.608474278726,1
559.6257382671675,8
559.6931954036343,1
559.7045208661153,1
559.7147857120812,9
559.7237115570572,1
559.7924805277246,2
559.8101892940828,7
559.8444431592527,20
559.8494729155508,26
559.883560398593,5
559.8835742925953,17
560.0770071957526,9
560.1150493515734,7
560.1415499670097,1
560.1761402218043,17
560.2009226075644,3
560.2017954502373,19
560.209985769126,10
560.2416434879443,5
560.2755692649168,2
560.318485733434,2
560.3434744548323,3
560.3443044606936,6
560.3511243099749,6
560.3889090163977,29
560.3929052557855,28
560.3992734511465,7
560.4549235018699,12
560.4568539407443,5
560.4942407936512,17
560.4996698546287,29
560.5153083206211,26
560.5196682269121,3
560.5782032531464,10
560.5794986932622,1
560.5869706534554,29
560.6304589780416,14
560.6388318872447,4
560.6401503890588,1
560.6423811647974,10
560.6595928452379,5
560.6908690533774,2
560.7051337570207,3
560.7306777477451,1
560.7320107657832,5
560.7346329607786,17
560.7359183900819,2
560.7813892445777,6
560.7939552992647,3
560.873194502982,11
560.8744577666374,6
560.8823531510698,1
560.8868998906399,1
560.8920832109923,12
560.8981286415756,7
560.9176639990553,1
560.9176711565945,2
560.9518561741812,1
560.9965308035594,1
561.0343638051421,9
561.0757305064056,19
561.0936246515872,13
561.1029352666022,15
561.1226612489291,1
561.1419199117827,25
561.1480792274259,5
561.1525718273139,19
561.160410049924,1
561.162010256153,5
561.1679981503563,6
561.2047538445628,4
561.2233271721002,11
561.2591340747717,5
561.2607912298656,13
561.291409789388,2
561.3323087180348,6
561.3974548980028,1
561.4031780902027,1
561.4148416851816,22
561.4342897577642,9
561.477397881426,29
561.490300411982,24
561.504854281944,2
561.5464982497749,5
561.5467288620448,22
561.5796369174421,9
561.6096050314965,1
561.6124149557317,4
561.6634191861621,23
561.6805039439195,8
561.7137725142018,13
561.7246347800816,9
561.7316063419937,18
561.7319855151646,4
561.8328384744319,3
561.8821806112179,2
561.894169837875,5
561.8998738288159,1
561.9215795901493,7
561.9294576818073,1
561.9332673415469,10
561.9454551849985,3
561.9615252658651,5
561.9657662177707,1
561.9696602794955,17
561.9728521826758,1
561.9728999341384,4
561.9750225553677,1
561.9813658245508,25
561.9832012346793,15
562.020990753651,3
562.0239953651633,1
562.0353326121264,7
562.0388940837165,6
562.0497676751818,3
562.0552629588794,14
562.0707508503741,4
562.0829947757886,26
562.0983314028226,4
562.1102879563591,9
562.126559952699,3
562.1479884218816,15
562.1606892419983,1
562.1718662276612,1
562.1785955624858,13
562.184605632103,1
562.1901403853819,1
562.1948014718363,16
562.2101318961426,1
562.2266925562254,1
562.2270227000896,1
562.2505503320664,16
562.2616774404397,7
562.2676287866003,24
562.2702116156288,2
562.2738073196309,2
562.2812634364976,6
562.2928631437594,1
562.2944593743478,7
562.2959290340066,3
562.2973946213804,1
562.3152628465398,3
562.3166269788555,15
562.3246465463874,4
562.3499030121885,2
562.3510115514072,16
562.354366708294,2
562.3658596828885,3
562.3839072069817,21
562.4032507116923,1
562.406416969194,4
562.4074972901493,20
562.4130172525724,9
562.416081983098,2
562.4313407076967,11
562.4343905127508,26
562.4470946726791,4
562.4656722318106,12
562.4825434922177,17
562.4837736456805,4
562.510480104554,6
562.5141397125736,1
562.544598814458,17
562.5565512129056,8
562.5715896765286,1
562.5960482999913,4
562.5987568962612,1
562.6022871863926,1
562.606744277142,4
562.619150307997,3
562.6308608157266,1
562.632218216321,1
562.6343982006431,8
562.6367880341417,3
562.639627974497,4
562.6401473063246,1
562.6614998384251,4
562.6656002874929,6
562.6797392273095,12
562.6843481958956,1
562.6930200312231,28
562.6965947612712,4
562.7028876819735,19
562.7044345170051,6
562.7057968302234,5
562.7068538548895,28
562.7123166456435,6
562.7136146912429,12
562.7157522874498,10
562.7204798772653,8
562.7244071050646,4
562.730424714502,4
562.7377484398042,6
562.7533120866918,22
562.7597901511267,1
562.7621770453911,1
562.7667174991382,2
562.7714435526658,8
562.7906124302259,16
562.7971111435905,20
562.7984291048579,1
562.8046584597786,1
562.8207957034258,9
562.8266101082967,22
562.8476923210968,4
562.8686638738765,2
562.8816424232165,3
562.8982960578259,22
562.9041240518126,26
562.9194331712143,1
562.923648036979,4
562.9461498525804,22
562.9524758395271,21
562.9647297390774,17
562.9746135878265,27
562.9758043025057,1
562.977658198142,12
562.9846841642523,3
562.9963782109761,19
563.0093726560815,17
563.0180926694393,9
563.0226062782697,22
563.0409426810636,1
563.041238495492,6
563.0412802864608,7
563.0465767530886,3
563.0572032303928,4
563.0593613174805,18
563.0594448125797,1
563.0639098381046,3
563.0728997234531,7
563.0816906460489,9
563.0838445051494,6
563.0849135217817,7
563.0966287137429,2
563.1092439189084,1
563.109703864409,4
563.1125798171322,9
563.1196644093333,19
563.1326801131481,5
563.1435342414811,4
563.146350234568,9
563.1492773634563,6
563.1648997902295,25
563.165329297547,23
563.1685195442644,4
563.1838660507974,4
563.1843996878059,10
563.2113739032558,7
563.2139947538204,2
563.2231990121466,2
563.2240944677189,1
563.2245391473126,1
563.2260917508615,25
563.2286894443461,4
563.2365061439381,2
563.2440643812951,22
563.244116538461,5
563.2510365011727,13
563.276889908889,25
563.2806304196088,26
563.2979882328518,26
563.298906486418,11
563.3060109489841,1
563.308175114747,13
563.3089254021523,2
563.3139024557804,26
563.3146745406104,6
563.3266612001158,9
563.3389845585714,10
563.3407598028065,2
563.3511048825728,4
563.3545966031114,1
563.3629441794728,6
563.3752476410813,12
563.3790855957973,20
563.4034935850426,2
563.4155661460493,10
563.427444177921,20
563.4407914371468,10
563.4441531634919,3
563.4470511674928,5
563.4536727390847,2
563.4619357083299,9
563.4747319301634,14
563.5062095312067,14
563.5439366985709,4
563.5502960071681,11
563.5622251952457,13
563.5721273046007,2
563.5905556243123,9
563.5980057367816,14
563.6011072362869,16
563.6406516706564,3
563.6441153878096,1
563.655436559741,3
563.6610087037044,16
563.6781965675367,20
563.6818001374039,7
563.7036613153462,15
563.7052088496273,1
563.70864111594,1
563.7153253671041,4
563.7215096675799,1
563.73184226897,15
563.7405862996368,14
563.7407009445111,12
563.7419444843295,7
563.7473596751329,2
563.7510274874625,1
563.7516843153877,9
563.7695106982542,19
563.8057066093899,8
563.8238461447422,23
563.8245974246498,6
563.8257138649021,5
563.8430154763984,4
563.8446271908894,29
563.8842740189028,8
563.8953093037369,1
563.9147778859395,4
563.9176492200643,4
563.9177565418993,6
563.9186247725235,2
563.9186641534944,2
563.9365539564084,2
563.937149981909,8
563.9527766115974,4
563.9606179735418,5
563.9606230776718,3
563.9633674910881,21
563.9714836260953,15
563.9732656757229,3
563.973711363669,23
563.9759075917281,8
563.9776499669338,5
563.979250569237,21
563.9839920962764,18
563.9843675380573,2
563.9978311474874,3
564.0062925297336,12
564.0193265194544,19
564.0201694127383,1
564.0219272328071,1
564.0336902112886,3
564.0348508090366,3
564.0510700232797,3
564.0527996985808,3
564.0557976392422,4
564.0669343620681,10
564.079606607629,5
564.0835899646534,7
564.0944031735552,24
564.1124325749325,29
564.1236814260071,4
564.13175488993,6
564.1321164541249,3
564.1344415406048,3
564.1404326811651,4
564.1437289341259,1
564.1467317048186,4
564.1596374325494,21
564.17549781596,4
564.1878710562581,3
564.1992455461819,11
564.2007474699517,10
564.205385950108,7
564.2179031242895,2
564.2270644712256,5
564.235066136596,4
564.240044187683,3
564.2433626112849,7
564.2540830175636,7
564.2543540744637,8
564.2547974514558,1
564.2714894613837,19
564.2777996778178,2
564.2778394345321,1
564.3003556738043,6
564.3086893983103,1
564.3101575556074,13
564.3163905417141,19
564.318132143635,7
564.3286258566961,11
564.3325811952122,5
564.3344849628261,5
564.3416030204927,14
564.3461292509202,10
564.3556659749142,29
564.3755399425048,3
564.3830292355713,5
564.3965270531633,6
564.397898591192,28
564.4045514223782,16
564.446722862635,7
564.452465567911,18
564.4559203011656,15
564.4682294644617,4
564.4695688883314,1
564.4764849707077,16
564.4806122481007,26
564.4814335579824,9
564.4939238383131,3
564.4959827259033,7
564.4973844474129,1
564.5128141929591,2
564.5137943719723,22
564.5250488914453,7
564.5376258243142,3
564.5386252013244,1
564.5512793690962,3
564.5551263687255,3
564.5591347199705,1
564.5723410779226,20
564.5891943400208,1
564.5952848453015,18
564.603014639973,19
564.6060996293699,3
564.6163004674078,18
564.6557027990027,5
564.6577397328167,1
564.6587289449901,23
564.6698139403495,2
564.7027305293608,7
564.7047759875664,3
564.7068113343543,17
564.7232925274709,1
564.7437802236952,8
564.7497695575275,2
564.7631702827488,1
564.7789498969954,15
564.7935204870847,13
564.7967993807198,8
564.7989977392821,13
564.8100091974885,1
564.8472066823366,1
564.8532114308902,7
564.8726514828368,5
564.8918383102069,20
564.9064184773416,20
564.9236566414158,5
564.9259402497895,1
564.9277079368809,26
564.9338736256344,19
564.9421366294495,20
564.9676676785429,1
564.9685047211775,9
564.9716817173065,16
564.9722708715236,1
564.9728803724176,7
564.9773264418955,27
564.9970568985356,1
565.0170672683183,5
565.0263252639164,16
565.0275738581238,3
565.0350969501238,1
565.0390407691939,13
565.0748940884723,23
565.0779620263104,17
565.105557256756,4
565.1156264435599,5
565.1209592090519,15
565.1487821096321,13
565.1520239485319,8
565.1612253461193,1
565.1769393617423,3
565.1883113368324,13
565.1896195143484,13
565.1934165595114,28
565.1950875427283,2
565.2104238470355,1
565.223162128794,3
565.2331801597168,3
565.2337620273195,1
565.2700824491047,1
565.2787239324931,2
565.2892453242849,3
565.2927759572004,25
565.2949616671048,20
565.3174574405057,2
565.3185315160583,1
565.3275731607947,9
565.3611910708912,17
565.3649890536846,21
565.3663847452062,27
565.4016461597208,7
565.403184932173,2
565.4116525974331,10
565.419280692929,3
565.4231292082846,21
565.4237288283061,17
565.4540597374239,1
565.4678581229497,1
565.4773535836043,9
565.4878776133113,2
565.5064455381329,23
565.5067168090582,5
565.5300288746755,6
565.5308231013174,1
565.538075523104,13
565.5549362575177,12
565.5556557035814,1
565.5570850040697,1
565.5620680468243,5
565.5794002190077,8
565.5880888701648,23
565.6256771692364,4
565.6443636457009,1
565.6459160910443,5
565.654792176479,1
565.6573262662812,10
565.6630082199457,15
565.6727536856899,3
565.6789983398619,28
565.6866929592256,7
565.6871522552757,1
565.6911281839456,10
565.6968089457594,7
565.7070243151591,8
565.7073198312378,3
565.7099543623066,20
565.7136909304828,3
565.7141777875219,9
565.7191945454952,13
565.7347447548052,2
565.7487343683563,3
565.7730891378455,1
565.7784705898313,9
565.7895787172972,26
565.7909365866823,5
565.7992545591633,2
565.8043818015552,12
565.8352409616488,10
565.8437482427167,10
565.8623909760123,26
565.8636303786411,8
565.8758018155428,13
565.9104024970567,1
565.9147238187952,11
565.9214754852835,10
565.9234785987512,1
565.9414116058217,1
565.9540050551959,1
565.9540873584622,1
565.9643815223628,15
566.0018179911766,1
566.0048653766601,1
566.0148222948791,2
566.0311805015258,3
566.0348865321964,2
566.0499249488773,7
566.0534232194583,26
566.0599244068287,1
566.0631238708189,7
566.064133145266,4
566.0662692270294,21
566.0684404229446,15
566.0725970469124,25
566.1037178983233,28
566.1115538436115,1
566.122803377962,5
566.1459598228292,21
566.1477156390549,9
566.1643296990267,18
566.1870476851884,2
566.1911609533013,8
566.2052805586472,1
566.2060548868933,8
566.2078094204934,2
566.2087682788608,1
566.2171992732499,2
566.2202553503305,12
566.2456779143313,21
566.249620010348,8
566.2527197967186,14
566.2576683005333,2
566.262673386105,14
566.2727625187295,13
566.281062760295,16
566.2869899755415,8
566.2965080176358,22
566.2988756083041,27
566.3185298800529,11
566.3276818970951,1
566.3493726919138,2
566.3759508175522,2
566.3765951429189,1
566.3862799587267,10
566.3862883648281,11
566.3929249999005,2
566.4133830475388,1
566.4170185645614,3
566.4255558652206,5
566.4301444206684,1
566.4511087381541,2
566.459338551316,2
566.4619919315788,6
566.4688304359237,3
566.4916683650259,8
566.516540702273,17
566.520246548981,16
566.5379135430082,14
566.5380992437122,9
566.5596531657994,15
566.5753630784477,17
566.5833596303662,23
566.6011733831697,16
566.6300807032437,1
566.6386964136776,25
566.6389170410021,4
566.6436235436962,2
566.6508880343717,16
566.661116408069,14
566.6645313406489,7
566.6773341544042,21
566.6818649755787,4
566.687801888509,10
566.693213897883,6
566.7224042900579,5
566.7372743839777,1
566.7401442157676,1
566.7418483247355,1
566.7512107099911,28
566.7745971110751,5
566.7826062568529,5
566.7876156512615,9
566.7995240990746,3
566.8044633688575,7
566.8166272004464,25
566.831556129151,3
566.8494078120586,5
566.8662612166911,21
566.8841127091957,2
566.8875376204832,7
566.8942904757376,11
566.8949216222858,3
566.9114460287551,8
566.9189352783488,12
566.9198509815061,9
566.9288124795198,11
566.9442510602198,16
566.945456117272,13
566.9567868678987,8
566.9604411415758,18
566.9634602516018,8
566.9694333494012,8
566.9791227397392,3
566.9799944562923,5
566.9808270097682,4
567.0089540424868,2
567.0275045883591,4
567.0511700862006,8
567.056545555679,6
567.0712041976384,1
567.0762615212927,15
567.0785039781977,1
567.1096996308693,1
567.1201252519222,5
567.1243848733843,1
567.1408978271506,2
567.1598008488647,15
567.1775851260886,3
567.1898777818564,2
567.2060142426167,1
567.2091350595493,1
567.2154194171529,1
567.2222713850039,24
567.2243969755268,2
567.2444280882918,11
567.2604690689992,1
567.2629412578644,23
567.2688315220222,15
567.2858972976705,11
567.2964802016351,14
567.3055612008121,1
567.3224456468103,9
567.3352672593883,4
567.3361636675158,26
567.3656298043932,11
567.3853382858471,4
567.3874693566821,10
567.3900855817736,21
567.4093483140371,1
567.4350247075179,23
567.4367823205018,5
567.4610860493718,7
567.468477165326,2
567.4804284821173,21
567.4872492548319,2
567.5000170797427,2
567.5894068634968,7
567.6002144726172,2
567.6083034950663,1
567.6195424906181,2
567.6261550348542,24
567.6279491069664,1
567.6442423043634,7
567.6847421682627,2
567.6880685911185,13
567.6900249344673,1
567.7016006134949,7
567.7019519501898,18
567.7164064688991,11
567.7253497542672,9
567.74356368713,1
567.7495605913139,1
567.7639784696813,2
567.7842710812422,4
567.7937707705345,2
567.7969795729147,4
567.8007629220564,7
567.8076690799775,8
567.8090357004714,2
567.8093442846742,11
567.8190883003768,2
567.8397337836019,7
567.8402423652063,12
567.8463897640526,14
567.8510832271921,16
567.8640576744574,23
567.9227382303828,22
567.9355591819552,1
567.9379324385,27
567.9488164002736,14
567.9665248138217,11
567.971752668041,5
567.9723380387358,1
567.9762312290326,13
567.9803677233673,1
567.9919003687328,14
567.9995045613093,21
568.0441679300342,2
568.0441900684809,1
568.0475796353898,10
568.0553410606273,23
568.0577640622789,4
568.0796661146749,7
568.0925117422015,20
568.1053240213844,11
568.1086090764505,5
568.1102754895139,1
568.1251495967691,4
568.1268379032649,4
568.1282511573726,29
568.1426212501771,1
568.1469618588127,1
568.1549007887194,8
568.155269552589,20
568.1866816519638,1
568.1882668339798,3
568.1983495285525,1
568.2165046075659,1
568.226749773253,22
568.2317811341253,16
568.2425550144638,11
568.2503090165673,14
568.253101968264,1
568.2764142763368,5
568.2794830536909,10
568.2948665122508,16
568.3116390234259,6
568.3307469697575,1
568.3438312564809,6
568.346625385274,17
568.3676221451948,6
568.3877189936534,5
568.392821189673,8
568.3929655760676,1
568.3941637810507,6
568.4093728306007,8
568.4095812039754,16
568.425353493778,1
568.4264489440325,2
568.449093007098,1
568.4831602642721,1
568.4969896139593,21
568.5051006740223,12
568.5198753567732,1
568.5239228160751,9
568.5644137864396,1
568.566195762047,1
568.5664513924257,3
568.6050917344284,4
568.6107695055582,2
568.6192249888473,1
568.6207729132257,4
568.6354693544249,1
568.6729752706553,6
568.6830805862796,6
568.7258771491204,3
568.7372834630166,4
568.7575997836682,5
568.772198851898,18
568.7846049384694,2
568.7934283786949,25
568.8074069866765,3
568.8270061305969,27
568.8331416754614,28
568.8401321690437,29
568.8436875277775,13
568.8450048622981,11
568.8675175371599,5
568.8927036499449,3
568.8936396184439,10
568.9109390023716,29
568.9146034288802,6
568.9195287417435,19
568.941568138946,24
568.9431022969312,1
568.9876747970029,8
568.9997409074838,9
569.0135560484163,3
569.0255674950262,2
569.0272974084548,24
569.0504853149025,18
569.0552480113662,4
569.0641757133969,2
569.0992829355155,28
569.1029421732942,2
569.1164879202191,20
569.1196519056062,1
569.1356452519706,5
569.1738029226073,2
569.253827480282,7
569.259732739044,5
569.2631274420779,3
569.2665984232833,2
569.2722220704729,1
569.3348712970483,9
569.3472868185377,14
569.3668652678284,26
569.392864496804,3
569.4185706903029,7
569.4503568771112,5
569.4700886353027,3
569.4760623144292,3
569.4843254032054,2
569.4984216061564,23
569.5119038969926,2
569.5215827485547,21
569.5295106593552,3
569.5824731224441,2
569.6233856196492,28
569.6326642499896,1
569.6400736042393,27
569.6463554679118,25
569.656556001844,15
569.6586444813707,2
569.6605071390642,5
569.6787105090722,1
569.699657643451,1
569.7690336833139,10
569.7731454718224,16
569.8170182094394,14
569.8292163845019,1
569.8337668552232,17
569.8502390372336,8
569.861355151816,6
569.8721038904433,16
569.9144445957204,1
569.9272898774578,9
569.9591232817721,22
569.9851832481081,6
569.9919121641997,3
570.0103408397266,12
570.0665624354923,17
570.1066074085423,14
570.1157018354356,22
570.1610430856321,6
570.2177704460705,1
570.2394835623594,7
570.2988203381188,1
570.3270700310381,1
570.3560083168926,20
570.4369894948965,8
570.4438825376801,17
570.4733581466958,7
570.5187029126828,3
570.6798944529664,8
570.6842806021097,2
570.7318852969379,17
570.740824270548,2
570.787364416572,1
570.855343802089,3
570.8592423388471,12
570.9326199443943,2
570.9497046102223,13
570.9555388669038,29
570.9867355038633,1
571.036428151931,2
571.0813298149664,1
571.1945639200803,6
571.2041281063998,3
571.2070248289126,5
571.2312153406344,1
571.2529924246853,6
571.3276986947487,1
571.4287013593333,10
571.440569760086,3
571.4525982154969,7
571.5362946726398,15
571.5511767085483,7
571.5538577779542,1
571.5576999693283,10
571.5600605894398,1
571.6450013743638,2
571.6718524038378,6
571.689785543772,14
571.7119902410112,3
571.8024068590322,22
571.8033404927759,5
571.9481343809008,1
571.9713373656159,6
571.9960059087516,29
572.0098568417828,4
572.0176990396252,3
572.0545025180654,27
572.079292732639,23
572.1066985021699,1
572.1084042542959,1
572.2204228231047,5
572.2726474241733,3
572.2931890624623,13
572.3356206997595,2
572.4419708202329,3
572.4898075132506,1
572.5405261069363,1
572.5651667022776,13
572.5817243212713,11
572.5924666629081,1
572.6201863338583,3
572.6400143317128,29
572.7226485166706,1
572.7414753644126,16
572.7471885341761,2
572.7908933549976,17
572.811307747645,14
572.833257988373,13
572.8476926283374,7
572.8736370608763,16
572.9114304127761,5
572.9362892461161,28
572.9491333376029,7
573.0474772263125,1
573.0489549986879,24
573.1296259209445,13
573.1370447605409,3
573.1782141561433,11
573.2024588336558,7
573.2069864596662,1
573.2158722312266,8
573.3145201522757,12
573.3461773660737,1
573.5367579636645,3
573.5429456713108,4
573.6444738709199,2
573.713245110969,1
573.7430266317856,12
573.7663744267868,7
573.7797277326924,25
573.8463237494993,14
573.8610424052605,1
573.9566964190615,9
573.99579068471,1
574.0099169569348,8
574.023105057414,2
574.0328339887325,14
574.087607714674,1
574.1102762113488,29
574.1330318660168,2
574.1465594185047,2
574.1548902025584,27
574.1931636016317,4
574.2351178888026,1
574.2572942370931,16
574.2574086894509,2
574.28769787369,2
574.2892183473072,16
574.3090786111339,16
574.334755867933,1
574.3800618942449,1
574.5365905217915,17
574.5512480570949,4
574.5608231173198,10
574.6519282076463,16
574.6683425050002,17
574.7155118278957,8
574.7391709089135,27
574.9413160799136,1
574.9740616528558,2
575.0296324601173,3
575.080703656564,3
575.1392928913072,1
575.2703305674017,27
575.2736157425402,4
575.3440735168164,25
575.3731596251788,11
575.4145589099608,11
575.4154724371344,5
575.4383180156491,6
575.5150454517633,16
575.7166670173472,8
575.7774666671111,11
575.802264451091,1
575.8047982361605,26
575.8070319337866,12
575.8252421765591,8
575.867328050003,3
575.9077185128043,24
576.00926575892,20
576.0575331612228,1
576.0604196207107,12
576.0986314073167,3
576.1860790219434,1
576.2231258366043,15
576.4243578448346,28
576.4452420873885,5
576.4497569625503,3
576.4525804882514,3
576.4641083884406,4
576.6011899242104,15
576.6194413625421,11
576.6669947696832,7
576.8582554576612,4
576.9228451068426,5
576.9315077862337,4
576.9565624055035,4
577.0114228005204,28
577.1534895241111,7
577.1875105223744,4
577.2115276611718,28
577.2316688801435,4
577.2335701958123,13
577.2410866743668,21
577.2509886010555,23
577.2724675127395,15
577.4696383197158,1
577.5139925568911,15
577.6366836199002,13
577.6520263376204,1
577.680552286408,1
577.7290520559507,11
577.7764787972548,26
577.7941003362762,6
577.8618157324576,20
577.9739879028936,1
578.0264135311038,20
578.0569135457638,11
578.0985085774025,26
578.1333750201514,1
578.1341114634089,1
578.2326700221861,24
578.2504178511447,10
578.3019455706401,3
578.3487382119762,9
578.3817172112919,16
578.3976002704273,1
578.4144846036602,2
578.4177050551859,23
578.4405075261676,1
578.4638213942792,7
578.4732961060594,1
578.4817640966876,16
578.536054483657,19
578.6180525038206,13
578.638510333709,1
578.6760418327016,4
578.6770522989991,1
578.6793741978516,26
578.6818368983627,5
578.7612702791888,1
578.773382924379,9
578.7973414792441,1
578.8649615975274,28
578.887791310132,26
578.893210948384,2
578.9147428049192,19
578.9207937745953,4
578.9709908680504,18
578.9902763188671,1
578.9942559607857,17
579.0933423949596,9
579.1552140347117,25
579.1695004818348,4
579.1974278626483,3
579.210984691316,2
579.2116830321487,1
579.220243053691,2
579.2215852563133,1
579.2260746103517,2
579.2321408387065,8
579.2542157993453,1
579.2701551835762,1
579.3855093622387,14
579.4148305005288,2
579.4627738806587,9
579.4958257467248,11
579.5132370018234,3
579.5759485947341,3
579.5765479173243,1
579.5815017400595,2
579.5996637489828,9
579.7083773243863,6
579.7500676484287,1
579.7504512872669,4
579.8114354599212,18
579.8132529693489,4
579.8273213608918,1
579.9701317433053,26
580.0192543877058,20
580.0217791882923,4
580.0423684330669,3
580.1226726098865,10
580.2762135535293,17
580.3129761349904,2
580.3342757076838,3
580.3455755722987,19
580.3811146840737,4
580.4066289262561,2
580.464666294635,17
580.5073246778697,1
580.5113895927858,1
580.5489199556265,9
580.5550155894686,7
580.5758634995308,10
580.7118433073651,4
580.743581929303,1
580.7788464133225,1
580.8075621542266,9
580.816295598008,11
580.8453474758134,4
580.862331968909,15
580.8863788015815,5
580.8869975511162,3
580.8874976783162,1
580.9130184650091,24
580.9360454923657,16
580.9760322917958,15
581.0059209175649,1
581.0836472794987,8
581.1039366754392,3
581.1739651141619,27
581.1740030087786,1
581.174886753521,6
581.193293156393,5
581.253534407348,2
581.2798845713296,3
581.3077750846999,1
581.3219106350368,1
581.4183479284691,23
581.4551967090013,2
581.4615890068537,3
581.4795824513019,3
581.52549683379,20
581.6619985395831,1
581.7330352903581,23
581.7390798153269,11
581.7448579847528,17
581.745230801474,8
581.7698694711574,7
581.7937655974142,2
581.8005790648252,11
581.8212211610982,17
581.8309903791293,2
581.8821327210155,8
581.9071887811031,2
581.9202363598446,29
581.9700039658817,23
581.9951350460141,8
582.025987679241,2
582.0455396514171,5
582.0481626913644,6
582.0727084028891,2
582.1080106005238,23
582.1209226501145,2
582.1367527110053,11
582.2064215294474,13
582.2092255617391,6
582.232309527981,9
582.3651851035427,23
582.4296846505017,1
582.4326927205267,15
582.4487582935864,13
582.4975137842245,5
582.5406247168523,13
582.5789503288337,1
582.5893010104827,11
582.6159530638713,2
582.6388850801796,12
582.6477032059169,25
582.737059516701,21
582.7567136642272,1
582.7575124141591,5
582.8102605469697,1
582.85055589754,8
582.9039633933152,3
582.9111320288462,4
582.9169693112749,7
582.9273968945116,28
582.9712273791492,1
582.9787020090704,8
582.9916836745713,18
582.9956695756854,9
583.0135445432506,14
583.0177282646523,6
583.1107934832513,1
583.1935766764957,26
583.1944815892341,2
583.224449580092,6
583.235644746521,14
583.2656034655832,1
583.310958408604,5
583.3370276560618,6
583.3591354088583,2
583.3736299842873,2
583.3890592258145,4
583.3901577950637,7
583.3907660341337,5
583.3925744230153,6
583.4868601928353,3
583.4870953008711,1
583.5135770204022,2
583.5329646037887,22
583.5388843121298,4
583.5442169134956,2
583.5485738817974,3
583.5567000143014,14
583.5806700473693,2
583.5973216762,17
583.6192252458229,5
583.7981378513912,6
583.8599774255036,8
583.8937956915504,5
583.9413480683128,5
583.9673989106176,29
584.0097830006484,5
584.0158135461544,6
584.0176447055169,24
584.0209275085721,4
584.0378612522221,7
584.0618210326376,2
584.0691233497516,2
584.0882221744965,3
584.0914195344353,1
584.1335494511748,9
584.171467487113,7
584.1723340316178,4
584.1917057153985,23
584.2302520882458,16
584.2372775440032,3
584.2449847958983,11
584.2494268161989,5
584.255719810103,16
584.2903631344001,1
584.3301946716718,16
584.3482748816483,1
584.3984927323517,2
584.4304720955558,13
584.4527310561654,6
584.5047408008243,1
584.5421424887666,5
584.5528968133718,6
584.5680990834464,1
584.6356074621673,13
584.6415781083147,5
584.7086377528184,1
584.7248490546132,1
584.7312291243728,10
584.7340504549636,20
584.7615459606246,3
584.767041255903,1
584.7830122981351,6
584.8140814177025,1
584.877388836436,1
584.8797097925494,2
584.8876781752268,25
584.9098218756681,2
584.9115643405672,6
584.9165878502239,13
584.9277010693932,8
584.9520258272483,19
584.9684448266379,25
584.9777061302923,2
584.9779332114981,4
584.9785914510667,1
584.9866883616123,7
585.012367320336,15
585.017016908817,2
585.0370394877181,1
585.1106749240432,27
585.1370830529635,1
585.1600946135286,22
585.1795273282972,2
585.1850685917735,21
585.2031658587059,28
585.2200789544062,18
585.2245063379968,4
585.2704849242199,2
585.3274124716348,22
585.3800929613517,21
585.3812633650886,7
585.3938611326977,1
585.3948621467508,6
585.3949493287939,25
585.4055833391885,10
585.4127201240178,11
585.4128492872784,3
585.4544810577448,9
585.4608514287432,6
585.4675758962717,2
585.4762585927535,11
585.4833814082294,8
585.5263754860376,2
585.5265439685527,23
585.5773596936538,23
585.5793967099954,3
585.6347226756158,7
585.654556631973,8
585.6612888290605,3
585.664012125257,17
585.706995112316,7
585.7135181563883,5
585.7219715723332,7
585.7451878092293,2
585.7484141446813,12
585.7619582749344,9
585.7733909719218,7
585.7984474769592,28
585.8110809666758,24
585.8153778296293,7
585.8199268342751,4
585.8296497687235,2
585.8821273218588,17
585.8999130223641,27
585.9033773885317,23
585.9158617646449,7
585.9330374234262,3
585.9495091861129,1
585.9725905368535,1
585.9852717843954,1
585.9909892585413,9
586.028797352893,19
586.0402098188266,1
586.0538381041276,28
586.0637378544117,1
586.0662162572487,7
586.0761578360319,26
586.0812613378614,1
586.085783356405,13
586.1194670760962,2
586.1237468175657,2
586.1505945306072,2
586.1584260992756,15
586.2126782439149,1
586.2211328886876,23
586.2349291237546,16
586.2681100386226,4
586.2870410210559,17
586.2920077283597,22
586.3062366346005,12
586.3076586967162,16
586.3180500015978,18
586.3182973166018,4
586.3222285402846,9
586.3337824392254,14
586.3395431836844,3
586.3717888792928,3
586.3854281926184,5
586.4038648475901,15
586.4097373749745,2
586.4164814840464,9
586.4696811339978,3
586.479802129128,21
586.4899507306573,1
586.4919309411745,8
586.4966946434218,12
586.4999712659702,16
586.5007187969252,2
586.5130433708352,17
586.5164888861383,17
586.5309109053019,8
586.5346841107305,13
586.5685477806943,5
586.5691990934218,1
586.5797497235641,14
586.6021375823319,23
586.6029550919819,5
586.6079415237787,10
586.6226422161554,2
586.6281681944412,1
586.6351508143526,10
586.6434520233296,9
586.6523542267556,7
586.6585362985442,1
586.6617945993274,1
586.6707251287321,2
586.6713694194706,4
586.6734338872245,1
586.6778669289557,7
586.6805692657955,3
586.6806129794155,2
586.6958066948091,1
586.7056323712758,6
586.705750054881,2
586.7116427391866,1
586.7148558606317,3
586.7300605434207,17
586.7324136493916,1
586.7327940777627,2
586.7359730123769,1
586.7388692293871,20
586.7647583724482,5
586.7698246822025,5
586.7768503784631,6
586.7911273470913,1
586.7931030143556,1
586.8167413952144,20
586.8381996001649,4
586.8492219682345,3
586.8511678493977,10
586.858253222634,5
586.8692854273894,15
586.8736750085135,23
586.8979935809496,1
586.9054918459161,4
586.9062029006087,10
586.918533074144,9
586.9249515758702,1
586.9422378378121,3
586.9662131448302,18
586.9666584566817,15
586.9919394813018,20
587.007076509192,11
587.0139203847792,2
587.0170446960332,3
587.0257340047638,4
587.0380023837068,26
587.042726595261,28
587.0494759538543,10
587.0678147880363,3
587.0678993881367,10
587.072883349067,18
587.0775218907862,3
587.0875382226482,28
587.101662282167,1
587.1049825056904,1
587.1067236986072,9
587.1231383161183,11
587.1308984410936,8
587.1406256520019,5
587.1575675937725,16
587.1725297845448,5
587.1745655721387,9
587.1910435403634,1
587.2072802388212,4
587.2095837842047,2
587.2100245881733,2
587.2127514309674,17
587.2173615602892,8
587.2199142874639,17
587.2273514020966,2
587.2319170869386,2
587.2521583296614,9
587.2684443554155,1
587.2693342556211,2
587.2711676294425,2
587.2724991110593,14
587.2762470329177,1
587.2874815608124,14
587.3217822158925,1
587.3233996018189,2
587.3242299177463,2
587.3361557514608,4
587.336841919501,3
587.3480114620055,2
587.353975893255,3
587.3590481165373,5
587.3641948478036,1
587.365070520323,1
587.3678005879103,3
587.3704350684555,3
587.3706597010975,22
587.3728295848757,3
587.3904817859876,26
587.3963087102139,19
587.4030118926905,25
587.418812175667,1
587.422102140752,8
587.4230917453309,3
587.4299038927353,2
587.4330984998913,3
587.4442338299986,12
587.452575632437,2
587.4576436304925,1
587.475390329768,18
587.491298497398,9
587.4989044009748,19
587.5028862124553,12
587.5056360672166,1
587.513005395055,26
587.538243763394,4
587.5493603665942,6
587.5511245287079,9
587.5651769708587,19
587.5718949777752,20
587.5752599714715,1
587.5804449631139,4
587.59223580135,6
587.6110572406589,17
587.6164833194129,27
587.6358119397372,8
587.6396032388835,7
587.6550767418933,8
587.6606125626847,2
587.6645554980984,9
587.6651713819809,27
587.6694285211672,2
587.6885859903293,27
587.6919072393594,3
587.6991595867657,14
587.7167610514647,22
587.7243542095173,4
587.7252341608622,4
587.7400697927328,1
587.7633698352565,3
587.7670268800465,11
587.77196880652,1
587.7739050840222,22
587.807321644486,6
587.8104999544315,20
587.8164756156349,18
587.8245669859863,8
587.8461985909992,6
587.8491895982568,22
587.8661210469652,22
587.8739150702952,4
587.893999457493,11
587.8992856767915,5
587.9003326252473,19
587.9017714255065,1
587.9272124180412,10
587.9369980927062,12
587.9496884995932,11
587.9518646234571,1
587.954924480306,6
587.9775053953548,5
588.0107189042733,16
588.0178707401157,2
588.0320545046416,1
588.0350775241839,16
588.0496306522809,2
588.0503840723524,5
588.0556966075869,6
588.0626344498729,15
588.0988981469766,3
588.0999663460434,3
588.1037348253682,3
588.1174435889021,7
588.1234748316895,3
588.1262792511017,20
588.139747258867,3
588.1400834069333,10
588.1483504463482,12
588.1602441147385,1
588.1789226620516,16
588.183298710846,2
588.1999855869635,1
588.2078226448091,13
588.2247703806603,9
588.2270073202659,1
588.2333498540021,22
588.236018469845,5
588.2374439078674,18
588.2452332059144,9
588.2466834254034,18
588.2467420787675,13
588.2491263208603,1
588.2573347117161,2
588.2591389044858,18
588.2785542225373,23
588.2844000033762,1
588.2848336116418,13
588.3112474093589,23
588.3248977362197,1
588.3621266830439,2
588.3636670263215,3
588.378917729172,19
588.3869633978954,13
588.3972453891274,5
588.3978508116232,5
588.39847623041,1
588.4006917875421,27
588.4157049880743,3
588.4455053433567,11
588.4613253950175,19
588.4757652008846,1
588.5110014385286,1
588.5242012145106,2
588.5361159414977,1
588.5406019447763,21
588.5626068358923,6
588.5711836677067,16
588.5735731901384,5
588.573647453662,9
588.5914054636049,1
588.6005011950194,21
588.6035506884521,1
588.6136652003352,3
588.6172949264648,3
588.6235334620333,7
588.6290037836069,1
588.6302454517593,5
588.6463980920151,5
588.6503676462921,2
588.6521065368416,3
588.6586652509613,5
588.6626906154239,1
588.6641591905377,4
588.6685462672395,1
588.6880080894238,26
588.7328199177674,13
588.7399253005449,2
588.7648256558006,1
588.768281025512,4
588.7758425343302,24
588.7774261812398,24
588.7825768104551,12
588.7846704959222,4
588.7941849625443,5
588.8150533913437,28
588.8170752048301,2
588.8224001964875,9
588.8265337404754,12
588.833097398618,11
588.842324368079,3
588.8435303140301,10
588.8561795373017,3
588.8570274457552,20
588.8815807359016,1
588.8917800547638,1
588.900364617004,13
588.9103160158821,10
588.9166444096765,11
588.9166795254532,8
588.932454936493,1
588.9438405826528,9
588.955432559077,11
588.959144902288,9
588.9687266241596,3
588.9705944302515,5
589.0145482713654,1
589.0151167247118,1
589.0363904693186,2
589.0411934756461,4
589.072073858248,8
589.0835742193417,4
589.0839841790995,29
589.0885979356178,20
589.1041995727501,3
589.1077168259153,4
589.1144962918647,13
589.1238267134921,21
589.1399299154875,16
589.1401637987277,7
589.149016444621,21
589.1583114727999,1
589.1657163270747,24
589.1711140066127,2
589.1869612308969,16
589.1987588891726,3
589.2015508193274,5
589.2075210731372,15
589.2078015866996,7
589.2254851679428,2
589.2272807526601,1
589.2285580573438,5
589.2483331464399,2
589.2494483348855,15
589.2777479566097,6
589.2845139548596,1
589.2916074391912,1
589.325083182006,1
589.3365832933004,22
589.3421891667161,3
589.3561862585937,1
589.3638662157922,12
589.3938464561877,1
589.3983572532035,2
589.4020401303515,5
589.4169093476884,23
589.4207749261792,2
589.422345495975,2
589.4264253036197,9
589.4349257506308,1
589.4354698642774,1
589.4376086350682,23
589.4388967994108,3
589.4415456127268,2
589.4566988050572,1
589.467439322801,16
589.4778524314628,2
589.4868672112113,17
589.4907658196876,2
589.496265801154,10
589.5225233103897,1
589.5385142374621,3
589.5387568024522,8
589.5447621272299,6
589.5468237358717,3
589.5581496116966,4
589.5696735971617,1
589.5758943199028,2
589.5862406386593,7
589.6035985011107,6
589.6116939955183,1
589.6357196876162,4
589.6431934624494,16
589.6767683150292,2
589.6908542345559,1
589.693552566986,4
589.703691045266,10
589.7074222877703,1
589.7250307065248,16
589.750129174524,1
589.7504791146337,6
589.7687530127565,5
589.7969289408642,2
589.8232322646825,29
589.8329404427695,1
589.8377253280324,20
589.8383972283722,7
589.8452700410288,5
589.861593469114,5
589.8785889269072,5
589.898514285874,1
589.9100164772491,19
589.9115384913656,3
589.9153888588386,8
589.9265446333624,15
589.9274256331599,20
589.9372914639229,1
589.9451798552388,4
589.9506895867147,1
589.9507352316577,24
589.9521849177792,6
589.9740981299715,1
589.9761525982486,23
589.9792129859271,17
589.9868393575726,9
589.9941601436425,24
590.0039264234748,5
590.0042570177629,6
590.0249772725753,7
590.0309291337054,6
590.0359245055225,27
590.0374413076578,6
590.037803583293,1
590.0402627637477,28
590.0512703022597,7
590.0657446352601,6
590.068814275896,7
590.069349376094,16
590.070447299161,1
590.0710591901076,25
590.0917862163815,2
590.0927380379142,7
590.1069716551489,4
590.138377567333,16
590.1384127987739,8
590.1386238990607,16
590.1533879135054,2
590.1791124282215,18
590.1933916346596,4
590.2127015163168,7
590.2232260604401,2
590.2329800813292,12
590.2453198565698,2
590.2476651924123,4
590.2539726995748,11
590.268855040003,10
590.275833571759,2
590.2791283913821,1
590.2820935792363,28
590.2947959389542,24
590.2988010329242,2
590.3089133908494,10
590.3090429844694,12
590.3230104760016,3
590.32584387122,1
590.350698847452,1
590.3704173403696,6
590.3776212399889,2
590.3846309892864,13
590.3878404871703,9
590.3913850141761,1
590.4120025344863,1
590.4320160421063,9
590.4437841644999,4
590.447456682378,7
590.4511797529932,21
590.469246434947,6
590.483528364534,8
590.5189187869448,20
590.5262235981968,4
590.5285160265403,16
590.5304466665746,1
590.5534264901903,4
590.5697186848599,1
590.5834768564839,21
590.6244228666485,22
590.6303654972213,5
590.656097798675,28
590.6897618356443,4
590.6925858916677,3
590.6933818663297,1
590.7011249675966,27
590.70287631399,21
590.7183243805594,4
590.7594052139311,1
590.7729861328256,2
590.7823644488749,1
590.784411891101,27
590.7945652020277,1
590.8296770640735,11
590.837911540484,23
590.8460050805502,1
590.8481572202959,7
590.8538755191229,1
590.8573555431691,2
590.8767263708637,26
590.8836797393981,23
590.8949749853607,3
590.9031901944327,13
590.9119682833079,10
590.9326537986675,1
590.9514090172097,13
590.9515833987128,21
590.9552377676157,5
590.9644880593805,14
590.9823767081878,10
590.9971271482286,6
591.0113383300156,22
591.0430948611032,17
591.0479828025556,9
591.0751295207245,11
591.0851040496,1
591.0872970982401,8
591.1084420335168,4
591.1100584731785,17
591.1144403953449,6
591.1402357672645,2
591.1509513767286,24
591.170946450425,6
591.1906080380805,2
591.2132183885916,5
591.2147343936242,2
591.2172578994779,4
591.228345137711,24
591.2537122608354,29
591.2569548433783,6
591.2626058299427,8
591.2644087665647,14
591.3057210216238,5
591.3093013246034,1
591.3163968020973,4
591.3442198565225,2
591.3530020641996,8
591.3551352708472,1
591.3851291720913,13
591.391754011727,5
591.3965522492018,29
591.4073577569185,27
591.4258529444761,2
591.4412890579928,18
591.4457298691805,4
591.4530475606706,5
591.4911471775116,7
591.4913232288205,13
591.5110414096778,7
591.5171177287898,7
591.5171919777233,21
591.5290415895315,18
591.5321898720031,11
591.5490420973086,3
591.5557371866571,7
591.5719747650097,4
591.6340017035317,8
591.6679885295774,2
591.6956059188609,18
591.7152797747531,16
591.7398087572816,6
591.7448146939394,3
591.7497361413649,2
591.7546917535761,2
591.7710525854305,2
591.7856324870457,2
591.8019960104223,14
591.80513960785,8
591.8114329270923,9
591.8145538306206,1
591.8178146990524,16
591.8246514832454,1
591.8273724451993,14
591.8278231703085,2
591.8353611790827,28
591.8402097647438,5
591.8432414286481,1
591.9036096745326,4
591.9205528236644,23
591.9542505935908,2
591.9612683329832,27
591.9692829766096,5
591.9740306098706,18
592.031262280971,16
592.0357823483816,7
592.0365248194618,4
592.0429522789872,6
592.0522702483905,12
592.0678426574425,15
592.1221776470954,4
592.1393540263961,7
592.1412090313638,5
592.142105959251,10
592.1584430231312,4
592.2037994398391,21
592.2185895618491,5
592.2263562578121,7
592.2648719879367,25
592.2891844916298,1
592.3020402667873,4
592.3282871999852,1
592.3543208307165,6
592.3665215250305,2
592.3954334305847,9
592.4040279209752,26
592.4153094847177,1
592.4655282052328,1
592.4710640498682,11
592.4795423969977,2
592.4895436577125,2
592.4906368970408,6
592.4936289943605,3
592.5114396231518,16
592.5136453470761,2
592.5444961437352,1
592.5531602505499,15
592.5572662065255,9
592.5644928946293,3
592.6110197115596,5
592.6316582297893,2
592.6390194115579,1
592.661773404965,1
592.6627989618039,9
592.6673038843664,29
592.6993125630427,1
592.7207302757776,1
592.7260486064017,1
592.7280577849548,23
592.7417858652218,17
592.7607025514305,5
592.772379022917,13
592.8180953678034,3
592.8283140097556,18
592.8299411056402,6
592.8330298232096,14
592.8499230496049,5
592.8513767505347,12
592.8515562652368,1
592.8616797188248,16
592.9289464081756,12
592.9435691257017,27
592.9464269866648,10
593.0417820978801,12
593.0608094991842,5
593.0797648707608,16
593.0932623639472,5
593.099040059282,2
593.1090102195728,4
593.1359434910265,1
593.1499905809111,15
593.1612965094841,7
593.171632290318,4
593.1929337696965,1
593.200635063898,4
593.2160785838618,8
593.2378480381468,2
593.2437820025773,1
593.2468771738567,1
593.2567987012249,27
593.2777523391463,22
593.2791193734115,20
593.2983268119203,23
593.3013524832384,1
593.3582927600812,16
593.401327430334,2
593.4030561846139,2
593.447698664691,1
593.4555600515919,7
593.4737811123011,22
593.5340839629828,9
593.5472328278814,1
593.5571937146962,2
593.5950606701298,4
593.6100727140163,11
593.6114108492922,2
593.621040403725,1
593.660607687037,16
593.6743671515762,17
593.7103975558074,1
593.7538756969898,1
593.8082789956233,2
593.8140259232368,25
593.8157340786992,3
593.8264692840091,1
593.8300335612595,1
593.8485979829884,15
593.866245065095,18
593.8842642642528,1
593.890325245027,18
593.9154482521847,1
593.929207077566,5
593.963217900531,5
593.9676203181436,5
593.9724630701418,2
593.9756431336482,1
594.0183878909155,29
594.0260269545855,8
594.0518663640344,6
594.1082124931328,5
594.1158533281035,14
594.1326004702945,2
594.1955686980322,3
594.2049411455698,2
594.2329575569215,28
594.3023153915558,27
594.3379138657284,17
594.348597754321,2
594.3843586817068,3
594.3965001506662,16
594.4177779397655,10
594.4832449061614,2
594.5242920854846,9
594.567909582345,26
594.5760986538552,16
594.5994757589364,24
594.6237903157986,7
594.628772386846,2
594.6296062720576,2
594.6368043442716,18
594.6577683529473,7
594.6784211017625,14
594.763343713285,1
594.765059352472,1
594.766357572767,13
594.7801453935903,4
594.7894979434591,7
594.8062304641186,22
594.8361167243075,9
594.973552002017,11
594.9976076893793,6
595.0354347280012,6
595.0814575711244,1
595.2770275261676,4
595.297797283243,2
595.3500977292657,11
595.3704608378224,9
595.4133812183953,5
595.4417608241,10
595.4921566259555,13
595.5676529648379,9
595.5731979610675,4
595.5748687618828,19
595.5943422640523,10
595.6016532685132,10
595.6095133189295,7
595.7188403056194,10
595.764721522637,22
595.7782665805695,6
595.8152553517873,22
595.843532641903,4
595.8458321949404,1
595.9153873139372,4
595.9541355420819,22
595.9628698289882,18
595.998970168251,1
596.0231127765474,28
596.0371555233096,1
596.0416861978106,21
596.2196315392415,1
596.2677074239564,1
596.2785277055572,4
596.3177659159379,28
596.3196999579347,20
596.3333040110394,10
596.3961974021355,21
596.3997550119757,6
596.430185935086,1
596.5386838608979,16
596.5713786280674,3
596.5740367476349,2
596.7272989353368,21
596.758293056568,4
596.8145137717001,1
596.8361035543194,21
596.8448045032374,3
596.9152358152115,5
596.9351989618126,10
596.9528537221255,21
596.9533913378441,21
596.9682820680925,21
596.9935377602226,18
597.056084758032,10
597.0711270459147,5
597.1103993739279,3
597.1371066663031,7
597.1527773743267,25
597.1541631917481,5
597.1985167637906,9
597.2012206358343,5
597.2019794871779,1
597.2502642543731,4
597.2956627523197,1
597.3420170847655,2
597.3473602235107,2
597.37005621247,3
597.3737247815069,8
597.4261825406268,5
597.5684048092761,1
597.5859683016188,4
597.6373721025356,25
597.6793448056718,6
597.7095535992663,14
597.7748593297688,1
597.8067501789079,4
597.980621306158,28
597.9975268720628,3
598.088906317469,6
598.1053553631747,3
598.1623560146069,28
598.1753224970599,15
598.2126884008899,14
598.2687134502435,6
598.3738438964488,16
598.4370899163102,13
598.5696072983014,1
598.6711593808062,15
598.6773147937821,1
598.6851889563582,1
598.6893735119108,2
598.9406639521385,18
598.9705916107288,3
598.9763916053662,1
598.9843852356321,20
599.1335904283385,20
599.2313611750003,2
599.2391403279817,13
599.3103652318521,2
599.4308003146926,3
599.4556454449096,10
599.4695154914912,5
599.4778428395101,1
599.5262269906187,27
599.5400504758313,11
599.6139115857902,3
599.7041740638426,1
599.7048298177675,6
599.7126240043447,1
599.7519666332968,18
599.755465461876,29
599.7845872652515,10
599.796737805248,21
599.8728417194121,2
599.889906353384,1
599.9018655071881,6
599.953138692476,1
599.9957802566257,3
600.0189219258754,15
600.111951216217,9
600.1381443753261,10
600.1404236742671,13
600.1451946451622,3
600.1849880925179,3
600.2066029558123,3
600.2110065164632,6
600.3698898511178,9
600.3998422192682,3
600.4306988644419,9
600.4376954080932,24
600.502037376003,1
600.5021778011233,10
600.6090249099524,9
600.756192947906,4
600.7823108893481,1
600.801857128081,1
600.823888575196,19
600.8568379284579,1
600.8747559359631,1
601.0430627611593,17
601.0777034409315,19
601.0910831166519,1
601.1285312057765,20
601.1470638870719,9
601.1917384585399,2
601.223896875498,1
601.2405584041277,2
601.2533512701192,1
601.25612057616,11
601.2705418746592,6
601.2798585362084,2
601.3122917185722,9
601.3943556796671,9
601.5077712389117,4
601.5089442958453,5
601.5634404207539,11
601.5880640895255,23
601.6032895816546,10
601.6273906708868,16
601.809727304044,4
601.8437306566769,7
601.9315434243881,21
601.9575240072942,4
601.9587498342225,13
601.9774521174677,11
601.9780155394203,1
601.9969290838046,2
602.171522303978,2
602.1904372750422,4
602.2381639105819,20
602.3051184623063,6
602.3214056951188,9
602.3689511517443,15
602.4237913513244,1
602.4282446189263,5
602.4857841995564,5
602.5098770529773,8
602.5299744026448,9
602.5468243643778,2
602.5904750955718,16
602.6513985999665,4
602.6883859031901,1
602.6890051959793,1
602.6925514432015,26
602.7472399171622,1
602.7477176723836,12
602.8315565105072,4
602.8534942964026,8
603.0618148183464,10
603.1078767569169,6
603.1183186976722,6
603.1284184851759,4
603.1297122995848,3
603.148975902407,15
603.1523863359889,17
603.174919078583,6
603.249395712999,4
603.2592453114771,6
603.3115271027131,8
603.3903046330145,16
603.4305473767453,8
603.4358120014955,2
603.4394168001957,8
603.4490608281433,1
603.5239487969084,8
603.582549976948,2
603.5887038210217,1
603.6878241645583,2
603.6964940244237,3
603.7095575802756,5
603.7138487784817,9
603.7339276982519,3
603.8134008543753,4
603.844261759854,2
603.8458604839367,10
603.9128144593553,2
603.9128985319489,17
603.9271873735362,4
603.9823988731887,4
603.9889726944124,5
604.0527327659076,1
604.0574289322203,1
604.0728835038695,17
604.12489343958,21
604.1372643160255,4
604.1735852399479,3
604.209060270813,27
604.2147786642812,1
604.245843299501,1
604.2597335612825,1
604.270883286737,11
604.2813673058494,3
604.3453672919735,6
604.3611564015297,1
604.3627330503459,19
604.3923779130323,4
604.3957681277834,14
604.525319349081,2
604.5333055522174,2
604.6404017051074,3
604.6612218502082,19
604.6852782252213,11
604.6948948122978,9
604.7044081320503,2
604.7201478708093,27
604.7622792677446,1
604.8341432335397,12
604.8553546243128,13
604.8842315219166,3
605.0127703878103,2
605.0632515080979,20
605.0666151205002,6
605.1179026341634,11
605.176082833154,25
605.2030529792303,29
605.2077217960557,5
605.2133299768201,2
605.2221230001455,1
605.2554675491829,11
605.3493680149759,2
605.3601340067014,15
